o
v 1.1590084321834997 2.8608106125159214 3.0388293380649687
v 1.2215084321834997 2.7904985893530796 2.9607043380649687
v 1.2840084321834997 2.9389356125159214 2.9450793380649687
v 1.1590084321834997 2.8608106125159214 3.0388293380649687
v 1.2840084321834997 2.9389356125159214 2.9450793380649687
v 1.1902584321834997 2.9389356125159214 3.031017314902127
v 0.2840084321834997 2.8608106125159214 3.0388293380649687
v 0.2527584321834997 2.9389356125159214 3.031017314902127
v 0.1590084321834997 2.9389356125159214 2.9450793380649687
v 0.2840084321834997 2.8608106125159214 3.0388293380649687
v 0.1590084321834997 2.9389356125159214 2.9450793380649687
v 0.2215084321834997 2.7904985893530796 2.9607043380649687
v 1.2215084321834997 2.7904985893530796 2.9607043380649687
v 1.2683834321834997 2.7514356125159214 2.8513293380649687
v 1.3465084321834997 2.9389356125159214 2.8357043380649687
v 1.2215084321834997 2.7904985893530796 2.9607043380649687
v 1.3465084321834997 2.9389356125159214 2.8357043380649687
v 1.2840084321834997 2.9389356125159214 2.9450793380649687
v 0.2215084321834997 2.7904985893530796 2.9607043380649687
v 0.1590084321834997 2.9389356125159214 2.9450793380649687
v 0.09650843218349969 2.9389356125159214 2.8357043380649687
v 0.2215084321834997 2.7904985893530796 2.9607043380649687
v 0.09650843218349969 2.9389356125159214 2.8357043380649687
v 0.1746334321834997 2.7514356125159214 2.8513293380649687
v 1.0730704553463415 2.7279985893530796 2.9919543380649687
v 1.0730704553463415 2.6733106125159214 2.890392314902127
v 1.2683834321834997 2.7514356125159214 2.8513293380649687
v 1.0730704553463415 2.7279985893530796 2.9919543380649687
v 1.2683834321834997 2.7514356125159214 2.8513293380649687
v 1.2215084321834997 2.7904985893530796 2.9607043380649687
v 0.3699454553463415 2.7279985893530796 2.9919543380649687
v 0.2215084321834997 2.7904985893530796 2.9607043380649687
v 0.1746334321834997 2.7514356125159214 2.8513293380649687
v 0.3699454553463415 2.7279985893530796 2.9919543380649687
v 0.1746334321834997 2.7514356125159214 2.8513293380649687
v 0.3699454553463415 2.6733106125159214 2.890392314902127
v 1.0730704553463415 2.8295606125159214 3.0544543380649687
v 1.0730704553463415 2.7279985893530796 2.9919543380649687
v 1.2215084321834997 2.7904985893530796 2.9607043380649687
v 1.0730704553463415 2.8295606125159214 3.0544543380649687
v 1.2215084321834997 2.7904985893530796 2.9607043380649687
v 1.1590084321834997 2.8608106125159214 3.0388293380649687
v 0.3699454553463415 2.8295606125159214 3.0544543380649687
v 0.2840084321834997 2.8608106125159214 3.0388293380649687
v 0.2215084321834997 2.7904985893530796 2.9607043380649687
v 0.3699454553463415 2.8295606125159214 3.0544543380649687
v 0.2215084321834997 2.7904985893530796 2.9607043380649687
v 0.3699454553463415 2.7279985893530796 2.9919543380649687
v 0.9949454553463415 2.8608106125159214 3.0700793380649687
v 0.9246334321834997 2.7904985893530796 3.015392314902127
v 1.0730704553463415 2.7279985893530796 2.9919543380649687
v 0.9949454553463415 2.8608106125159214 3.0700793380649687
v 1.0730704553463415 2.7279985893530796 2.9919543380649687
v 1.0730704553463415 2.8295606125159214 3.0544543380649687
v 0.4480704553463415 2.8608106125159214 3.0700793380649687
v 0.3699454553463415 2.8295606125159214 3.0544543380649687
v 0.3699454553463415 2.7279985893530796 2.9919543380649687
v 0.4480704553463415 2.8608106125159214 3.0700793380649687
v 0.3699454553463415 2.7279985893530796 2.9919543380649687
v 0.5183834321834997 2.7904985893530796 3.015392314902127
v 0.9246334321834997 2.7904985893530796 3.015392314902127
v 0.8777584321834997 2.7514356125159214 2.921642314902127
v 1.0730704553463415 2.6733106125159214 2.890392314902127
v 0.9246334321834997 2.7904985893530796 3.015392314902127
v 1.0730704553463415 2.6733106125159214 2.890392314902127
v 1.0730704553463415 2.7279985893530796 2.9919543380649687
v 0.5183834321834997 2.7904985893530796 3.015392314902127
v 0.3699454553463415 2.7279985893530796 2.9919543380649687
v 0.3699454553463415 2.6733106125159214 2.890392314902127
v 0.5183834321834997 2.7904985893530796 3.015392314902127
v 0.3699454553463415 2.6733106125159214 2.890392314902127
v 0.5652584321834997 2.7514356125159214 2.921642314902127
v 0.8621334321834997 2.9389356125159214 3.015392314902127
v 0.7996334321834997 2.9389356125159214 2.9294543380649687
v 0.8777584321834997 2.7514356125159214 2.921642314902127
v 0.8621334321834997 2.9389356125159214 3.015392314902127
v 0.8777584321834997 2.7514356125159214 2.921642314902127
v 0.9246334321834997 2.7904985893530796 3.015392314902127
v 0.5808834321834997 2.9389356125159214 3.015392314902127
v 0.5183834321834997 2.7904985893530796 3.015392314902127
v 0.5652584321834997 2.7514356125159214 2.921642314902127
v 0.5808834321834997 2.9389356125159214 3.015392314902127
v 0.5652584321834997 2.7514356125159214 2.921642314902127
v 0.6433834321834997 2.9389356125159214 2.9294543380649687
v 0.9636954553463415 2.9389356125159214 3.0700793380649687
v 0.8621334321834997 2.9389356125159214 3.015392314902127
v 0.9246334321834997 2.7904985893530796 3.015392314902127
v 0.9636954553463415 2.9389356125159214 3.0700793380649687
v 0.9246334321834997 2.7904985893530796 3.015392314902127
v 0.9949454553463415 2.8608106125159214 3.0700793380649687
v 0.4793204553463415 2.9389356125159214 3.0700793380649687
v 0.4480704553463415 2.8608106125159214 3.0700793380649687
v 0.5183834321834997 2.7904985893530796 3.015392314902127
v 0.4793204553463415 2.9389356125159214 3.0700793380649687
v 0.5183834321834997 2.7904985893530796 3.015392314902127
v 0.5808834321834997 2.9389356125159214 3.015392314902127
v 0.9949454553463415 3.0248735893530796 3.0700793380649687
v 0.9246334321834997 3.0873735893530796 3.015392314902127
v 0.8621334321834997 2.9389356125159214 3.015392314902127
v 0.9949454553463415 3.0248735893530796 3.0700793380649687
v 0.8621334321834997 2.9389356125159214 3.015392314902127
v 0.9636954553463415 2.9389356125159214 3.0700793380649687
v 0.4480704553463415 3.0248735893530796 3.0700793380649687
v 0.4793204553463415 2.9389356125159214 3.0700793380649687
v 0.5808834321834997 2.9389356125159214 3.015392314902127
v 0.4480704553463415 3.0248735893530796 3.0700793380649687
v 0.5808834321834997 2.9389356125159214 3.015392314902127
v 0.5183834321834997 3.0873735893530796 3.015392314902127
v 0.9246334321834997 3.0873735893530796 3.015392314902127
v 0.8777584321834997 3.1342485893530796 2.921642314902127
v 0.7996334321834997 2.9389356125159214 2.9294543380649687
v 0.9246334321834997 3.0873735893530796 3.015392314902127
v 0.7996334321834997 2.9389356125159214 2.9294543380649687
v 0.8621334321834997 2.9389356125159214 3.015392314902127
v 0.5183834321834997 3.0873735893530796 3.015392314902127
v 0.5808834321834997 2.9389356125159214 3.015392314902127
v 0.6433834321834997 2.9389356125159214 2.9294543380649687
v 0.5183834321834997 3.0873735893530796 3.015392314902127
v 0.6433834321834997 2.9389356125159214 2.9294543380649687
v 0.5652584321834997 3.1342485893530796 2.921642314902127
v 1.0730704553463415 3.1498735893530796 2.9919543380649687
v 1.0730704553463415 3.2123735893530796 2.890392314902127
v 0.8777584321834997 3.1342485893530796 2.921642314902127
v 1.0730704553463415 3.1498735893530796 2.9919543380649687
v 0.8777584321834997 3.1342485893530796 2.921642314902127
v 0.9246334321834997 3.0873735893530796 3.015392314902127
v 0.3699454553463415 3.1498735893530796 2.9919543380649687
v 0.5183834321834997 3.0873735893530796 3.015392314902127
v 0.5652584321834997 3.1342485893530796 2.921642314902127
v 0.3699454553463415 3.1498735893530796 2.9919543380649687
v 0.5652584321834997 3.1342485893530796 2.921642314902127
v 0.3699454553463415 3.2123735893530796 2.890392314902127
v 1.0730704553463415 3.0561235893530796 3.0544543380649687
v 1.0730704553463415 3.1498735893530796 2.9919543380649687
v 0.9246334321834997 3.0873735893530796 3.015392314902127
v 1.0730704553463415 3.0561235893530796 3.0544543380649687
v 0.9246334321834997 3.0873735893530796 3.015392314902127
v 0.9949454553463415 3.0248735893530796 3.0700793380649687
v 0.3699454553463415 3.0561235893530796 3.0544543380649687
v 0.4480704553463415 3.0248735893530796 3.0700793380649687
v 0.5183834321834997 3.0873735893530796 3.015392314902127
v 0.3699454553463415 3.0561235893530796 3.0544543380649687
v 0.5183834321834997 3.0873735893530796 3.015392314902127
v 0.3699454553463415 3.1498735893530796 2.9919543380649687
v 1.1590084321834997 3.0248735893530796 3.0388293380649687
v 1.2215084321834997 3.0873735893530796 2.9607043380649687
v 1.0730704553463415 3.1498735893530796 2.9919543380649687
v 1.1590084321834997 3.0248735893530796 3.0388293380649687
v 1.0730704553463415 3.1498735893530796 2.9919543380649687
v 1.0730704553463415 3.0561235893530796 3.0544543380649687
v 0.2840084321834997 3.0248735893530796 3.0388293380649687
v 0.3699454553463415 3.0561235893530796 3.0544543380649687
v 0.3699454553463415 3.1498735893530796 2.9919543380649687
v 0.2840084321834997 3.0248735893530796 3.0388293380649687
v 0.3699454553463415 3.1498735893530796 2.9919543380649687
v 0.2215084321834997 3.0873735893530796 2.9607043380649687
v 1.2215084321834997 3.0873735893530796 2.9607043380649687
v 1.2683834321834997 3.1342485893530796 2.8513293380649687
v 1.0730704553463415 3.2123735893530796 2.890392314902127
v 1.2215084321834997 3.0873735893530796 2.9607043380649687
v 1.0730704553463415 3.2123735893530796 2.890392314902127
v 1.0730704553463415 3.1498735893530796 2.9919543380649687
v 0.2215084321834997 3.0873735893530796 2.9607043380649687
v 0.3699454553463415 3.1498735893530796 2.9919543380649687
v 0.3699454553463415 3.2123735893530796 2.890392314902127
v 0.2215084321834997 3.0873735893530796 2.9607043380649687
v 0.3699454553463415 3.2123735893530796 2.890392314902127
v 0.1746334321834997 3.1342485893530796 2.8513293380649687
v 1.2840084321834997 2.9389356125159214 2.9450793380649687
v 1.3465084321834997 2.9389356125159214 2.8357043380649687
v 1.2683834321834997 3.1342485893530796 2.8513293380649687
v 1.2840084321834997 2.9389356125159214 2.9450793380649687
v 1.2683834321834997 3.1342485893530796 2.8513293380649687
v 1.2215084321834997 3.0873735893530796 2.9607043380649687
v 0.1590084321834997 2.9389356125159214 2.9450793380649687
v 0.2215084321834997 3.0873735893530796 2.9607043380649687
v 0.1746334321834997 3.1342485893530796 2.8513293380649687
v 0.1590084321834997 2.9389356125159214 2.9450793380649687
v 0.1746334321834997 3.1342485893530796 2.8513293380649687
v 0.09650843218349969 2.9389356125159214 2.8357043380649687
v 1.1902584321834997 2.9389356125159214 3.031017314902127
v 1.2840084321834997 2.9389356125159214 2.9450793380649687
v 1.2215084321834997 3.0873735893530796 2.9607043380649687
v 1.1902584321834997 2.9389356125159214 3.031017314902127
v 1.2215084321834997 3.0873735893530796 2.9607043380649687
v 1.1590084321834997 3.0248735893530796 3.0388293380649687
v 0.2527584321834997 2.9389356125159214 3.031017314902127
v 0.2840084321834997 3.0248735893530796 3.0388293380649687
v 0.2215084321834997 3.0873735893530796 2.9607043380649687
v 0.2527584321834997 2.9389356125159214 3.031017314902127
v 0.2215084321834997 3.0873735893530796 2.9607043380649687
v 0.1590084321834997 2.9389356125159214 2.9450793380649687
v 1.1590084321834997 3.0248735893530796 3.0388293380649687
v 1.1668204553463415 3.0326856125159214 3.0544543380649687
v 1.1980704553463415 2.9389356125159214 3.046642314902127
v 1.1590084321834997 3.0248735893530796 3.0388293380649687
v 1.1980704553463415 2.9389356125159214 3.046642314902127
v 1.1902584321834997 2.9389356125159214 3.031017314902127
v 0.2840084321834997 3.0248735893530796 3.0388293380649687
v 0.2527584321834997 2.9389356125159214 3.031017314902127
v 0.2449454553463415 2.9389356125159214 3.046642314902127
v 0.2840084321834997 3.0248735893530796 3.0388293380649687
v 0.2449454553463415 2.9389356125159214 3.046642314902127
v 0.2761954553463415 3.0326856125159214 3.0544543380649687
v 1.0730704553463415 3.0561235893530796 3.0544543380649687
v 1.0730704553463415 3.0717485893530796 3.077892314902127
v 1.1668204553463415 3.0326856125159214 3.0544543380649687
v 1.0730704553463415 3.0561235893530796 3.0544543380649687
v 1.1668204553463415 3.0326856125159214 3.0544543380649687
v 1.1590084321834997 3.0248735893530796 3.0388293380649687
v 0.3699454553463415 3.0561235893530796 3.0544543380649687
v 0.2840084321834997 3.0248735893530796 3.0388293380649687
v 0.2761954553463415 3.0326856125159214 3.0544543380649687
v 0.3699454553463415 3.0561235893530796 3.0544543380649687
v 0.2761954553463415 3.0326856125159214 3.0544543380649687
v 0.3699454553463415 3.0717485893530796 3.077892314902127
v 0.9949454553463415 3.0248735893530796 3.0700793380649687
v 0.9871334321834997 3.0326856125159214 3.093517314902127
v 1.0730704553463415 3.0717485893530796 3.077892314902127
v 0.9949454553463415 3.0248735893530796 3.0700793380649687
v 1.0730704553463415 3.0717485893530796 3.077892314902127
v 1.0730704553463415 3.0561235893530796 3.0544543380649687
v 0.4480704553463415 3.0248735893530796 3.0700793380649687
v 0.3699454553463415 3.0561235893530796 3.0544543380649687
v 0.3699454553463415 3.0717485893530796 3.077892314902127
v 0.4480704553463415 3.0248735893530796 3.0700793380649687
v 0.3699454553463415 3.0717485893530796 3.077892314902127
v 0.4558834321834997 3.0326856125159214 3.093517314902127
v 0.9636954553463415 2.9389356125159214 3.0700793380649687
v 0.9480704553463415 2.9389356125159214 3.093517314902127
v 0.9871334321834997 3.0326856125159214 3.093517314902127
v 0.9636954553463415 2.9389356125159214 3.0700793380649687
v 0.9871334321834997 3.0326856125159214 3.093517314902127
v 0.9949454553463415 3.0248735893530796 3.0700793380649687
v 0.4793204553463415 2.9389356125159214 3.0700793380649687
v 0.4480704553463415 3.0248735893530796 3.0700793380649687
v 0.4558834321834997 3.0326856125159214 3.093517314902127
v 0.4793204553463415 2.9389356125159214 3.0700793380649687
v 0.4558834321834997 3.0326856125159214 3.093517314902127
v 0.4949454553463415 2.9389356125159214 3.093517314902127
v 0.9949454553463415 2.8608106125159214 3.0700793380649687
v 0.9871334321834997 2.8529985893530796 3.093517314902127
v 0.9480704553463415 2.9389356125159214 3.093517314902127
v 0.9949454553463415 2.8608106125159214 3.0700793380649687
v 0.9480704553463415 2.9389356125159214 3.093517314902127
v 0.9636954553463415 2.9389356125159214 3.0700793380649687
v 0.4480704553463415 2.8608106125159214 3.0700793380649687
v 0.4793204553463415 2.9389356125159214 3.0700793380649687
v 0.4949454553463415 2.9389356125159214 3.093517314902127
v 0.4480704553463415 2.8608106125159214 3.0700793380649687
v 0.4949454553463415 2.9389356125159214 3.093517314902127
v 0.4558834321834997 2.8529985893530796 3.093517314902127
v 1.0730704553463415 2.8295606125159214 3.0544543380649687
v 1.0730704553463415 2.8139356125159214 3.077892314902127
v 0.9871334321834997 2.8529985893530796 3.093517314902127
v 1.0730704553463415 2.8295606125159214 3.0544543380649687
v 0.9871334321834997 2.8529985893530796 3.093517314902127
v 0.9949454553463415 2.8608106125159214 3.0700793380649687
v 0.3699454553463415 2.8295606125159214 3.0544543380649687
v 0.4480704553463415 2.8608106125159214 3.0700793380649687
v 0.4558834321834997 2.8529985893530796 3.093517314902127
v 0.3699454553463415 2.8295606125159214 3.0544543380649687
v 0.4558834321834997 2.8529985893530796 3.093517314902127
v 0.3699454553463415 2.8139356125159214 3.077892314902127
v 1.1590084321834997 2.8608106125159214 3.0388293380649687
v 1.1668204553463415 2.8529985893530796 3.0544543380649687
v 1.0730704553463415 2.8139356125159214 3.077892314902127
v 1.1590084321834997 2.8608106125159214 3.0388293380649687
v 1.0730704553463415 2.8139356125159214 3.077892314902127
v 1.0730704553463415 2.8295606125159214 3.0544543380649687
v 0.2840084321834997 2.8608106125159214 3.0388293380649687
v 0.3699454553463415 2.8295606125159214 3.0544543380649687
v 0.3699454553463415 2.8139356125159214 3.077892314902127
v 0.2840084321834997 2.8608106125159214 3.0388293380649687
v 0.3699454553463415 2.8139356125159214 3.077892314902127
v 0.2761954553463415 2.8529985893530796 3.0544543380649687
v 1.1902584321834997 2.9389356125159214 3.031017314902127
v 1.1980704553463415 2.9389356125159214 3.046642314902127
v 1.1668204553463415 2.8529985893530796 3.0544543380649687
v 1.1902584321834997 2.9389356125159214 3.031017314902127
v 1.1668204553463415 2.8529985893530796 3.0544543380649687
v 1.1590084321834997 2.8608106125159214 3.0388293380649687
v 0.2527584321834997 2.9389356125159214 3.031017314902127
v 0.2840084321834997 2.8608106125159214 3.0388293380649687
v 0.2761954553463415 2.8529985893530796 3.0544543380649687
v 0.2527584321834997 2.9389356125159214 3.031017314902127
v 0.2761954553463415 2.8529985893530796 3.0544543380649687
v 0.2449454553463415 2.9389356125159214 3.046642314902127
v 1.1668204553463415 2.8529985893530796 3.0544543380649687
v 1.1980704553463415 2.9389356125159214 3.046642314902127
v 1.0730704553463415 2.9389356125159214 3.1013293380649687
v 0.2761954553463415 2.8529985893530796 3.0544543380649687
v 0.3699454553463415 2.9389356125159214 3.1013293380649687
v 0.2449454553463415 2.9389356125159214 3.046642314902127
v 1.1668204553463415 2.8529985893530796 3.0544543380649687
v 1.0730704553463415 2.9389356125159214 3.1013293380649687
v 1.0730704553463415 2.8139356125159214 3.077892314902127
v 0.2761954553463415 2.8529985893530796 3.0544543380649687
v 0.3699454553463415 2.8139356125159214 3.077892314902127
v 0.3699454553463415 2.9389356125159214 3.1013293380649687
v 0.9871334321834997 2.8529985893530796 3.093517314902127
v 1.0730704553463415 2.8139356125159214 3.077892314902127
v 1.0730704553463415 2.9389356125159214 3.1013293380649687
v 0.4558834321834997 2.8529985893530796 3.093517314902127
v 0.3699454553463415 2.9389356125159214 3.1013293380649687
v 0.3699454553463415 2.8139356125159214 3.077892314902127
v 0.9480704553463415 2.9389356125159214 3.093517314902127
v 0.9871334321834997 2.8529985893530796 3.093517314902127
v 1.0730704553463415 2.9389356125159214 3.1013293380649687
v 0.4949454553463415 2.9389356125159214 3.093517314902127
v 0.3699454553463415 2.9389356125159214 3.1013293380649687
v 0.4558834321834997 2.8529985893530796 3.093517314902127
v 0.9871334321834997 3.0326856125159214 3.093517314902127
v 0.9480704553463415 2.9389356125159214 3.093517314902127
v 1.0730704553463415 2.9389356125159214 3.1013293380649687
v 0.4558834321834997 3.0326856125159214 3.093517314902127
v 0.3699454553463415 2.9389356125159214 3.1013293380649687
v 0.4949454553463415 2.9389356125159214 3.093517314902127
v 1.0730704553463415 3.0717485893530796 3.077892314902127
v 0.9871334321834997 3.0326856125159214 3.093517314902127
v 1.0730704553463415 2.9389356125159214 3.1013293380649687
v 0.3699454553463415 3.0717485893530796 3.077892314902127
v 0.3699454553463415 2.9389356125159214 3.1013293380649687
v 0.4558834321834997 3.0326856125159214 3.093517314902127
v 1.1668204553463415 3.0326856125159214 3.0544543380649687
v 1.0730704553463415 3.0717485893530796 3.077892314902127
v 1.0730704553463415 2.9389356125159214 3.1013293380649687
v 0.2761954553463415 3.0326856125159214 3.0544543380649687
v 0.3699454553463415 2.9389356125159214 3.1013293380649687
v 0.3699454553463415 3.0717485893530796 3.077892314902127
v 1.1980704553463415 2.9389356125159214 3.046642314902127
v 1.1668204553463415 3.0326856125159214 3.0544543380649687
v 1.0730704553463415 2.9389356125159214 3.1013293380649687
v 0.2449454553463415 2.9389356125159214 3.046642314902127
v 0.3699454553463415 2.9389356125159214 3.1013293380649687
v 0.2761954553463415 3.0326856125159214 3.0544543380649687
v 0.8855704553463415 1.7670606125159216 2.906017314902127
v 0.7215084321834997 1.7514356125159216 2.9138293380649687
v 0.7215084321834997 1.7123736191554022 2.8513293380649687
v 0.8855704553463415 1.7670606125159216 2.906017314902127
v 0.7215084321834997 1.7123736191554022 2.8513293380649687
v 0.9011954553463415 1.7279986191554022 2.827892314902127
v 0.5574454553463415 1.7670606125159216 2.906017314902127
v 0.5418204553463415 1.7279986191554022 2.827892314902127
v 0.7215084321834997 1.7123736191554022 2.8513293380649687
v 0.5574454553463415 1.7670606125159216 2.906017314902127
v 0.7215084321834997 1.7123736191554022 2.8513293380649687
v 0.7215084321834997 1.7514356125159216 2.9138293380649687
v 0.9558834321834997 1.7826856125159216 2.906017314902127
v 0.8855704553463415 1.7670606125159216 2.906017314902127
v 0.9011954553463415 1.7279986191554022 2.827892314902127
v 0.9558834321834997 1.7826856125159216 2.906017314902127
v 0.9011954553463415 1.7279986191554022 2.827892314902127
v 1.0496334321834997 1.7514356125159216 2.796642314902127
v 0.4871334321834997 1.7826856125159216 2.906017314902127
v 0.3933834321834997 1.7514356125159216 2.796642314902127
v 0.5418204553463415 1.7279986191554022 2.827892314902127
v 0.4871334321834997 1.7826856125159216 2.906017314902127
v 0.5418204553463415 1.7279986191554022 2.827892314902127
v 0.5574454553463415 1.7670606125159216 2.906017314902127
v 0.9871334321834997 1.8764356125159216 2.937267314902127
v 0.9558834321834997 1.7826856125159216 2.906017314902127
v 1.0496334321834997 1.7514356125159216 2.796642314902127
v 0.9871334321834997 1.8764356125159216 2.937267314902127
v 1.0496334321834997 1.7514356125159216 2.796642314902127
v 1.0886954553463415 1.8061236191554022 2.8044543380649687
v 0.4558834321834997 1.8764356125159216 2.937267314902127
v 0.3543204553463415 1.8061236191554022 2.8044543380649687
v 0.3933834321834997 1.7514356125159216 2.796642314902127
v 0.4558834321834997 1.8764356125159216 2.937267314902127
v 0.3933834321834997 1.7514356125159216 2.796642314902127
v 0.4871334321834997 1.7826856125159216 2.906017314902127
v 0.9715084321834997 1.9936235893530798 2.9607043380649687
v 0.9871334321834997 1.8764356125159216 2.937267314902127
v 1.0886954553463415 1.8061236191554022 2.8044543380649687
v 0.9715084321834997 1.9936235893530798 2.9607043380649687
v 1.0886954553463415 1.8061236191554022 2.8044543380649687
v 1.0730704553463415 2.0014356125159214 2.843517314902127
v 0.4715084321834997 1.9936235893530798 2.9607043380649687
v 0.3699454553463415 2.0014356125159214 2.843517314902127
v 0.3543204553463415 1.8061236191554022 2.8044543380649687
v 0.4715084321834997 1.9936235893530798 2.9607043380649687
v 0.3543204553463415 1.8061236191554022 2.8044543380649687
v 0.4558834321834997 1.8764356125159216 2.937267314902127
v 0.9324454553463415 2.2514356125159214 2.984142314902127
v 0.9715084321834997 1.9936235893530798 2.9607043380649687
v 1.0730704553463415 2.0014356125159214 2.843517314902127
v 0.9324454553463415 2.2514356125159214 2.984142314902127
v 1.0730704553463415 2.0014356125159214 2.843517314902127
v 1.0340084321834997 2.2592485893530796 2.843517314902127
v 0.5105704553463415 2.2514356125159214 2.984142314902127
v 0.4090084321834997 2.2592485893530796 2.843517314902127
v 0.3699454553463415 2.0014356125159214 2.843517314902127
v 0.5105704553463415 2.2514356125159214 2.984142314902127
v 0.3699454553463415 2.0014356125159214 2.843517314902127
v 0.4715084321834997 1.9936235893530798 2.9607043380649687
v 1.1590084321834997 2.5561235893530796 2.8044543380649687
v 1.1199454553463415 2.6498735893530796 2.9450793380649687
v 0.8465084321834997 2.5951856125159214 3.0857043380649687
v 1.1590084321834997 2.5561235893530796 2.8044543380649687
v 0.8465084321834997 2.5951856125159214 3.0857043380649687
v 0.9246334321834997 2.5092485893530796 2.8357043380649687
v 0.2840084321834997 2.5561235893530796 2.8044543380649687
v 0.5183834321834997 2.5092485893530796 2.8357043380649687
v 0.5965084321834997 2.5951856125159214 3.0857043380649687
v 0.2840084321834997 2.5561235893530796 2.8044543380649687
v 0.5965084321834997 2.5951856125159214 3.0857043380649687
v 0.3230704553463415 2.6498735893530796 2.9450793380649687
v 1.354320336137052 2.6576856125159214 2.812267314902127
v 1.338695336137052 2.7514356125159214 2.8982043380649687
v 1.1199454553463415 2.6498735893530796 2.9450793380649687
v 1.354320336137052 2.6576856125159214 2.812267314902127
v 1.1199454553463415 2.6498735893530796 2.9450793380649687
v 1.1590084321834997 2.5561235893530796 2.8044543380649687
v 0.08869545534634149 2.6576856125159214 2.812267314902127
v 0.2840084321834997 2.5561235893530796 2.8044543380649687
v 0.3230704553463415 2.6498735893530796 2.9450793380649687
v 0.08869545534634149 2.6576856125159214 2.812267314902127
v 0.3230704553463415 2.6498735893530796 2.9450793380649687
v 0.10432045534634149 2.7514356125159214 2.8982043380649687
v 1.5496334321834997 2.8451856125159214 2.718517314902127
v 1.448070336137052 2.8998735893530796 2.874767314902127
v 1.338695336137052 2.7514356125159214 2.8982043380649687
v 1.5496334321834997 2.8451856125159214 2.718517314902127
v 1.338695336137052 2.7514356125159214 2.8982043380649687
v 1.354320336137052 2.6576856125159214 2.812267314902127
v -0.10661656781650031 2.8451856125159214 2.718517314902127
v 0.08869545534634149 2.6576856125159214 2.812267314902127
v 0.10432045534634149 2.7514356125159214 2.8982043380649687
v -0.10661656781650031 2.8451856125159214 2.718517314902127
v 0.10432045534634149 2.7514356125159214 2.8982043380649687
v -0.00505454465365851 2.8998735893530796 2.874767314902127
v 1.5808834321834997 3.1264356125159214 2.8669543380649687
v 1.463695336137052 3.0717485893530796 2.9294543380649687
v 1.448070336137052 2.8998735893530796 2.874767314902127
v 1.5808834321834997 3.1264356125159214 2.8669543380649687
v 1.448070336137052 2.8998735893530796 2.874767314902127
v 1.5496334321834997 2.8451856125159214 2.718517314902127
v -0.1378665678165003 3.1264356125159214 2.8669543380649687
v -0.10661656781650031 2.8451856125159214 2.718517314902127
v -0.00505454465365851 2.8998735893530796 2.874767314902127
v -0.1378665678165003 3.1264356125159214 2.8669543380649687
v -0.00505454465365851 2.8998735893530796 2.874767314902127
v -0.02067954465365851 3.0717485893530796 2.9294543380649687
v 1.432445336137052 3.1811235893530796 2.8982043380649687
v 1.4090084321834997 3.1108106125159214 2.999767314902127
v 1.463695336137052 3.0717485893530796 2.9294543380649687
v 1.432445336137052 3.1811235893530796 2.8982043380649687
v 1.463695336137052 3.0717485893530796 2.9294543380649687
v 1.5808834321834997 3.1264356125159214 2.8669543380649687
v 0.01057045534634149 3.1811235893530796 2.8982043380649687
v -0.1378665678165003 3.1264356125159214 2.8669543380649687
v -0.02067954465365851 3.0717485893530796 2.9294543380649687
v 0.01057045534634149 3.1811235893530796 2.8982043380649687
v -0.02067954465365851 3.0717485893530796 2.9294543380649687
v 0.03400843218349969 3.1108106125159214 2.999767314902127
v 1.2136954553463415 3.2983106125159214 2.9607043380649687
v 1.1590084321834997 3.2436235893530796 3.0700793380649687
v 1.4090084321834997 3.1108106125159214 2.999767314902127
v 1.2136954553463415 3.2983106125159214 2.9607043380649687
v 1.4090084321834997 3.1108106125159214 2.999767314902127
v 1.432445336137052 3.1811235893530796 2.8982043380649687
v 0.2293204553463415 3.2983106125159214 2.9607043380649687
v 0.01057045534634149 3.1811235893530796 2.8982043380649687
v 0.03400843218349969 3.1108106125159214 2.999767314902127
v 0.2293204553463415 3.2983106125159214 2.9607043380649687
v 0.03400843218349969 3.1108106125159214 2.999767314902127
v 0.2840084321834997 3.2436235893530796 3.0700793380649687
v 1.0418204553463415 3.454560493306632 3.0075793380649687
v 1.0340084321834997 3.3373735893530796 3.109142314902127
v 1.1590084321834997 3.2436235893530796 3.0700793380649687
v 1.0418204553463415 3.454560493306632 3.0075793380649687
v 1.1590084321834997 3.2436235893530796 3.0700793380649687
v 1.2136954553463415 3.2983106125159214 2.9607043380649687
v 0.4011954553463415 3.454560493306632 3.0075793380649687
v 0.2293204553463415 3.2983106125159214 2.9607043380649687
v 0.2840084321834997 3.2436235893530796 3.0700793380649687
v 0.4011954553463415 3.454560493306632 3.0075793380649687
v 0.2840084321834997 3.2436235893530796 3.0700793380649687
v 0.4090084321834997 3.3373735893530796 3.109142314902127
v 0.8777584321834997 3.4154985893530796 3.031017314902127
v 0.9246334321834997 3.3139356125159214 3.124767314902127
v 1.0340084321834997 3.3373735893530796 3.109142314902127
v 0.8777584321834997 3.4154985893530796 3.031017314902127
v 1.0340084321834997 3.3373735893530796 3.109142314902127
v 1.0418204553463415 3.454560493306632 3.0075793380649687
v 0.5652584321834997 3.4154985893530796 3.031017314902127
v 0.4011954553463415 3.454560493306632 3.0075793380649687
v 0.4090084321834997 3.3373735893530796 3.109142314902127
v 0.5652584321834997 3.4154985893530796 3.031017314902127
v 0.4090084321834997 3.3373735893530796 3.109142314902127
v 0.5183834321834997 3.3139356125159214 3.124767314902127
v 0.7840084321834997 3.1889356125159214 3.0232043380649687
v 0.8230704553463415 3.1264356125159214 3.1169543380649687
v 0.9246334321834997 3.3139356125159214 3.124767314902127
v 0.7840084321834997 3.1889356125159214 3.0232043380649687
v 0.9246334321834997 3.3139356125159214 3.124767314902127
v 0.8777584321834997 3.4154985893530796 3.031017314902127
v 0.6590084321834997 3.1889356125159214 3.0232043380649687
v 0.5652584321834997 3.4154985893530796 3.031017314902127
v 0.5183834321834997 3.3139356125159214 3.124767314902127
v 0.6590084321834997 3.1889356125159214 3.0232043380649687
v 0.5183834321834997 3.3139356125159214 3.124767314902127
v 0.6199454553463415 3.1264356125159214 3.1169543380649687
v 0.7215084321834997 3.1264356125159214 3.015392314902127
v 0.7215084321834997 3.0483106125159214 3.093517314902127
v 0.8230704553463415 3.1264356125159214 3.1169543380649687
v 0.7215084321834997 3.1264356125159214 3.015392314902127
v 0.8230704553463415 3.1264356125159214 3.1169543380649687
v 0.7840084321834997 3.1889356125159214 3.0232043380649687
v 0.7215084321834997 3.1264356125159214 3.015392314902127
v 0.6590084321834997 3.1889356125159214 3.0232043380649687
v 0.6199454553463415 3.1264356125159214 3.1169543380649687
v 0.7215084321834997 3.1264356125159214 3.015392314902127
v 0.6199454553463415 3.1264356125159214 3.1169543380649687
v 0.7215084321834997 3.0483106125159214 3.093517314902127
v 0.9715084321834997 3.1654985893530796 3.031017314902127
v 0.9246334321834997 3.3139356125159214 3.124767314902127
v 0.8230704553463415 3.1264356125159214 3.1169543380649687
v 0.9715084321834997 3.1654985893530796 3.031017314902127
v 0.8230704553463415 3.1264356125159214 3.1169543380649687
v 0.8855704553463415 3.1108106125159214 3.046642314902127
v 0.4715084321834997 3.1654985893530796 3.031017314902127
v 0.5574454553463415 3.1108106125159214 3.046642314902127
v 0.6199454553463415 3.1264356125159214 3.1169543380649687
v 0.4715084321834997 3.1654985893530796 3.031017314902127
v 0.6199454553463415 3.1264356125159214 3.1169543380649687
v 0.5183834321834997 3.3139356125159214 3.124767314902127
v 1.0496334321834997 3.1733106125159214 3.015392314902127
v 1.0340084321834997 3.3373735893530796 3.109142314902127
v 0.9246334321834997 3.3139356125159214 3.124767314902127
v 1.0496334321834997 3.1733106125159214 3.015392314902127
v 0.9246334321834997 3.3139356125159214 3.124767314902127
v 0.9715084321834997 3.1654985893530796 3.031017314902127
v 0.3933834321834997 3.1733106125159214 3.015392314902127
v 0.4715084321834997 3.1654985893530796 3.031017314902127
v 0.5183834321834997 3.3139356125159214 3.124767314902127
v 0.3933834321834997 3.1733106125159214 3.015392314902127
v 0.5183834321834997 3.3139356125159214 3.124767314902127
v 0.4090084321834997 3.3373735893530796 3.109142314902127
v 1.1590084321834997 3.2436235893530796 3.0700793380649687
v 1.0340084321834997 3.3373735893530796 3.109142314902127
v 1.0496334321834997 3.1733106125159214 3.015392314902127
v 1.1590084321834997 3.2436235893530796 3.0700793380649687
v 1.0496334321834997 3.1733106125159214 3.015392314902127
v 1.1511954553463415 3.1342485893530796 2.9919543380649687
v 0.2840084321834997 3.2436235893530796 3.0700793380649687
v 0.2918204553463415 3.1342485893530796 2.9919543380649687
v 0.3933834321834997 3.1733106125159214 3.015392314902127
v 0.2840084321834997 3.2436235893530796 3.0700793380649687
v 0.3933834321834997 3.1733106125159214 3.015392314902127
v 0.4090084321834997 3.3373735893530796 3.109142314902127
v 1.4090084321834997 3.1108106125159214 2.999767314902127
v 1.1590084321834997 3.2436235893530796 3.0700793380649687
v 1.1511954553463415 3.1342485893530796 2.9919543380649687
v 1.4090084321834997 3.1108106125159214 2.999767314902127
v 1.1511954553463415 3.1342485893530796 2.9919543380649687
v 1.323070336137052 3.0717485893530796 2.937267314902127
v 0.03400843218349969 3.1108106125159214 2.999767314902127
v 0.11994545534634149 3.0717485893530796 2.937267314902127
v 0.2918204553463415 3.1342485893530796 2.9919543380649687
v 0.03400843218349969 3.1108106125159214 2.999767314902127
v 0.2918204553463415 3.1342485893530796 2.9919543380649687
v 0.2840084321834997 3.2436235893530796 3.0700793380649687
v 1.463695336137052 3.0717485893530796 2.9294543380649687
v 1.4090084321834997 3.1108106125159214 2.999767314902127
v 1.323070336137052 3.0717485893530796 2.937267314902127
v 1.463695336137052 3.0717485893530796 2.9294543380649687
v 1.323070336137052 3.0717485893530796 2.937267314902127
v 1.3621334321834997 2.9936235893530796 2.921642314902127
v -0.02067954465365851 3.0717485893530796 2.9294543380649687
v 0.08088343218349969 2.9936235893530796 2.921642314902127
v 0.11994545534634149 3.0717485893530796 2.937267314902127
v -0.02067954465365851 3.0717485893530796 2.9294543380649687
v 0.11994545534634149 3.0717485893530796 2.937267314902127
v 0.03400843218349969 3.1108106125159214 2.999767314902127
v 1.448070336137052 2.8998735893530796 2.874767314902127
v 1.463695336137052 3.0717485893530796 2.9294543380649687
v 1.3621334321834997 2.9936235893530796 2.921642314902127
v 1.448070336137052 2.8998735893530796 2.874767314902127
v 1.3621334321834997 2.9936235893530796 2.921642314902127
v 1.3465084321834997 2.8842485893530796 2.921642314902127
v -0.00505454465365851 2.8998735893530796 2.874767314902127
v 0.09650843218349969 2.8842485893530796 2.921642314902127
v 0.08088343218349969 2.9936235893530796 2.921642314902127
v -0.00505454465365851 2.8998735893530796 2.874767314902127
v 0.08088343218349969 2.9936235893530796 2.921642314902127
v -0.02067954465365851 3.0717485893530796 2.9294543380649687
v 1.338695336137052 2.7514356125159214 2.8982043380649687
v 1.448070336137052 2.8998735893530796 2.874767314902127
v 1.3465084321834997 2.8842485893530796 2.921642314902127
v 1.338695336137052 2.7514356125159214 2.8982043380649687
v 1.3465084321834997 2.8842485893530796 2.921642314902127
v 1.2136954553463415 2.7592485893530796 2.9450793380649687
v 0.10432045534634149 2.7514356125159214 2.8982043380649687
v 0.2293204553463415 2.7592485893530796 2.9450793380649687
v 0.09650843218349969 2.8842485893530796 2.921642314902127
v 0.10432045534634149 2.7514356125159214 2.8982043380649687
v 0.09650843218349969 2.8842485893530796 2.921642314902127
v -0.00505454465365851 2.8998735893530796 2.874767314902127
v 1.1199454553463415 2.6498735893530796 2.9450793380649687
v 1.338695336137052 2.7514356125159214 2.8982043380649687
v 1.2136954553463415 2.7592485893530796 2.9450793380649687
v 1.1199454553463415 2.6498735893530796 2.9450793380649687
v 1.2136954553463415 2.7592485893530796 2.9450793380649687
v 1.0965084321834997 2.7123735893530796 2.9763293380649687
v 0.3230704553463415 2.6498735893530796 2.9450793380649687
v 0.3465084321834997 2.7123735893530796 2.9763293380649687
v 0.2293204553463415 2.7592485893530796 2.9450793380649687
v 0.3230704553463415 2.6498735893530796 2.9450793380649687
v 0.2293204553463415 2.7592485893530796 2.9450793380649687
v 0.10432045534634149 2.7514356125159214 2.8982043380649687
v 0.8465084321834997 2.5951856125159214 3.0857043380649687
v 1.1199454553463415 2.6498735893530796 2.9450793380649687
v 1.0965084321834997 2.7123735893530796 2.9763293380649687
v 0.8465084321834997 2.5951856125159214 3.0857043380649687
v 1.0965084321834997 2.7123735893530796 2.9763293380649687
v 0.9246334321834997 2.7904985893530796 3.015392314902127
v 0.5965084321834997 2.5951856125159214 3.0857043380649687
v 0.5183834321834997 2.7904985893530796 3.015392314902127
v 0.3465084321834997 2.7123735893530796 2.9763293380649687
v 0.5965084321834997 2.5951856125159214 3.0857043380649687
v 0.3465084321834997 2.7123735893530796 2.9763293380649687
v 0.3230704553463415 2.6498735893530796 2.9450793380649687
v 0.8855704553463415 2.8373735893530796 3.0232043380649687
v 0.7215084321834997 2.7436235893530796 2.999767314902127
v 0.8465084321834997 2.5951856125159214 3.0857043380649687
v 0.8855704553463415 2.8373735893530796 3.0232043380649687
v 0.8465084321834997 2.5951856125159214 3.0857043380649687
v 0.9246334321834997 2.7904985893530796 3.015392314902127
v 0.5574454553463415 2.8373735893530796 3.0232043380649687
v 0.5183834321834997 2.7904985893530796 3.015392314902127
v 0.5965084321834997 2.5951856125159214 3.0857043380649687
v 0.5574454553463415 2.8373735893530796 3.0232043380649687
v 0.5965084321834997 2.5951856125159214 3.0857043380649687
v 0.7215084321834997 2.7436235893530796 2.999767314902127
v 0.8230704553463415 3.1264356125159214 3.1169543380649687
v 0.7215084321834997 3.0483106125159214 3.093517314902127
v 0.8465084321834997 3.0014356125159214 3.0388293380649687
v 0.8230704553463415 3.1264356125159214 3.1169543380649687
v 0.8465084321834997 3.0014356125159214 3.0388293380649687
v 0.8855704553463415 3.1108106125159214 3.046642314902127
v 0.6199454553463415 3.1264356125159214 3.1169543380649687
v 0.5574454553463415 3.1108106125159214 3.046642314902127
v 0.5965084321834997 3.0014356125159214 3.0388293380649687
v 0.6199454553463415 3.1264356125159214 3.1169543380649687
v 0.5965084321834997 3.0014356125159214 3.0388293380649687
v 0.7215084321834997 3.0483106125159214 3.093517314902127
v 0.7215084321834997 3.0483106125159214 3.093517314902127
v 0.7215084321834997 2.9076856125159214 3.0388293380649687
v 0.8543204553463415 2.9076856125159214 3.031017314902127
v 0.7215084321834997 3.0483106125159214 3.093517314902127
v 0.8543204553463415 2.9076856125159214 3.031017314902127
v 0.8465084321834997 3.0014356125159214 3.0388293380649687
v 0.7215084321834997 3.0483106125159214 3.093517314902127
v 0.5965084321834997 3.0014356125159214 3.0388293380649687
v 0.5886954553463415 2.9076856125159214 3.031017314902127
v 0.7215084321834997 3.0483106125159214 3.093517314902127
v 0.5886954553463415 2.9076856125159214 3.031017314902127
v 0.7215084321834997 2.9076856125159214 3.0388293380649687
v 0.8855704553463415 2.8373735893530796 3.0232043380649687
v 0.8543204553463415 2.9076856125159214 3.031017314902127
v 0.7215084321834997 2.9076856125159214 3.0388293380649687
v 0.8855704553463415 2.8373735893530796 3.0232043380649687
v 0.7215084321834997 2.9076856125159214 3.0388293380649687
v 0.7215084321834997 2.7436235893530796 2.999767314902127
v 0.5574454553463415 2.8373735893530796 3.0232043380649687
v 0.7215084321834997 2.7436235893530796 2.999767314902127
v 0.7215084321834997 2.9076856125159214 3.0388293380649687
v 0.5574454553463415 2.8373735893530796 3.0232043380649687
v 0.7215084321834997 2.9076856125159214 3.0388293380649687
v 0.5886954553463415 2.9076856125159214 3.031017314902127
v 0.7215084321834997 1.8061236191554022 2.9607043380649687
v 0.7215084321834997 1.7514356125159216 2.9138293380649687
v 0.8855704553463415 1.7670606125159216 2.906017314902127
v 0.7215084321834997 1.8061236191554022 2.9607043380649687
v 0.8855704553463415 1.7670606125159216 2.906017314902127
v 0.7840084321834997 1.8139356125159216 2.968517314902127
v 0.7215084321834997 1.8061236191554022 2.9607043380649687
v 0.6590084321834997 1.8139356125159216 2.968517314902127
v 0.5574454553463415 1.7670606125159216 2.906017314902127
v 0.7215084321834997 1.8061236191554022 2.9607043380649687
v 0.5574454553463415 1.7670606125159216 2.906017314902127
v 0.7215084321834997 1.7514356125159216 2.9138293380649687
v 0.7840084321834997 1.8139356125159216 2.968517314902127
v 0.8855704553463415 1.7670606125159216 2.906017314902127
v 0.9558834321834997 1.7826856125159216 2.906017314902127
v 0.7840084321834997 1.8139356125159216 2.968517314902127
v 0.9558834321834997 1.7826856125159216 2.906017314902127
v 0.8386954553463415 1.8608106125159216 2.984142314902127
v 0.6590084321834997 1.8139356125159216 2.968517314902127
v 0.6043204553463415 1.8608106125159216 2.984142314902127
v 0.4871334321834997 1.7826856125159216 2.906017314902127
v 0.6590084321834997 1.8139356125159216 2.968517314902127
v 0.4871334321834997 1.7826856125159216 2.906017314902127
v 0.5574454553463415 1.7670606125159216 2.906017314902127
v 0.8386954553463415 1.8608106125159216 2.984142314902127
v 0.9558834321834997 1.7826856125159216 2.906017314902127
v 0.9871334321834997 1.8764356125159216 2.937267314902127
v 0.8386954553463415 1.8608106125159216 2.984142314902127
v 0.9871334321834997 1.8764356125159216 2.937267314902127
v 0.8308834321834997 1.9779985893530798 3.0075793380649687
v 0.6043204553463415 1.8608106125159216 2.984142314902127
v 0.6121334321834997 1.9779985893530798 3.0075793380649687
v 0.4558834321834997 1.8764356125159216 2.937267314902127
v 0.6043204553463415 1.8608106125159216 2.984142314902127
v 0.4558834321834997 1.8764356125159216 2.937267314902127
v 0.4871334321834997 1.7826856125159216 2.906017314902127
v 0.7996334321834997 2.2514356125159214 3.0232043380649687
v 0.8386954553463415 2.0092485893530796 3.0075793380649687
v 0.9715084321834997 1.9936235893530798 2.9607043380649687
v 0.7996334321834997 2.2514356125159214 3.0232043380649687
v 0.9715084321834997 1.9936235893530798 2.9607043380649687
v 0.9324454553463415 2.2514356125159214 2.984142314902127
v 0.6433834321834997 2.2514356125159214 3.0232043380649687
v 0.5105704553463415 2.2514356125159214 2.984142314902127
v 0.4715084321834997 1.9936235893530798 2.9607043380649687
v 0.6433834321834997 2.2514356125159214 3.0232043380649687
v 0.4715084321834997 1.9936235893530798 2.9607043380649687
v 0.6043204553463415 2.0092485893530796 3.0075793380649687
v 0.9871334321834997 1.8764356125159216 2.937267314902127
v 0.9715084321834997 1.9936235893530798 2.9607043380649687
v 0.8386954553463415 2.0092485893530796 3.0075793380649687
v 0.9871334321834997 1.8764356125159216 2.937267314902127
v 0.8386954553463415 2.0092485893530796 3.0075793380649687
v 0.8308834321834997 1.9779985893530798 3.0075793380649687
v 0.4558834321834997 1.8764356125159216 2.937267314902127
v 0.6121334321834997 1.9779985893530798 3.0075793380649687
v 0.6043204553463415 2.0092485893530796 3.0075793380649687
v 0.4558834321834997 1.8764356125159216 2.937267314902127
v 0.6043204553463415 2.0092485893530796 3.0075793380649687
v 0.4715084321834997 1.9936235893530798 2.9607043380649687
v 0.7215084321834997 2.3686235893530796 3.015392314902127
v 0.7215084321834997 2.2514356125159214 3.0232043380649687
v 0.7996334321834997 2.2514356125159214 3.0232043380649687
v 0.7215084321834997 2.3686235893530796 3.015392314902127
v 0.7996334321834997 2.2514356125159214 3.0232043380649687
v 0.8074454553463415 2.4076856125159214 3.015392314902127
v 0.7215084321834997 2.3686235893530796 3.015392314902127
v 0.6355704553463415 2.4076856125159214 3.015392314902127
v 0.6433834321834997 2.2514356125159214 3.0232043380649687
v 0.7215084321834997 2.3686235893530796 3.015392314902127
v 0.6433834321834997 2.2514356125159214 3.0232043380649687
v 0.7215084321834997 2.2514356125159214 3.0232043380649687
v 0.7996334321834997 2.2514356125159214 3.0232043380649687
v 0.7215084321834997 2.2514356125159214 3.0232043380649687
v 0.7215084321834997 2.0170606125159214 3.0075793380649687
v 0.7996334321834997 2.2514356125159214 3.0232043380649687
v 0.7215084321834997 2.0170606125159214 3.0075793380649687
v 0.8386954553463415 2.0092485893530796 3.0075793380649687
v 0.6433834321834997 2.2514356125159214 3.0232043380649687
v 0.6043204553463415 2.0092485893530796 3.0075793380649687
v 0.7215084321834997 2.0170606125159214 3.0075793380649687
v 0.6433834321834997 2.2514356125159214 3.0232043380649687
v 0.7215084321834997 2.0170606125159214 3.0075793380649687
v 0.7215084321834997 2.2514356125159214 3.0232043380649687
v 0.8308834321834997 1.9779985893530798 3.0075793380649687
v 0.8386954553463415 2.0092485893530796 3.0075793380649687
v 0.7215084321834997 2.0170606125159214 3.0075793380649687
v 0.8308834321834997 1.9779985893530798 3.0075793380649687
v 0.7215084321834997 2.0170606125159214 3.0075793380649687
v 0.7215084321834997 1.9311236191554022 3.0075793380649687
v 0.6121334321834997 1.9779985893530798 3.0075793380649687
v 0.7215084321834997 1.9311236191554022 3.0075793380649687
v 0.7215084321834997 2.0170606125159214 3.0075793380649687
v 0.6121334321834997 1.9779985893530798 3.0075793380649687
v 0.7215084321834997 2.0170606125159214 3.0075793380649687
v 0.6043204553463415 2.0092485893530796 3.0075793380649687
v 0.8543204553463415 2.4701856125159214 3.0700793380649687
v 0.8152584321834997 2.4233106125159214 3.0544543380649687
v 0.8074454553463415 2.4076856125159214 3.015392314902127
v 0.8543204553463415 2.4701856125159214 3.0700793380649687
v 0.8074454553463415 2.4076856125159214 3.015392314902127
v 0.8465084321834997 2.4701856125159214 3.0232043380649687
v 0.5886954553463415 2.4701856125159214 3.0700793380649687
v 0.5965084321834997 2.4701856125159214 3.0232043380649687
v 0.6355704553463415 2.4076856125159214 3.015392314902127
v 0.5886954553463415 2.4701856125159214 3.0700793380649687
v 0.6355704553463415 2.4076856125159214 3.015392314902127
v 0.6277584321834997 2.4233106125159214 3.0544543380649687
v 0.8308834321834997 2.5639356125159214 3.0544543380649687
v 0.8543204553463415 2.4701856125159214 3.0700793380649687
v 0.8465084321834997 2.4701856125159214 3.0232043380649687
v 0.8308834321834997 2.5639356125159214 3.0544543380649687
v 0.8465084321834997 2.4701856125159214 3.0232043380649687
v 0.8230704553463415 2.5483106125159214 3.015392314902127
v 0.6121334321834997 2.5639356125159214 3.0544543380649687
v 0.6199454553463415 2.5483106125159214 3.015392314902127
v 0.5965084321834997 2.4701856125159214 3.0232043380649687
v 0.6121334321834997 2.5639356125159214 3.0544543380649687
v 0.5965084321834997 2.4701856125159214 3.0232043380649687
v 0.5886954553463415 2.4701856125159214 3.0700793380649687
v 0.7605704553463415 2.5717485893530796 3.0544543380649687
v 0.8308834321834997 2.5639356125159214 3.0544543380649687
v 0.8230704553463415 2.5483106125159214 3.015392314902127
v 0.7605704553463415 2.5717485893530796 3.0544543380649687
v 0.8230704553463415 2.5483106125159214 3.015392314902127
v 0.7215084321834997 2.5561235893530796 3.015392314902127
v 0.6824454553463415 2.5717485893530796 3.0544543380649687
v 0.7215084321834997 2.5561235893530796 3.015392314902127
v 0.6199454553463415 2.5483106125159214 3.015392314902127
v 0.6824454553463415 2.5717485893530796 3.0544543380649687
v 0.6199454553463415 2.5483106125159214 3.015392314902127
v 0.6121334321834997 2.5639356125159214 3.0544543380649687
v 0.7215084321834997 2.5092485893530796 3.0700793380649687
v 0.7605704553463415 2.5717485893530796 3.0544543380649687
v 0.7215084321834997 2.5561235893530796 3.015392314902127
v 0.7215084321834997 2.5092485893530796 3.0700793380649687
v 0.7215084321834997 2.5561235893530796 3.015392314902127
v 0.7215084321834997 2.5014356125159214 3.0232043380649687
v 0.7215084321834997 2.5092485893530796 3.0700793380649687
v 0.7215084321834997 2.5014356125159214 3.0232043380649687
v 0.7215084321834997 2.5561235893530796 3.015392314902127
v 0.7215084321834997 2.5092485893530796 3.0700793380649687
v 0.7215084321834997 2.5561235893530796 3.015392314902127
v 0.6824454553463415 2.5717485893530796 3.0544543380649687
v 0.8074454553463415 2.4076856125159214 3.015392314902127
v 0.8152584321834997 2.4233106125159214 3.0544543380649687
v 0.7215084321834997 2.3764356125159214 3.0544543380649687
v 0.8074454553463415 2.4076856125159214 3.015392314902127
v 0.7215084321834997 2.3764356125159214 3.0544543380649687
v 0.7215084321834997 2.3686235893530796 3.015392314902127
v 0.6355704553463415 2.4076856125159214 3.015392314902127
v 0.7215084321834997 2.3686235893530796 3.015392314902127
v 0.7215084321834997 2.3764356125159214 3.0544543380649687
v 0.6355704553463415 2.4076856125159214 3.015392314902127
v 0.7215084321834997 2.3764356125159214 3.0544543380649687
v 0.6277584321834997 2.4233106125159214 3.0544543380649687
v 0.8152584321834997 2.4233106125159214 3.0544543380649687
v 0.7996334321834997 2.4467485893530796 3.077892314902127
v 0.7215084321834997 2.4076856125159214 3.077892314902127
v 0.8152584321834997 2.4233106125159214 3.0544543380649687
v 0.7215084321834997 2.4076856125159214 3.077892314902127
v 0.7215084321834997 2.3764356125159214 3.0544543380649687
v 0.6277584321834997 2.4233106125159214 3.0544543380649687
v 0.7215084321834997 2.3764356125159214 3.0544543380649687
v 0.7215084321834997 2.4076856125159214 3.077892314902127
v 0.6277584321834997 2.4233106125159214 3.0544543380649687
v 0.7215084321834997 2.4076856125159214 3.077892314902127
v 0.6433834321834997 2.4467485893530796 3.077892314902127
v 0.7215084321834997 2.4936235893530796 3.1013293380649687
v 0.7683834321834997 2.5483106125159214 3.0857043380649687
v 0.7605704553463415 2.5717485893530796 3.0544543380649687
v 0.7215084321834997 2.4936235893530796 3.1013293380649687
v 0.7605704553463415 2.5717485893530796 3.0544543380649687
v 0.7215084321834997 2.5092485893530796 3.0700793380649687
v 0.7215084321834997 2.4936235893530796 3.1013293380649687
v 0.7215084321834997 2.5092485893530796 3.0700793380649687
v 0.6824454553463415 2.5717485893530796 3.0544543380649687
v 0.7215084321834997 2.4936235893530796 3.1013293380649687
v 0.6824454553463415 2.5717485893530796 3.0544543380649687
v 0.6746334321834997 2.5483106125159214 3.0857043380649687
v 0.7683834321834997 2.5483106125159214 3.0857043380649687
v 0.8152584321834997 2.5404985893530796 3.0857043380649687
v 0.8308834321834997 2.5639356125159214 3.0544543380649687
v 0.7683834321834997 2.5483106125159214 3.0857043380649687
v 0.8308834321834997 2.5639356125159214 3.0544543380649687
v 0.7605704553463415 2.5717485893530796 3.0544543380649687
v 0.6746334321834997 2.5483106125159214 3.0857043380649687
v 0.6824454553463415 2.5717485893530796 3.0544543380649687
v 0.6121334321834997 2.5639356125159214 3.0544543380649687
v 0.6746334321834997 2.5483106125159214 3.0857043380649687
v 0.6121334321834997 2.5639356125159214 3.0544543380649687
v 0.6277584321834997 2.5404985893530796 3.0857043380649687
v 0.8152584321834997 2.5404985893530796 3.0857043380649687
v 0.8308834321834997 2.4701856125159214 3.1013293380649687
v 0.8543204553463415 2.4701856125159214 3.0700793380649687
v 0.8152584321834997 2.5404985893530796 3.0857043380649687
v 0.8543204553463415 2.4701856125159214 3.0700793380649687
v 0.8308834321834997 2.5639356125159214 3.0544543380649687
v 0.6277584321834997 2.5404985893530796 3.0857043380649687
v 0.6121334321834997 2.5639356125159214 3.0544543380649687
v 0.5886954553463415 2.4701856125159214 3.0700793380649687
v 0.6277584321834997 2.5404985893530796 3.0857043380649687
v 0.5886954553463415 2.4701856125159214 3.0700793380649687
v 0.6121334321834997 2.4701856125159214 3.1013293380649687
v 0.8308834321834997 2.4701856125159214 3.1013293380649687
v 0.7996334321834997 2.4467485893530796 3.077892314902127
v 0.8152584321834997 2.4233106125159214 3.0544543380649687
v 0.8308834321834997 2.4701856125159214 3.1013293380649687
v 0.8152584321834997 2.4233106125159214 3.0544543380649687
v 0.8543204553463415 2.4701856125159214 3.0700793380649687
v 0.6121334321834997 2.4701856125159214 3.1013293380649687
v 0.5886954553463415 2.4701856125159214 3.0700793380649687
v 0.6277584321834997 2.4233106125159214 3.0544543380649687
v 0.6121334321834997 2.4701856125159214 3.1013293380649687
v 0.6277584321834997 2.4233106125159214 3.0544543380649687
v 0.6433834321834997 2.4467485893530796 3.077892314902127
v 0.8308834321834997 2.4701856125159214 3.1013293380649687
v 0.8152584321834997 2.5404985893530796 3.0857043380649687
v 0.7683834321834997 2.5483106125159214 3.0857043380649687
v 0.8308834321834997 2.4701856125159214 3.1013293380649687
v 0.7683834321834997 2.5483106125159214 3.0857043380649687
v 0.7215084321834997 2.4936235893530796 3.1013293380649687
v 0.6121334321834997 2.4701856125159214 3.1013293380649687
v 0.7215084321834997 2.4936235893530796 3.1013293380649687
v 0.6746334321834997 2.5483106125159214 3.0857043380649687
v 0.6121334321834997 2.4701856125159214 3.1013293380649687
v 0.6746334321834997 2.5483106125159214 3.0857043380649687
v 0.6277584321834997 2.5404985893530796 3.0857043380649687
v 0.7215084321834997 2.4076856125159214 3.077892314902127
v 0.7996334321834997 2.4467485893530796 3.077892314902127
v 0.8308834321834997 2.4701856125159214 3.1013293380649687
v 0.7215084321834997 2.4076856125159214 3.077892314902127
v 0.8308834321834997 2.4701856125159214 3.1013293380649687
v 0.7215084321834997 2.4936235893530796 3.1013293380649687
v 0.7215084321834997 2.4076856125159214 3.077892314902127
v 0.7215084321834997 2.4936235893530796 3.1013293380649687
v 0.6121334321834997 2.4701856125159214 3.1013293380649687
v 0.7215084321834997 2.4076856125159214 3.077892314902127
v 0.6121334321834997 2.4701856125159214 3.1013293380649687
v 0.6433834321834997 2.4467485893530796 3.077892314902127
v 0.8230704553463415 2.5483106125159214 3.015392314902127
v 0.8465084321834997 2.5951856125159214 3.0857043380649687
v 0.7215084321834997 2.7436235893530796 2.999767314902127
v 0.8230704553463415 2.5483106125159214 3.015392314902127
v 0.7215084321834997 2.7436235893530796 2.999767314902127
v 0.7215084321834997 2.5561235893530796 3.015392314902127
v 0.6199454553463415 2.5483106125159214 3.015392314902127
v 0.7215084321834997 2.5561235893530796 3.015392314902127
v 0.7215084321834997 2.7436235893530796 2.999767314902127
v 0.6199454553463415 2.5483106125159214 3.015392314902127
v 0.7215084321834997 2.7436235893530796 2.999767314902127
v 0.5965084321834997 2.5951856125159214 3.0857043380649687
v 0.8465084321834997 2.4701856125159214 3.0232043380649687
v 0.8855704553463415 2.4545606125159214 2.984142314902127
v 0.8465084321834997 2.5951856125159214 3.0857043380649687
v 0.8465084321834997 2.4701856125159214 3.0232043380649687
v 0.8465084321834997 2.5951856125159214 3.0857043380649687
v 0.8230704553463415 2.5483106125159214 3.015392314902127
v 0.5965084321834997 2.4701856125159214 3.0232043380649687
v 0.6199454553463415 2.5483106125159214 3.015392314902127
v 0.5965084321834997 2.5951856125159214 3.0857043380649687
v 0.5965084321834997 2.4701856125159214 3.0232043380649687
v 0.5965084321834997 2.5951856125159214 3.0857043380649687
v 0.5574454553463415 2.4545606125159214 2.984142314902127
v 0.8074454553463415 2.4076856125159214 3.015392314902127
v 0.9011954553463415 2.3842485893530796 2.984142314902127
v 0.8855704553463415 2.4545606125159214 2.984142314902127
v 0.8074454553463415 2.4076856125159214 3.015392314902127
v 0.8855704553463415 2.4545606125159214 2.984142314902127
v 0.8465084321834997 2.4701856125159214 3.0232043380649687
v 0.6355704553463415 2.4076856125159214 3.015392314902127
v 0.5965084321834997 2.4701856125159214 3.0232043380649687
v 0.5574454553463415 2.4545606125159214 2.984142314902127
v 0.6355704553463415 2.4076856125159214 3.015392314902127
v 0.5574454553463415 2.4545606125159214 2.984142314902127
v 0.5418204553463415 2.3842485893530796 2.984142314902127
v 0.7996334321834997 2.2514356125159214 3.0232043380649687
v 0.9324454553463415 2.2514356125159214 2.984142314902127
v 0.9011954553463415 2.3842485893530796 2.984142314902127
v 0.7996334321834997 2.2514356125159214 3.0232043380649687
v 0.9011954553463415 2.3842485893530796 2.984142314902127
v 0.8074454553463415 2.4076856125159214 3.015392314902127
v 0.6433834321834997 2.2514356125159214 3.0232043380649687
v 0.6355704553463415 2.4076856125159214 3.015392314902127
v 0.5418204553463415 2.3842485893530796 2.984142314902127
v 0.6433834321834997 2.2514356125159214 3.0232043380649687
v 0.5418204553463415 2.3842485893530796 2.984142314902127
v 0.5105704553463415 2.2514356125159214 2.984142314902127
v 0.9793204553463415 2.3842485893530796 2.827892314902127
v 0.9011954553463415 2.3842485893530796 2.984142314902127
v 0.9324454553463415 2.2514356125159214 2.984142314902127
v 0.9793204553463415 2.3842485893530796 2.827892314902127
v 0.9324454553463415 2.2514356125159214 2.984142314902127
v 1.0340084321834997 2.2592485893530796 2.843517314902127
v 0.4636954553463415 2.3842485893530796 2.827892314902127
v 0.4090084321834997 2.2592485893530796 2.843517314902127
v 0.5105704553463415 2.2514356125159214 2.984142314902127
v 0.4636954553463415 2.3842485893530796 2.827892314902127
v 0.5105704553463415 2.2514356125159214 2.984142314902127
v 0.5418204553463415 2.3842485893530796 2.984142314902127
v 0.9558834321834997 2.4467485893530796 2.827892314902127
v 0.8855704553463415 2.4545606125159214 2.984142314902127
v 0.9011954553463415 2.3842485893530796 2.984142314902127
v 0.9558834321834997 2.4467485893530796 2.827892314902127
v 0.9011954553463415 2.3842485893530796 2.984142314902127
v 0.9793204553463415 2.3842485893530796 2.827892314902127
v 0.4871334321834997 2.4467485893530796 2.827892314902127
v 0.4636954553463415 2.3842485893530796 2.827892314902127
v 0.5418204553463415 2.3842485893530796 2.984142314902127
v 0.4871334321834997 2.4467485893530796 2.827892314902127
v 0.5418204553463415 2.3842485893530796 2.984142314902127
v 0.5574454553463415 2.4545606125159214 2.984142314902127
v 0.8465084321834997 2.5951856125159214 3.0857043380649687
v 0.8855704553463415 2.4545606125159214 2.984142314902127
v 0.9558834321834997 2.4467485893530796 2.827892314902127
v 0.8465084321834997 2.5951856125159214 3.0857043380649687
v 0.9558834321834997 2.4467485893530796 2.827892314902127
v 0.9246334321834997 2.5092485893530796 2.8357043380649687
v 0.5965084321834997 2.5951856125159214 3.0857043380649687
v 0.5183834321834997 2.5092485893530796 2.8357043380649687
v 0.4871334321834997 2.4467485893530796 2.827892314902127
v 0.5965084321834997 2.5951856125159214 3.0857043380649687
v 0.4871334321834997 2.4467485893530796 2.827892314902127
v 0.5574454553463415 2.4545606125159214 2.984142314902127
v 0.7215084321834997 1.9311236191554022 3.0075793380649687
v 0.7215084321834997 1.9233106125159216 2.9919543380649687
v 0.8152584321834997 1.9545606125159216 2.999767314902127
v 0.7215084321834997 1.9311236191554022 3.0075793380649687
v 0.8152584321834997 1.9545606125159216 2.999767314902127
v 0.8308834321834997 1.9779985893530798 3.0075793380649687
v 0.7215084321834997 1.9311236191554022 3.0075793380649687
v 0.6121334321834997 1.9779985893530798 3.0075793380649687
v 0.6277584321834997 1.9545606125159216 2.999767314902127
v 0.7215084321834997 1.9311236191554022 3.0075793380649687
v 0.6277584321834997 1.9545606125159216 2.999767314902127
v 0.7215084321834997 1.9233106125159216 2.9919543380649687
v 0.8308834321834997 1.9779985893530798 3.0075793380649687
v 0.8152584321834997 1.9545606125159216 2.999767314902127
v 0.8152584321834997 1.8764356125159216 2.984142314902127
v 0.8308834321834997 1.9779985893530798 3.0075793380649687
v 0.8152584321834997 1.8764356125159216 2.984142314902127
v 0.8386954553463415 1.8608106125159216 2.984142314902127
v 0.6121334321834997 1.9779985893530798 3.0075793380649687
v 0.6043204553463415 1.8608106125159216 2.984142314902127
v 0.6277584321834997 1.8764356125159216 2.984142314902127
v 0.6121334321834997 1.9779985893530798 3.0075793380649687
v 0.6277584321834997 1.8764356125159216 2.984142314902127
v 0.6277584321834997 1.9545606125159216 2.999767314902127
v 0.8386954553463415 1.8608106125159216 2.984142314902127
v 0.8152584321834997 1.8764356125159216 2.984142314902127
v 0.7683834321834997 1.8295606125159216 2.9607043380649687
v 0.8386954553463415 1.8608106125159216 2.984142314902127
v 0.7683834321834997 1.8295606125159216 2.9607043380649687
v 0.7840084321834997 1.8139356125159216 2.968517314902127
v 0.6043204553463415 1.8608106125159216 2.984142314902127
v 0.6590084321834997 1.8139356125159216 2.968517314902127
v 0.6746334321834997 1.8295606125159216 2.9607043380649687
v 0.6043204553463415 1.8608106125159216 2.984142314902127
v 0.6746334321834997 1.8295606125159216 2.9607043380649687
v 0.6277584321834997 1.8764356125159216 2.984142314902127
v 0.7840084321834997 1.8139356125159216 2.968517314902127
v 0.7683834321834997 1.8295606125159216 2.9607043380649687
v 0.7215084321834997 1.8217486191554022 2.9607043380649687
v 0.7840084321834997 1.8139356125159216 2.968517314902127
v 0.7215084321834997 1.8217486191554022 2.9607043380649687
v 0.7215084321834997 1.8061236191554022 2.9607043380649687
v 0.6590084321834997 1.8139356125159216 2.968517314902127
v 0.7215084321834997 1.8061236191554022 2.9607043380649687
v 0.7215084321834997 1.8217486191554022 2.9607043380649687
v 0.6590084321834997 1.8139356125159216 2.968517314902127
v 0.7215084321834997 1.8217486191554022 2.9607043380649687
v 0.6746334321834997 1.8295606125159216 2.9607043380649687
v 0.7683834321834997 1.8295606125159216 2.9607043380649687
v 0.7683834321834997 1.8451856125159216 2.906017314902127
v 0.7215084321834997 1.8373736191554022 2.906017314902127
v 0.7683834321834997 1.8295606125159216 2.9607043380649687
v 0.7215084321834997 1.8373736191554022 2.906017314902127
v 0.7215084321834997 1.8217486191554022 2.9607043380649687
v 0.6746334321834997 1.8295606125159216 2.9607043380649687
v 0.7215084321834997 1.8217486191554022 2.9607043380649687
v 0.7215084321834997 1.8373736191554022 2.906017314902127
v 0.6746334321834997 1.8295606125159216 2.9607043380649687
v 0.7215084321834997 1.8373736191554022 2.906017314902127
v 0.6746334321834997 1.8451856125159216 2.906017314902127
v 0.8152584321834997 1.8764356125159216 2.984142314902127
v 0.8152584321834997 1.8842486191554022 2.9138293380649687
v 0.7683834321834997 1.8451856125159216 2.906017314902127
v 0.8152584321834997 1.8764356125159216 2.984142314902127
v 0.7683834321834997 1.8451856125159216 2.906017314902127
v 0.7683834321834997 1.8295606125159216 2.9607043380649687
v 0.6277584321834997 1.8764356125159216 2.984142314902127
v 0.6746334321834997 1.8295606125159216 2.9607043380649687
v 0.6746334321834997 1.8451856125159216 2.906017314902127
v 0.6277584321834997 1.8764356125159216 2.984142314902127
v 0.6746334321834997 1.8451856125159216 2.906017314902127
v 0.6277584321834997 1.8842486191554022 2.9138293380649687
v 0.8152584321834997 1.9545606125159216 2.999767314902127
v 0.8152584321834997 1.9467485893530798 2.937267314902127
v 0.8152584321834997 1.8842486191554022 2.9138293380649687
v 0.8152584321834997 1.9545606125159216 2.999767314902127
v 0.8152584321834997 1.8842486191554022 2.9138293380649687
v 0.8152584321834997 1.8764356125159216 2.984142314902127
v 0.6277584321834997 1.9545606125159216 2.999767314902127
v 0.6277584321834997 1.8764356125159216 2.984142314902127
v 0.6277584321834997 1.8842486191554022 2.9138293380649687
v 0.6277584321834997 1.9545606125159216 2.999767314902127
v 0.6277584321834997 1.8842486191554022 2.9138293380649687
v 0.6277584321834997 1.9467485893530798 2.937267314902127
v 0.7215084321834997 1.9233106125159216 2.9919543380649687
v 0.7215084321834997 1.9154986191554022 2.9294543380649687
v 0.8152584321834997 1.9467485893530798 2.937267314902127
v 0.7215084321834997 1.9233106125159216 2.9919543380649687
v 0.8152584321834997 1.9467485893530798 2.937267314902127
v 0.8152584321834997 1.9545606125159216 2.999767314902127
v 0.7215084321834997 1.9233106125159216 2.9919543380649687
v 0.6277584321834997 1.9545606125159216 2.999767314902127
v 0.6277584321834997 1.9467485893530798 2.937267314902127
v 0.7215084321834997 1.9233106125159216 2.9919543380649687
v 0.6277584321834997 1.9467485893530798 2.937267314902127
v 0.7215084321834997 1.9154986191554022 2.9294543380649687
v 0.7215084321834997 1.8373736191554022 2.906017314902127
v 0.7683834321834997 1.8451856125159216 2.906017314902127
v 0.8152584321834997 1.9467485893530798 2.937267314902127
v 0.7215084321834997 1.8373736191554022 2.906017314902127
v 0.8152584321834997 1.9467485893530798 2.937267314902127
v 0.7215084321834997 1.9154986191554022 2.9294543380649687
v 0.7215084321834997 1.8373736191554022 2.906017314902127
v 0.7215084321834997 1.9154986191554022 2.9294543380649687
v 0.6277584321834997 1.9467485893530798 2.937267314902127
v 0.7215084321834997 1.8373736191554022 2.906017314902127
v 0.6277584321834997 1.9467485893530798 2.937267314902127
v 0.6746334321834997 1.8451856125159216 2.906017314902127
v 0.7683834321834997 1.8451856125159216 2.906017314902127
v 0.8152584321834997 1.8842486191554022 2.9138293380649687
v 0.8152584321834997 1.9467485893530798 2.937267314902127
v 0.6746334321834997 1.8451856125159216 2.906017314902127
v 0.6277584321834997 1.9467485893530798 2.937267314902127
v 0.6277584321834997 1.8842486191554022 2.9138293380649687
v 0.8855704553463415 2.8373735893530796 3.0232043380649687
v 0.9090084321834997 2.8529985893530796 3.046642314902127
v 0.8933834321834997 2.9154985893530796 3.0544543380649687
v 0.8855704553463415 2.8373735893530796 3.0232043380649687
v 0.8933834321834997 2.9154985893530796 3.0544543380649687
v 0.8543204553463415 2.9076856125159214 3.031017314902127
v 0.5574454553463415 2.8373735893530796 3.0232043380649687
v 0.5886954553463415 2.9076856125159214 3.031017314902127
v 0.5496334321834997 2.9154985893530796 3.0544543380649687
v 0.5574454553463415 2.8373735893530796 3.0232043380649687
v 0.5496334321834997 2.9154985893530796 3.0544543380649687
v 0.5340084321834997 2.8529985893530796 3.046642314902127
v 0.8543204553463415 2.9076856125159214 3.031017314902127
v 0.8933834321834997 2.9154985893530796 3.0544543380649687
v 0.9011954553463415 2.9936235893530796 3.0544543380649687
v 0.8543204553463415 2.9076856125159214 3.031017314902127
v 0.9011954553463415 2.9936235893530796 3.0544543380649687
v 0.8465084321834997 3.0014356125159214 3.0388293380649687
v 0.5886954553463415 2.9076856125159214 3.031017314902127
v 0.5965084321834997 3.0014356125159214 3.0388293380649687
v 0.5418204553463415 2.9936235893530796 3.0544543380649687
v 0.5886954553463415 2.9076856125159214 3.031017314902127
v 0.5418204553463415 2.9936235893530796 3.0544543380649687
v 0.5496334321834997 2.9154985893530796 3.0544543380649687
v 0.8465084321834997 3.0014356125159214 3.0388293380649687
v 0.9011954553463415 2.9936235893530796 3.0544543380649687
v 0.9324454553463415 3.0717485893530796 3.0544543380649687
v 0.8465084321834997 3.0014356125159214 3.0388293380649687
v 0.9324454553463415 3.0717485893530796 3.0544543380649687
v 0.8855704553463415 3.1108106125159214 3.046642314902127
v 0.5965084321834997 3.0014356125159214 3.0388293380649687
v 0.5574454553463415 3.1108106125159214 3.046642314902127
v 0.5105704553463415 3.0717485893530796 3.0544543380649687
v 0.5965084321834997 3.0014356125159214 3.0388293380649687
v 0.5105704553463415 3.0717485893530796 3.0544543380649687
v 0.5418204553463415 2.9936235893530796 3.0544543380649687
v 0.9246334321834997 2.7904985893530796 3.015392314902127
v 0.9480704553463415 2.8061235893530796 3.0544543380649687
v 0.9090084321834997 2.8529985893530796 3.046642314902127
v 0.9246334321834997 2.7904985893530796 3.015392314902127
v 0.9090084321834997 2.8529985893530796 3.046642314902127
v 0.8855704553463415 2.8373735893530796 3.0232043380649687
v 0.5183834321834997 2.7904985893530796 3.015392314902127
v 0.5574454553463415 2.8373735893530796 3.0232043380649687
v 0.5340084321834997 2.8529985893530796 3.046642314902127
v 0.5183834321834997 2.7904985893530796 3.015392314902127
v 0.5340084321834997 2.8529985893530796 3.046642314902127
v 0.4949454553463415 2.8061235893530796 3.0544543380649687
v 1.0965084321834997 2.7123735893530796 2.9763293380649687
v 1.0965084321834997 2.7592485893530796 3.015392314902127
v 0.9480704553463415 2.8061235893530796 3.0544543380649687
v 1.0965084321834997 2.7123735893530796 2.9763293380649687
v 0.9480704553463415 2.8061235893530796 3.0544543380649687
v 0.9246334321834997 2.7904985893530796 3.015392314902127
v 0.3465084321834997 2.7123735893530796 2.9763293380649687
v 0.5183834321834997 2.7904985893530796 3.015392314902127
v 0.4949454553463415 2.8061235893530796 3.0544543380649687
v 0.3465084321834997 2.7123735893530796 2.9763293380649687
v 0.4949454553463415 2.8061235893530796 3.0544543380649687
v 0.3465084321834997 2.7592485893530796 3.015392314902127
v 1.2136954553463415 2.7592485893530796 2.9450793380649687
v 1.1980704553463415 2.7983106125159214 2.9919543380649687
v 1.0965084321834997 2.7592485893530796 3.015392314902127
v 1.2136954553463415 2.7592485893530796 2.9450793380649687
v 1.0965084321834997 2.7592485893530796 3.015392314902127
v 1.0965084321834997 2.7123735893530796 2.9763293380649687
v 0.2293204553463415 2.7592485893530796 2.9450793380649687
v 0.3465084321834997 2.7123735893530796 2.9763293380649687
v 0.3465084321834997 2.7592485893530796 3.015392314902127
v 0.2293204553463415 2.7592485893530796 2.9450793380649687
v 0.3465084321834997 2.7592485893530796 3.015392314902127
v 0.2449454553463415 2.7983106125159214 2.9919543380649687
v 1.3465084321834997 2.8842485893530796 2.921642314902127
v 1.2996334321834997 2.8920606125159214 2.952892314902127
v 1.1980704553463415 2.7983106125159214 2.9919543380649687
v 1.3465084321834997 2.8842485893530796 2.921642314902127
v 1.1980704553463415 2.7983106125159214 2.9919543380649687
v 1.2136954553463415 2.7592485893530796 2.9450793380649687
v 0.09650843218349969 2.8842485893530796 2.921642314902127
v 0.2293204553463415 2.7592485893530796 2.9450793380649687
v 0.2449454553463415 2.7983106125159214 2.9919543380649687
v 0.09650843218349969 2.8842485893530796 2.921642314902127
v 0.2449454553463415 2.7983106125159214 2.9919543380649687
v 0.1433834321834997 2.8920606125159214 2.952892314902127
v 1.3621334321834997 2.9936235893530796 2.921642314902127
v 1.307445336137052 2.9858106125159214 2.9607043380649687
v 1.2996334321834997 2.8920606125159214 2.952892314902127
v 1.3621334321834997 2.9936235893530796 2.921642314902127
v 1.2996334321834997 2.8920606125159214 2.952892314902127
v 1.3465084321834997 2.8842485893530796 2.921642314902127
v 0.08088343218349969 2.9936235893530796 2.921642314902127
v 0.09650843218349969 2.8842485893530796 2.921642314902127
v 0.1433834321834997 2.8920606125159214 2.952892314902127
v 0.08088343218349969 2.9936235893530796 2.921642314902127
v 0.1433834321834997 2.8920606125159214 2.952892314902127
v 0.1355704553463415 2.9858106125159214 2.9607043380649687
v 1.323070336137052 3.0717485893530796 2.937267314902127
v 1.2840084321834997 3.0483106125159214 2.968517314902127
v 1.307445336137052 2.9858106125159214 2.9607043380649687
v 1.323070336137052 3.0717485893530796 2.937267314902127
v 1.307445336137052 2.9858106125159214 2.9607043380649687
v 1.3621334321834997 2.9936235893530796 2.921642314902127
v 0.11994545534634149 3.0717485893530796 2.937267314902127
v 0.08088343218349969 2.9936235893530796 2.921642314902127
v 0.1355704553463415 2.9858106125159214 2.9607043380649687
v 0.11994545534634149 3.0717485893530796 2.937267314902127
v 0.1355704553463415 2.9858106125159214 2.9607043380649687
v 0.1590084321834997 3.0483106125159214 2.968517314902127
v 1.1511954553463415 3.1342485893530796 2.9919543380649687
v 1.1433834321834997 3.0951856125159214 3.046642314902127
v 1.2840084321834997 3.0483106125159214 2.968517314902127
v 1.1511954553463415 3.1342485893530796 2.9919543380649687
v 1.2840084321834997 3.0483106125159214 2.968517314902127
v 1.323070336137052 3.0717485893530796 2.937267314902127
v 0.2918204553463415 3.1342485893530796 2.9919543380649687
v 0.11994545534634149 3.0717485893530796 2.937267314902127
v 0.1590084321834997 3.0483106125159214 2.968517314902127
v 0.2918204553463415 3.1342485893530796 2.9919543380649687
v 0.1590084321834997 3.0483106125159214 2.968517314902127
v 0.2996334321834997 3.0951856125159214 3.046642314902127
v 1.0496334321834997 3.1733106125159214 3.015392314902127
v 1.0574454553463415 3.1264356125159214 3.031017314902127
v 1.1433834321834997 3.0951856125159214 3.046642314902127
v 1.0496334321834997 3.1733106125159214 3.015392314902127
v 1.1433834321834997 3.0951856125159214 3.046642314902127
v 1.1511954553463415 3.1342485893530796 2.9919543380649687
v 0.3933834321834997 3.1733106125159214 3.015392314902127
v 0.2918204553463415 3.1342485893530796 2.9919543380649687
v 0.2996334321834997 3.0951856125159214 3.046642314902127
v 0.3933834321834997 3.1733106125159214 3.015392314902127
v 0.2996334321834997 3.0951856125159214 3.046642314902127
v 0.3855704553463415 3.1264356125159214 3.031017314902127
v 0.9715084321834997 3.1654985893530796 3.031017314902127
v 0.9949454553463415 3.1186235893530796 3.046642314902127
v 1.0574454553463415 3.1264356125159214 3.031017314902127
v 0.9715084321834997 3.1654985893530796 3.031017314902127
v 1.0574454553463415 3.1264356125159214 3.031017314902127
v 1.0496334321834997 3.1733106125159214 3.015392314902127
v 0.4715084321834997 3.1654985893530796 3.031017314902127
v 0.3933834321834997 3.1733106125159214 3.015392314902127
v 0.3855704553463415 3.1264356125159214 3.031017314902127
v 0.4715084321834997 3.1654985893530796 3.031017314902127
v 0.3855704553463415 3.1264356125159214 3.031017314902127
v 0.4480704553463415 3.1186235893530796 3.046642314902127
v 0.8855704553463415 3.1108106125159214 3.046642314902127
v 0.9324454553463415 3.0717485893530796 3.0544543380649687
v 0.9949454553463415 3.1186235893530796 3.046642314902127
v 0.8855704553463415 3.1108106125159214 3.046642314902127
v 0.9949454553463415 3.1186235893530796 3.046642314902127
v 0.9715084321834997 3.1654985893530796 3.031017314902127
v 0.5574454553463415 3.1108106125159214 3.046642314902127
v 0.4715084321834997 3.1654985893530796 3.031017314902127
v 0.4480704553463415 3.1186235893530796 3.046642314902127
v 0.5574454553463415 3.1108106125159214 3.046642314902127
v 0.4480704553463415 3.1186235893530796 3.046642314902127
v 0.5105704553463415 3.0717485893530796 3.0544543380649687
v 0.9324454553463415 3.0717485893530796 3.0544543380649687
v 0.9558834321834997 3.0561235893530796 3.031017314902127
v 1.0027584321834997 3.0951856125159214 3.0388293380649687
v 0.9324454553463415 3.0717485893530796 3.0544543380649687
v 1.0027584321834997 3.0951856125159214 3.0388293380649687
v 0.9949454553463415 3.1186235893530796 3.046642314902127
v 0.5105704553463415 3.0717485893530796 3.0544543380649687
v 0.4480704553463415 3.1186235893530796 3.046642314902127
v 0.4402584321834997 3.0951856125159214 3.0388293380649687
v 0.5105704553463415 3.0717485893530796 3.0544543380649687
v 0.4402584321834997 3.0951856125159214 3.0388293380649687
v 0.4871334321834997 3.0561235893530796 3.031017314902127
v 0.9949454553463415 3.1186235893530796 3.046642314902127
v 1.0027584321834997 3.0951856125159214 3.0388293380649687
v 1.0574454553463415 3.1029985893530796 3.0232043380649687
v 0.9949454553463415 3.1186235893530796 3.046642314902127
v 1.0574454553463415 3.1029985893530796 3.0232043380649687
v 1.0574454553463415 3.1264356125159214 3.031017314902127
v 0.4480704553463415 3.1186235893530796 3.046642314902127
v 0.3855704553463415 3.1264356125159214 3.031017314902127
v 0.3855704553463415 3.1029985893530796 3.0232043380649687
v 0.4480704553463415 3.1186235893530796 3.046642314902127
v 0.3855704553463415 3.1029985893530796 3.0232043380649687
v 0.4402584321834997 3.0951856125159214 3.0388293380649687
v 1.0574454553463415 3.1264356125159214 3.031017314902127
v 1.0574454553463415 3.1029985893530796 3.0232043380649687
v 1.1355704553463415 3.0873735893530796 3.0232043380649687
v 1.0574454553463415 3.1264356125159214 3.031017314902127
v 1.1355704553463415 3.0873735893530796 3.0232043380649687
v 1.1433834321834997 3.0951856125159214 3.046642314902127
v 0.3855704553463415 3.1264356125159214 3.031017314902127
v 0.2996334321834997 3.0951856125159214 3.046642314902127
v 0.3074454553463415 3.0873735893530796 3.0232043380649687
v 0.3855704553463415 3.1264356125159214 3.031017314902127
v 0.3074454553463415 3.0873735893530796 3.0232043380649687
v 0.3855704553463415 3.1029985893530796 3.0232043380649687
v 1.1433834321834997 3.0951856125159214 3.046642314902127
v 1.1355704553463415 3.0873735893530796 3.0232043380649687
v 1.2527584321834997 3.0326856125159214 2.952892314902127
v 1.1433834321834997 3.0951856125159214 3.046642314902127
v 1.2527584321834997 3.0326856125159214 2.952892314902127
v 1.2840084321834997 3.0483106125159214 2.968517314902127
v 0.2996334321834997 3.0951856125159214 3.046642314902127
v 0.1590084321834997 3.0483106125159214 2.968517314902127
v 0.1902584321834997 3.0326856125159214 2.952892314902127
v 0.2996334321834997 3.0951856125159214 3.046642314902127
v 0.1902584321834997 3.0326856125159214 2.952892314902127
v 0.3074454553463415 3.0873735893530796 3.0232043380649687
v 1.2840084321834997 3.0483106125159214 2.968517314902127
v 1.2527584321834997 3.0326856125159214 2.952892314902127
v 1.276195336137052 2.9779985893530796 2.9450793380649687
v 1.2840084321834997 3.0483106125159214 2.968517314902127
v 1.276195336137052 2.9779985893530796 2.9450793380649687
v 1.307445336137052 2.9858106125159214 2.9607043380649687
v 0.1590084321834997 3.0483106125159214 2.968517314902127
v 0.1355704553463415 2.9858106125159214 2.9607043380649687
v 0.1668204553463415 2.9779985893530796 2.9450793380649687
v 0.1590084321834997 3.0483106125159214 2.968517314902127
v 0.1668204553463415 2.9779985893530796 2.9450793380649687
v 0.1902584321834997 3.0326856125159214 2.952892314902127
v 1.307445336137052 2.9858106125159214 2.9607043380649687
v 1.276195336137052 2.9779985893530796 2.9450793380649687
v 1.2683834321834997 2.9076856125159214 2.9450793380649687
v 1.307445336137052 2.9858106125159214 2.9607043380649687
v 1.2683834321834997 2.9076856125159214 2.9450793380649687
v 1.2996334321834997 2.8920606125159214 2.952892314902127
v 0.1355704553463415 2.9858106125159214 2.9607043380649687
v 0.1433834321834997 2.8920606125159214 2.952892314902127
v 0.1746334321834997 2.9076856125159214 2.9450793380649687
v 0.1355704553463415 2.9858106125159214 2.9607043380649687
v 0.1746334321834997 2.9076856125159214 2.9450793380649687
v 0.1668204553463415 2.9779985893530796 2.9450793380649687
v 1.2996334321834997 2.8920606125159214 2.952892314902127
v 1.2683834321834997 2.9076856125159214 2.9450793380649687
v 1.1824454553463415 2.8139356125159214 2.9763293380649687
v 1.2996334321834997 2.8920606125159214 2.952892314902127
v 1.1824454553463415 2.8139356125159214 2.9763293380649687
v 1.1980704553463415 2.7983106125159214 2.9919543380649687
v 0.1433834321834997 2.8920606125159214 2.952892314902127
v 0.2449454553463415 2.7983106125159214 2.9919543380649687
v 0.2605704553463415 2.8139356125159214 2.9763293380649687
v 0.1433834321834997 2.8920606125159214 2.952892314902127
v 0.2605704553463415 2.8139356125159214 2.9763293380649687
v 0.1746334321834997 2.9076856125159214 2.9450793380649687
v 1.1980704553463415 2.7983106125159214 2.9919543380649687
v 1.1824454553463415 2.8139356125159214 2.9763293380649687
v 1.0965084321834997 2.7826856125159214 2.999767314902127
v 1.1980704553463415 2.7983106125159214 2.9919543380649687
v 1.0965084321834997 2.7826856125159214 2.999767314902127
v 1.0965084321834997 2.7592485893530796 3.015392314902127
v 0.2449454553463415 2.7983106125159214 2.9919543380649687
v 0.3465084321834997 2.7592485893530796 3.015392314902127
v 0.3465084321834997 2.7826856125159214 2.999767314902127
v 0.2449454553463415 2.7983106125159214 2.9919543380649687
v 0.3465084321834997 2.7826856125159214 2.999767314902127
v 0.2605704553463415 2.8139356125159214 2.9763293380649687
v 1.0965084321834997 2.7592485893530796 3.015392314902127
v 1.0965084321834997 2.7826856125159214 2.999767314902127
v 0.9636954553463415 2.8217485893530796 3.031017314902127
v 1.0965084321834997 2.7592485893530796 3.015392314902127
v 0.9636954553463415 2.8217485893530796 3.031017314902127
v 0.9480704553463415 2.8061235893530796 3.0544543380649687
v 0.3465084321834997 2.7592485893530796 3.015392314902127
v 0.4949454553463415 2.8061235893530796 3.0544543380649687
v 0.4793204553463415 2.8217485893530796 3.031017314902127
v 0.3465084321834997 2.7592485893530796 3.015392314902127
v 0.4793204553463415 2.8217485893530796 3.031017314902127
v 0.3465084321834997 2.7826856125159214 2.999767314902127
v 0.9480704553463415 2.8061235893530796 3.0544543380649687
v 0.9636954553463415 2.8217485893530796 3.031017314902127
v 0.9246334321834997 2.8686235893530796 3.0232043380649687
v 0.9480704553463415 2.8061235893530796 3.0544543380649687
v 0.9246334321834997 2.8686235893530796 3.0232043380649687
v 0.9090084321834997 2.8529985893530796 3.046642314902127
v 0.4949454553463415 2.8061235893530796 3.0544543380649687
v 0.5340084321834997 2.8529985893530796 3.046642314902127
v 0.5183834321834997 2.8686235893530796 3.0232043380649687
v 0.4949454553463415 2.8061235893530796 3.0544543380649687
v 0.5183834321834997 2.8686235893530796 3.0232043380649687
v 0.4793204553463415 2.8217485893530796 3.031017314902127
v 0.9011954553463415 2.9936235893530796 3.0544543380649687
v 0.9168204553463415 2.9936235893530796 3.031017314902127
v 0.9558834321834997 3.0561235893530796 3.031017314902127
v 0.9011954553463415 2.9936235893530796 3.0544543380649687
v 0.9558834321834997 3.0561235893530796 3.031017314902127
v 0.9324454553463415 3.0717485893530796 3.0544543380649687
v 0.5418204553463415 2.9936235893530796 3.0544543380649687
v 0.5105704553463415 3.0717485893530796 3.0544543380649687
v 0.4871334321834997 3.0561235893530796 3.031017314902127
v 0.5418204553463415 2.9936235893530796 3.0544543380649687
v 0.4871334321834997 3.0561235893530796 3.031017314902127
v 0.5261954553463415 2.9936235893530796 3.031017314902127
v 0.8933834321834997 2.9154985893530796 3.0544543380649687
v 0.9168204553463415 2.9233106125159214 3.0232043380649687
v 0.9168204553463415 2.9936235893530796 3.031017314902127
v 0.8933834321834997 2.9154985893530796 3.0544543380649687
v 0.9168204553463415 2.9936235893530796 3.031017314902127
v 0.9011954553463415 2.9936235893530796 3.0544543380649687
v 0.5496334321834997 2.9154985893530796 3.0544543380649687
v 0.5418204553463415 2.9936235893530796 3.0544543380649687
v 0.5261954553463415 2.9936235893530796 3.031017314902127
v 0.5496334321834997 2.9154985893530796 3.0544543380649687
v 0.5261954553463415 2.9936235893530796 3.031017314902127
v 0.5261954553463415 2.9233106125159214 3.0232043380649687
v 0.9090084321834997 2.8529985893530796 3.046642314902127
v 0.9246334321834997 2.8686235893530796 3.0232043380649687
v 0.9168204553463415 2.9233106125159214 3.0232043380649687
v 0.9090084321834997 2.8529985893530796 3.046642314902127
v 0.9168204553463415 2.9233106125159214 3.0232043380649687
v 0.8933834321834997 2.9154985893530796 3.0544543380649687
v 0.5340084321834997 2.8529985893530796 3.046642314902127
v 0.5496334321834997 2.9154985893530796 3.0544543380649687
v 0.5261954553463415 2.9233106125159214 3.0232043380649687
v 0.5340084321834997 2.8529985893530796 3.046642314902127
v 0.5261954553463415 2.9233106125159214 3.0232043380649687
v 0.5183834321834997 2.8686235893530796 3.0232043380649687
v 0.7840084321834997 3.1889356125159214 3.0232043380649687
v 0.8308834321834997 3.1576856125159214 2.8825793380649687
v 0.7215084321834997 3.1029985893530796 2.874767314902127
v 0.7840084321834997 3.1889356125159214 3.0232043380649687
v 0.7215084321834997 3.1029985893530796 2.874767314902127
v 0.7215084321834997 3.1264356125159214 3.015392314902127
v 0.6590084321834997 3.1889356125159214 3.0232043380649687
v 0.7215084321834997 3.1264356125159214 3.015392314902127
v 0.7215084321834997 3.1029985893530796 2.874767314902127
v 0.6590084321834997 3.1889356125159214 3.0232043380649687
v 0.7215084321834997 3.1029985893530796 2.874767314902127
v 0.6121334321834997 3.1576856125159214 2.8825793380649687
v 0.8777584321834997 3.4154985893530796 3.031017314902127
v 0.9168204553463415 3.3608106125159214 2.890392314902127
v 0.8308834321834997 3.1576856125159214 2.8825793380649687
v 0.8777584321834997 3.4154985893530796 3.031017314902127
v 0.8308834321834997 3.1576856125159214 2.8825793380649687
v 0.7840084321834997 3.1889356125159214 3.0232043380649687
v 0.5652584321834997 3.4154985893530796 3.031017314902127
v 0.6590084321834997 3.1889356125159214 3.0232043380649687
v 0.6121334321834997 3.1576856125159214 2.8825793380649687
v 0.5652584321834997 3.4154985893530796 3.031017314902127
v 0.6121334321834997 3.1576856125159214 2.8825793380649687
v 0.5261954553463415 3.3608106125159214 2.890392314902127
v 1.0418204553463415 3.454560493306632 3.0075793380649687
v 1.0574454553463415 3.3842485893530796 2.8669543380649687
v 0.9168204553463415 3.3608106125159214 2.890392314902127
v 1.0418204553463415 3.454560493306632 3.0075793380649687
v 0.9168204553463415 3.3608106125159214 2.890392314902127
v 0.8777584321834997 3.4154985893530796 3.031017314902127
v 0.4011954553463415 3.454560493306632 3.0075793380649687
v 0.5652584321834997 3.4154985893530796 3.031017314902127
v 0.5261954553463415 3.3608106125159214 2.890392314902127
v 0.4011954553463415 3.454560493306632 3.0075793380649687
v 0.5261954553463415 3.3608106125159214 2.890392314902127
v 0.3855704553463415 3.3842485893530796 2.8669543380649687
v 1.2136954553463415 3.2983106125159214 2.9607043380649687
v 1.2058834321834997 3.2514356125159214 2.827892314902127
v 1.0574454553463415 3.3842485893530796 2.8669543380649687
v 1.2136954553463415 3.2983106125159214 2.9607043380649687
v 1.0574454553463415 3.3842485893530796 2.8669543380649687
v 1.0418204553463415 3.454560493306632 3.0075793380649687
v 0.2293204553463415 3.2983106125159214 2.9607043380649687
v 0.4011954553463415 3.454560493306632 3.0075793380649687
v 0.3855704553463415 3.3842485893530796 2.8669543380649687
v 0.2293204553463415 3.2983106125159214 2.9607043380649687
v 0.3855704553463415 3.3842485893530796 2.8669543380649687
v 0.2371334321834997 3.2514356125159214 2.827892314902127
v 1.432445336137052 3.1811235893530796 2.8982043380649687
v 1.401195336137052 3.1498735893530796 2.765392314902127
v 1.2058834321834997 3.2514356125159214 2.827892314902127
v 1.432445336137052 3.1811235893530796 2.8982043380649687
v 1.2058834321834997 3.2514356125159214 2.827892314902127
v 1.2136954553463415 3.2983106125159214 2.9607043380649687
v 0.01057045534634149 3.1811235893530796 2.8982043380649687
v 0.2293204553463415 3.2983106125159214 2.9607043380649687
v 0.2371334321834997 3.2514356125159214 2.827892314902127
v 0.01057045534634149 3.1811235893530796 2.8982043380649687
v 0.2371334321834997 3.2514356125159214 2.827892314902127
v 0.04182045534634149 3.1498735893530796 2.765392314902127
v 1.5808834321834997 3.1264356125159214 2.8669543380649687
v 1.5183834321834997 3.1029985893530796 2.734142314902127
v 1.401195336137052 3.1498735893530796 2.765392314902127
v 1.5808834321834997 3.1264356125159214 2.8669543380649687
v 1.401195336137052 3.1498735893530796 2.765392314902127
v 1.432445336137052 3.1811235893530796 2.8982043380649687
v -0.1378665678165003 3.1264356125159214 2.8669543380649687
v 0.01057045534634149 3.1811235893530796 2.8982043380649687
v 0.04182045534634149 3.1498735893530796 2.765392314902127
v -0.1378665678165003 3.1264356125159214 2.8669543380649687
v 0.04182045534634149 3.1498735893530796 2.765392314902127
v -0.07536656781650031 3.1029985893530796 2.734142314902127
v 1.5496334321834997 2.8451856125159214 2.718517314902127
v 1.494945336137052 2.8608106125159214 2.6482043380649687
v 1.5183834321834997 3.1029985893530796 2.734142314902127
v 1.5496334321834997 2.8451856125159214 2.718517314902127
v 1.5183834321834997 3.1029985893530796 2.734142314902127
v 1.5808834321834997 3.1264356125159214 2.8669543380649687
v -0.10661656781650031 2.8451856125159214 2.718517314902127
v -0.1378665678165003 3.1264356125159214 2.8669543380649687
v -0.07536656781650031 3.1029985893530796 2.734142314902127
v -0.10661656781650031 2.8451856125159214 2.718517314902127
v -0.07536656781650031 3.1029985893530796 2.734142314902127
v -0.05192954465365851 2.8608106125159214 2.6482043380649687
v 1.354320336137052 2.6576856125159214 2.812267314902127
v 1.323070336137052 2.6967485893530796 2.687267314902127
v 1.494945336137052 2.8608106125159214 2.6482043380649687
v 1.354320336137052 2.6576856125159214 2.812267314902127
v 1.494945336137052 2.8608106125159214 2.6482043380649687
v 1.5496334321834997 2.8451856125159214 2.718517314902127
v 0.08869545534634149 2.6576856125159214 2.812267314902127
v -0.10661656781650031 2.8451856125159214 2.718517314902127
v -0.05192954465365851 2.8608106125159214 2.6482043380649687
v 0.08869545534634149 2.6576856125159214 2.812267314902127
v -0.05192954465365851 2.8608106125159214 2.6482043380649687
v 0.11994545534634149 2.6967485893530796 2.687267314902127
v 1.1590084321834997 2.5561235893530796 2.8044543380649687
v 1.1590084321834997 2.6029985893530796 2.7419543380649687
v 1.323070336137052 2.6967485893530796 2.687267314902127
v 1.1590084321834997 2.5561235893530796 2.8044543380649687
v 1.323070336137052 2.6967485893530796 2.687267314902127
v 1.354320336137052 2.6576856125159214 2.812267314902127
v 0.2840084321834997 2.5561235893530796 2.8044543380649687
v 0.08869545534634149 2.6576856125159214 2.812267314902127
v 0.11994545534634149 2.6967485893530796 2.687267314902127
v 0.2840084321834997 2.5561235893530796 2.8044543380649687
v 0.11994545534634149 2.6967485893530796 2.687267314902127
v 0.2840084321834997 2.6029985893530796 2.7419543380649687
v 0.7215084321834997 2.2123735893530796 2.5544543380649687
v 0.9011954553463415 2.2826856125159214 2.531017314902127
v 0.8465084321834997 2.1576856125159214 2.6325793380649687
v 0.7215084321834997 2.2123735893530796 2.5544543380649687
v 0.8465084321834997 2.1576856125159214 2.6325793380649687
v 0.7215084321834997 2.1264356125159214 2.593517314902127
v 0.7215084321834997 2.2123735893530796 2.5544543380649687
v 0.7215084321834997 2.1264356125159214 2.593517314902127
v 0.5965084321834997 2.1576856125159214 2.6325793380649687
v 0.7215084321834997 2.2123735893530796 2.5544543380649687
v 0.5965084321834997 2.1576856125159214 2.6325793380649687
v 0.5418204553463415 2.2826856125159214 2.531017314902127
v 0.7215084321834997 2.1264356125159214 2.593517314902127
v 0.8465084321834997 2.1576856125159214 2.6325793380649687
v 0.8621334321834997 1.9389356125159216 2.640392314902127
v 0.7215084321834997 2.1264356125159214 2.593517314902127
v 0.8621334321834997 1.9389356125159216 2.640392314902127
v 0.7215084321834997 1.8920606125159216 2.6169543380649687
v 0.7215084321834997 2.1264356125159214 2.593517314902127
v 0.7215084321834997 1.8920606125159216 2.6169543380649687
v 0.5808834321834997 1.9389356125159216 2.640392314902127
v 0.7215084321834997 2.1264356125159214 2.593517314902127
v 0.5808834321834997 1.9389356125159216 2.640392314902127
v 0.5965084321834997 2.1576856125159214 2.6325793380649687
v 0.7215084321834997 1.8920606125159216 2.6169543380649687
v 0.8621334321834997 1.9389356125159216 2.640392314902127
v 0.8855704553463415 1.7514356125159216 2.7107043380649687
v 0.7215084321834997 1.8920606125159216 2.6169543380649687
v 0.8855704553463415 1.7514356125159216 2.7107043380649687
v 0.7215084321834997 1.7201856125159216 2.734142314902127
v 0.7215084321834997 1.8920606125159216 2.6169543380649687
v 0.7215084321834997 1.7201856125159216 2.734142314902127
v 0.5574454553463415 1.7514356125159216 2.7107043380649687
v 0.7215084321834997 1.8920606125159216 2.6169543380649687
v 0.5574454553463415 1.7514356125159216 2.7107043380649687
v 0.5808834321834997 1.9389356125159216 2.640392314902127
v 0.7215084321834997 1.7123736191554022 2.8513293380649687
v 0.7215084321834997 1.7201856125159216 2.734142314902127
v 0.8855704553463415 1.7514356125159216 2.7107043380649687
v 0.7215084321834997 1.7123736191554022 2.8513293380649687
v 0.8855704553463415 1.7514356125159216 2.7107043380649687
v 0.9011954553463415 1.7279986191554022 2.827892314902127
v 0.7215084321834997 1.7123736191554022 2.8513293380649687
v 0.5418204553463415 1.7279986191554022 2.827892314902127
v 0.5574454553463415 1.7514356125159216 2.7107043380649687
v 0.7215084321834997 1.7123736191554022 2.8513293380649687
v 0.5574454553463415 1.7514356125159216 2.7107043380649687
v 0.7215084321834997 1.7201856125159216 2.734142314902127
v 0.9011954553463415 1.7279986191554022 2.827892314902127
v 0.8855704553463415 1.7514356125159216 2.7107043380649687
v 1.0496334321834997 1.7826856125159216 2.671642314902127
v 0.9011954553463415 1.7279986191554022 2.827892314902127
v 1.0496334321834997 1.7826856125159216 2.671642314902127
v 1.0496334321834997 1.7514356125159216 2.796642314902127
v 0.5418204553463415 1.7279986191554022 2.827892314902127
v 0.3933834321834997 1.7514356125159216 2.796642314902127
v 0.3933834321834997 1.7826856125159216 2.671642314902127
v 0.5418204553463415 1.7279986191554022 2.827892314902127
v 0.3933834321834997 1.7826856125159216 2.671642314902127
v 0.5574454553463415 1.7514356125159216 2.7107043380649687
v 1.0496334321834997 1.7514356125159216 2.796642314902127
v 1.0496334321834997 1.7826856125159216 2.671642314902127
v 1.0105704553463415 1.9858106125159216 2.656017314902127
v 1.0496334321834997 1.7514356125159216 2.796642314902127
v 1.0105704553463415 1.9858106125159216 2.656017314902127
v 1.0886954553463415 1.8061236191554022 2.8044543380649687
v 0.3933834321834997 1.7514356125159216 2.796642314902127
v 0.3543204553463415 1.8061236191554022 2.8044543380649687
v 0.4324454553463415 1.9858106125159216 2.656017314902127
v 0.3933834321834997 1.7514356125159216 2.796642314902127
v 0.4324454553463415 1.9858106125159216 2.656017314902127
v 0.3933834321834997 1.7826856125159216 2.671642314902127
v 1.0886954553463415 1.8061236191554022 2.8044543380649687
v 1.0105704553463415 1.9858106125159216 2.656017314902127
v 0.9715084321834997 2.1967485893530796 2.6638293380649687
v 1.0886954553463415 1.8061236191554022 2.8044543380649687
v 0.9715084321834997 2.1967485893530796 2.6638293380649687
v 1.0730704553463415 2.0014356125159214 2.843517314902127
v 0.3543204553463415 1.8061236191554022 2.8044543380649687
v 0.3699454553463415 2.0014356125159214 2.843517314902127
v 0.4715084321834997 2.1967485893530796 2.6638293380649687
v 0.3543204553463415 1.8061236191554022 2.8044543380649687
v 0.4715084321834997 2.1967485893530796 2.6638293380649687
v 0.4324454553463415 1.9858106125159216 2.656017314902127
v 0.8621334321834997 1.9389356125159216 2.640392314902127
v 0.8465084321834997 2.1576856125159214 2.6325793380649687
v 0.9715084321834997 2.1967485893530796 2.6638293380649687
v 0.8621334321834997 1.9389356125159216 2.640392314902127
v 0.9715084321834997 2.1967485893530796 2.6638293380649687
v 1.0105704553463415 1.9858106125159216 2.656017314902127
v 0.5808834321834997 1.9389356125159216 2.640392314902127
v 0.4324454553463415 1.9858106125159216 2.656017314902127
v 0.4715084321834997 2.1967485893530796 2.6638293380649687
v 0.5808834321834997 1.9389356125159216 2.640392314902127
v 0.4715084321834997 2.1967485893530796 2.6638293380649687
v 0.5965084321834997 2.1576856125159214 2.6325793380649687
v 1.0496334321834997 1.7826856125159216 2.671642314902127
v 0.8855704553463415 1.7514356125159216 2.7107043380649687
v 0.8621334321834997 1.9389356125159216 2.640392314902127
v 1.0496334321834997 1.7826856125159216 2.671642314902127
v 0.8621334321834997 1.9389356125159216 2.640392314902127
v 1.0105704553463415 1.9858106125159216 2.656017314902127
v 0.3933834321834997 1.7826856125159216 2.671642314902127
v 0.4324454553463415 1.9858106125159216 2.656017314902127
v 0.5808834321834997 1.9389356125159216 2.640392314902127
v 0.3933834321834997 1.7826856125159216 2.671642314902127
v 0.5808834321834997 1.9389356125159216 2.640392314902127
v 0.5574454553463415 1.7514356125159216 2.7107043380649687
v 0.9715084321834997 2.1967485893530796 2.6638293380649687
v 0.8465084321834997 2.1576856125159214 2.6325793380649687
v 0.9011954553463415 2.2826856125159214 2.531017314902127
v 0.9715084321834997 2.1967485893530796 2.6638293380649687
v 0.9011954553463415 2.2826856125159214 2.531017314902127
v 0.9558834321834997 2.3451856125159214 2.6794543380649687
v 0.4715084321834997 2.1967485893530796 2.6638293380649687
v 0.4871334321834997 2.3451856125159214 2.6794543380649687
v 0.5418204553463415 2.2826856125159214 2.531017314902127
v 0.4715084321834997 2.1967485893530796 2.6638293380649687
v 0.5418204553463415 2.2826856125159214 2.531017314902127
v 0.5965084321834997 2.1576856125159214 2.6325793380649687
v 1.0730704553463415 2.0014356125159214 2.843517314902127
v 0.9715084321834997 2.1967485893530796 2.6638293380649687
v 0.9558834321834997 2.3451856125159214 2.6794543380649687
v 1.0730704553463415 2.0014356125159214 2.843517314902127
v 0.9558834321834997 2.3451856125159214 2.6794543380649687
v 1.0340084321834997 2.2592485893530796 2.843517314902127
v 0.3699454553463415 2.0014356125159214 2.843517314902127
v 0.4090084321834997 2.2592485893530796 2.843517314902127
v 0.4871334321834997 2.3451856125159214 2.6794543380649687
v 0.3699454553463415 2.0014356125159214 2.843517314902127
v 0.4871334321834997 2.3451856125159214 2.6794543380649687
v 0.4715084321834997 2.1967485893530796 2.6638293380649687
v 0.9402584321834997 2.4154985893530796 2.702892314902127
v 0.9324454553463415 2.4701856125159214 2.7419543380649687
v 0.9558834321834997 2.4467485893530796 2.827892314902127
v 0.9402584321834997 2.4154985893530796 2.702892314902127
v 0.9558834321834997 2.4467485893530796 2.827892314902127
v 0.9793204553463415 2.3842485893530796 2.827892314902127
v 0.5027584321834997 2.4154985893530796 2.702892314902127
v 0.4636954553463415 2.3842485893530796 2.827892314902127
v 0.4871334321834997 2.4467485893530796 2.827892314902127
v 0.5027584321834997 2.4154985893530796 2.702892314902127
v 0.4871334321834997 2.4467485893530796 2.827892314902127
v 0.5105704553463415 2.4701856125159214 2.7419543380649687
v 0.9558834321834997 2.3451856125159214 2.6794543380649687
v 0.9402584321834997 2.4154985893530796 2.702892314902127
v 0.9793204553463415 2.3842485893530796 2.827892314902127
v 0.9558834321834997 2.3451856125159214 2.6794543380649687
v 0.9793204553463415 2.3842485893530796 2.827892314902127
v 1.0340084321834997 2.2592485893530796 2.843517314902127
v 0.4871334321834997 2.3451856125159214 2.6794543380649687
v 0.4090084321834997 2.2592485893530796 2.843517314902127
v 0.4636954553463415 2.3842485893530796 2.827892314902127
v 0.4871334321834997 2.3451856125159214 2.6794543380649687
v 0.4636954553463415 2.3842485893530796 2.827892314902127
v 0.5027584321834997 2.4154985893530796 2.702892314902127
v 0.9558834321834997 2.4467485893530796 2.827892314902127
v 0.9324454553463415 2.4701856125159214 2.7419543380649687
v 0.9246334321834997 2.5248735893530796 2.7732043380649687
v 0.9558834321834997 2.4467485893530796 2.827892314902127
v 0.9246334321834997 2.5248735893530796 2.7732043380649687
v 0.9246334321834997 2.5092485893530796 2.8357043380649687
v 0.4871334321834997 2.4467485893530796 2.827892314902127
v 0.5183834321834997 2.5092485893530796 2.8357043380649687
v 0.5183834321834997 2.5248735893530796 2.7732043380649687
v 0.4871334321834997 2.4467485893530796 2.827892314902127
v 0.5183834321834997 2.5248735893530796 2.7732043380649687
v 0.5105704553463415 2.4701856125159214 2.7419543380649687
v 0.9246334321834997 2.5248735893530796 2.7732043380649687
v 1.1590084321834997 2.6029985893530796 2.7419543380649687
v 1.1590084321834997 2.5561235893530796 2.8044543380649687
v 0.9246334321834997 2.5248735893530796 2.7732043380649687
v 1.1590084321834997 2.5561235893530796 2.8044543380649687
v 0.9246334321834997 2.5092485893530796 2.8357043380649687
v 0.5183834321834997 2.5248735893530796 2.7732043380649687
v 0.5183834321834997 2.5092485893530796 2.8357043380649687
v 0.2840084321834997 2.5561235893530796 2.8044543380649687
v 0.5183834321834997 2.5248735893530796 2.7732043380649687
v 0.2840084321834997 2.5561235893530796 2.8044543380649687
v 0.2840084321834997 2.6029985893530796 2.7419543380649687
v 1.0574454553463415 2.7514356125159214 1.6091425533207058
v 1.0652584321834997 2.5483106125159214 1.7341425533207058
v 0.7215084321834997 2.5014356125159214 1.6013295764835476
v 1.0574454553463415 2.7514356125159214 1.6091425533207058
v 0.7215084321834997 2.5014356125159214 1.6013295764835476
v 0.7215084321834997 2.7670606125159214 1.4450795764835476
v 0.3855704553463415 2.7514356125159214 1.6091425533207058
v 0.7215084321834997 2.7670606125159214 1.4450795764835476
v 0.7215084321834997 2.5014356125159214 1.6013295764835476
v 0.3855704553463415 2.7514356125159214 1.6091425533207058
v 0.7215084321834997 2.5014356125159214 1.6013295764835476
v 0.3777584321834997 2.5483106125159214 1.7341425533207058
v 1.0652584321834997 2.5483106125159214 1.7341425533207058
v 1.0183834321834997 2.3842485893530796 2.007579576483548
v 0.7215084321834997 2.3139356125159214 1.9216425533207058
v 1.0652584321834997 2.5483106125159214 1.7341425533207058
v 0.7215084321834997 2.3139356125159214 1.9216425533207058
v 0.7215084321834997 2.5014356125159214 1.6013295764835476
v 0.3777584321834997 2.5483106125159214 1.7341425533207058
v 0.7215084321834997 2.5014356125159214 1.6013295764835476
v 0.7215084321834997 2.3139356125159214 1.9216425533207058
v 0.3777584321834997 2.5483106125159214 1.7341425533207058
v 0.7215084321834997 2.3139356125159214 1.9216425533207058
v 0.4246334321834997 2.3842485893530796 2.007579576483548
v 1.0183834321834997 2.3842485893530796 2.007579576483548
v 0.9324454553463415 2.3061235893530796 2.437267314902127
v 0.7215084321834997 2.2358106125159214 2.4607043380649687
v 1.0183834321834997 2.3842485893530796 2.007579576483548
v 0.7215084321834997 2.2358106125159214 2.4607043380649687
v 0.7215084321834997 2.3139356125159214 1.9216425533207058
v 0.4246334321834997 2.3842485893530796 2.007579576483548
v 0.7215084321834997 2.3139356125159214 1.9216425533207058
v 0.7215084321834997 2.2358106125159214 2.4607043380649687
v 0.4246334321834997 2.3842485893530796 2.007579576483548
v 0.7215084321834997 2.2358106125159214 2.4607043380649687
v 0.5105704553463415 2.3061235893530796 2.437267314902127
v 0.9324454553463415 2.3061235893530796 2.437267314902127
v 0.9011954553463415 2.2826856125159214 2.531017314902127
v 0.7215084321834997 2.2123735893530796 2.5544543380649687
v 0.9324454553463415 2.3061235893530796 2.437267314902127
v 0.7215084321834997 2.2123735893530796 2.5544543380649687
v 0.7215084321834997 2.2358106125159214 2.4607043380649687
v 0.5105704553463415 2.3061235893530796 2.437267314902127
v 0.7215084321834997 2.2358106125159214 2.4607043380649687
v 0.7215084321834997 2.2123735893530796 2.5544543380649687
v 0.5105704553463415 2.3061235893530796 2.437267314902127
v 0.7215084321834997 2.2123735893530796 2.5544543380649687
v 0.5418204553463415 2.2826856125159214 2.531017314902127
v 0.9011954553463415 2.2826856125159214 2.531017314902127
v 0.9324454553463415 2.3061235893530796 2.437267314902127
v 0.9402584321834997 2.4154985893530796 2.702892314902127
v 0.9011954553463415 2.2826856125159214 2.531017314902127
v 0.9402584321834997 2.4154985893530796 2.702892314902127
v 0.9558834321834997 2.3451856125159214 2.6794543380649687
v 0.5418204553463415 2.2826856125159214 2.531017314902127
v 0.4871334321834997 2.3451856125159214 2.6794543380649687
v 0.5027584321834997 2.4154985893530796 2.702892314902127
v 0.5418204553463415 2.2826856125159214 2.531017314902127
v 0.5027584321834997 2.4154985893530796 2.702892314902127
v 0.5105704553463415 2.3061235893530796 2.437267314902127
v 1.323070336137052 2.6967485893530796 2.687267314902127
v 1.4558834321834997 2.6498735893530796 2.343517314902127
v 1.573070336137052 2.9311235893530796 2.327892314902127
v 1.323070336137052 2.6967485893530796 2.687267314902127
v 1.573070336137052 2.9311235893530796 2.327892314902127
v 1.494945336137052 2.8608106125159214 2.6482043380649687
v 0.11994545534634149 2.6967485893530796 2.687267314902127
v -0.05192954465365851 2.8608106125159214 2.6482043380649687
v -0.1300545446536585 2.9311235893530796 2.327892314902127
v 0.11994545534634149 2.6967485893530796 2.687267314902127
v -0.1300545446536585 2.9311235893530796 2.327892314902127
v -0.012866567816500307 2.6498735893530796 2.343517314902127
v 1.1824454553463415 3.1342485893530796 1.5700795764835476
v 1.0574454553463415 2.7514356125159214 1.6091425533207058
v 0.7215084321834997 2.7670606125159214 1.4450795764835476
v 1.1824454553463415 3.1342485893530796 1.5700795764835476
v 0.7215084321834997 2.7670606125159214 1.4450795764835476
v 0.7215084321834997 3.2592485893530796 1.4216425533207058
v 0.2605704553463415 3.1342485893530796 1.5700795764835476
v 0.7215084321834997 3.2592485893530796 1.4216425533207058
v 0.7215084321834997 2.7670606125159214 1.4450795764835476
v 0.2605704553463415 3.1342485893530796 1.5700795764835476
v 0.7215084321834997 2.7670606125159214 1.4450795764835476
v 0.3855704553463415 2.7514356125159214 1.6091425533207058
v 1.1746334321834997 3.548310493306632 2.5075793380649687
v 1.1746334321834997 3.626435493306632 2.202892314902127
v 0.7215084321834997 3.681123708562369 2.1950793380649687
v 1.1746334321834997 3.548310493306632 2.5075793380649687
v 0.7215084321834997 3.681123708562369 2.1950793380649687
v 0.7215084321834997 3.595185493306632 2.562267314902127
v 0.2683834321834997 3.548310493306632 2.5075793380649687
v 0.7215084321834997 3.595185493306632 2.562267314902127
v 0.7215084321834997 3.681123708562369 2.1950793380649687
v 0.2683834321834997 3.548310493306632 2.5075793380649687
v 0.7215084321834997 3.681123708562369 2.1950793380649687
v 0.2683834321834997 3.626435493306632 2.202892314902127
v 1.1746334321834997 3.626435493306632 2.202892314902127
v 1.1746334321834997 3.563935493306632 1.8903925533207058
v 0.7215084321834997 3.595185493306632 1.7263295764835476
v 1.1746334321834997 3.626435493306632 2.202892314902127
v 0.7215084321834997 3.595185493306632 1.7263295764835476
v 0.7215084321834997 3.681123708562369 2.1950793380649687
v 0.2683834321834997 3.626435493306632 2.202892314902127
v 0.7215084321834997 3.681123708562369 2.1950793380649687
v 0.7215084321834997 3.595185493306632 1.7263295764835476
v 0.2683834321834997 3.626435493306632 2.202892314902127
v 0.7215084321834997 3.595185493306632 1.7263295764835476
v 0.2683834321834997 3.563935493306632 1.8903925533207058
v 1.1746334321834997 3.563935493306632 1.8903925533207058
v 1.1824454553463415 3.1342485893530796 1.5700795764835476
v 0.7215084321834997 3.2592485893530796 1.4216425533207058
v 1.1746334321834997 3.563935493306632 1.8903925533207058
v 0.7215084321834997 3.2592485893530796 1.4216425533207058
v 0.7215084321834997 3.595185493306632 1.7263295764835476
v 0.2683834321834997 3.563935493306632 1.8903925533207058
v 0.7215084321834997 3.595185493306632 1.7263295764835476
v 0.7215084321834997 3.2592485893530796 1.4216425533207058
v 0.2683834321834997 3.563935493306632 1.8903925533207058
v 0.7215084321834997 3.2592485893530796 1.4216425533207058
v 0.2605704553463415 3.1342485893530796 1.5700795764835476
v 1.5183834321834997 3.1029985893530796 2.734142314902127
v 1.448070336137052 3.1029985893530796 2.609142314902127
v 1.354320336137052 3.1498735893530796 2.5544543380649687
v 1.5183834321834997 3.1029985893530796 2.734142314902127
v 1.354320336137052 3.1498735893530796 2.5544543380649687
v 1.401195336137052 3.1498735893530796 2.765392314902127
v -0.07536656781650031 3.1029985893530796 2.734142314902127
v 0.04182045534634149 3.1498735893530796 2.765392314902127
v 0.08869545534634149 3.1498735893530796 2.5544543380649687
v -0.07536656781650031 3.1029985893530796 2.734142314902127
v 0.08869545534634149 3.1498735893530796 2.5544543380649687
v -0.00505454465365851 3.1029985893530796 2.609142314902127
v 1.448070336137052 3.1029985893530796 2.609142314902127
v 1.5183834321834997 3.2592485893530796 2.3982043380649687
v 1.3621334321834997 3.3998735893530796 2.327892314902127
v 1.448070336137052 3.1029985893530796 2.609142314902127
v 1.3621334321834997 3.3998735893530796 2.327892314902127
v 1.354320336137052 3.1498735893530796 2.5544543380649687
v -0.00505454465365851 3.1029985893530796 2.609142314902127
v 0.08869545534634149 3.1498735893530796 2.5544543380649687
v 0.08088343218349969 3.3998735893530796 2.327892314902127
v -0.00505454465365851 3.1029985893530796 2.609142314902127
v 0.08088343218349969 3.3998735893530796 2.327892314902127
v -0.07536656781650031 3.2592485893530796 2.3982043380649687
v 1.5183834321834997 3.2592485893530796 2.3982043380649687
v 1.5183834321834997 3.3139356125159214 2.156017553320706
v 1.3621334321834997 3.446748708562369 2.077892553320706
v 1.5183834321834997 3.2592485893530796 2.3982043380649687
v 1.3621334321834997 3.446748708562369 2.077892553320706
v 1.3621334321834997 3.3998735893530796 2.327892314902127
v -0.07536656781650031 3.2592485893530796 2.3982043380649687
v 0.08088343218349969 3.3998735893530796 2.327892314902127
v 0.08088343218349969 3.446748708562369 2.077892553320706
v -0.07536656781650031 3.2592485893530796 2.3982043380649687
v 0.08088343218349969 3.446748708562369 2.077892553320706
v -0.07536656781650031 3.3139356125159214 2.156017553320706
v 1.5183834321834997 3.3139356125159214 2.156017553320706
v 1.5183834321834997 3.2358106125159214 1.9138295764835476
v 1.3621334321834997 3.3764356125159214 1.8278925533207058
v 1.5183834321834997 3.3139356125159214 2.156017553320706
v 1.3621334321834997 3.3764356125159214 1.8278925533207058
v 1.3621334321834997 3.446748708562369 2.077892553320706
v -0.07536656781650031 3.3139356125159214 2.156017553320706
v 0.08088343218349969 3.446748708562369 2.077892553320706
v 0.08088343218349969 3.3764356125159214 1.8278925533207058
v -0.07536656781650031 3.3139356125159214 2.156017553320706
v 0.08088343218349969 3.3764356125159214 1.8278925533207058
v -0.07536656781650031 3.2358106125159214 1.9138295764835476
v 1.338695336137052 3.0248735893530796 1.6872675533207058
v 1.3621334321834997 3.3764356125159214 1.8278925533207058
v 1.5183834321834997 3.2358106125159214 1.9138295764835476
v 1.338695336137052 3.0248735893530796 1.6872675533207058
v 1.5183834321834997 3.2358106125159214 1.9138295764835476
v 1.494945336137052 2.9623735893530796 1.8357045764835476
v 0.10432045534634149 3.0248735893530796 1.6872675533207058
v -0.05192954465365851 2.9623735893530796 1.8357045764835476
v -0.07536656781650031 3.2358106125159214 1.9138295764835476
v 0.10432045534634149 3.0248735893530796 1.6872675533207058
v -0.07536656781650031 3.2358106125159214 1.9138295764835476
v 0.08088343218349969 3.3764356125159214 1.8278925533207058
v 1.1746334321834997 3.563935493306632 1.8903925533207058
v 1.3621334321834997 3.3764356125159214 1.8278925533207058
v 1.338695336137052 3.0248735893530796 1.6872675533207058
v 1.1746334321834997 3.563935493306632 1.8903925533207058
v 1.338695336137052 3.0248735893530796 1.6872675533207058
v 1.1824454553463415 3.1342485893530796 1.5700795764835476
v 0.2683834321834997 3.563935493306632 1.8903925533207058
v 0.2605704553463415 3.1342485893530796 1.5700795764835476
v 0.10432045534634149 3.0248735893530796 1.6872675533207058
v 0.2683834321834997 3.563935493306632 1.8903925533207058
v 0.10432045534634149 3.0248735893530796 1.6872675533207058
v 0.08088343218349969 3.3764356125159214 1.8278925533207058
v 1.1746334321834997 3.626435493306632 2.202892314902127
v 1.3621334321834997 3.446748708562369 2.077892553320706
v 1.3621334321834997 3.3764356125159214 1.8278925533207058
v 1.1746334321834997 3.626435493306632 2.202892314902127
v 1.3621334321834997 3.3764356125159214 1.8278925533207058
v 1.1746334321834997 3.563935493306632 1.8903925533207058
v 0.2683834321834997 3.626435493306632 2.202892314902127
v 0.2683834321834997 3.563935493306632 1.8903925533207058
v 0.08088343218349969 3.3764356125159214 1.8278925533207058
v 0.2683834321834997 3.626435493306632 2.202892314902127
v 0.08088343218349969 3.3764356125159214 1.8278925533207058
v 0.08088343218349969 3.446748708562369 2.077892553320706
v 1.1746334321834997 3.548310493306632 2.5075793380649687
v 1.3621334321834997 3.3998735893530796 2.327892314902127
v 1.3621334321834997 3.446748708562369 2.077892553320706
v 1.1746334321834997 3.548310493306632 2.5075793380649687
v 1.3621334321834997 3.446748708562369 2.077892553320706
v 1.1746334321834997 3.626435493306632 2.202892314902127
v 0.2683834321834997 3.548310493306632 2.5075793380649687
v 0.2683834321834997 3.626435493306632 2.202892314902127
v 0.08088343218349969 3.446748708562369 2.077892553320706
v 0.2683834321834997 3.548310493306632 2.5075793380649687
v 0.08088343218349969 3.446748708562369 2.077892553320706
v 0.08088343218349969 3.3998735893530796 2.327892314902127
v 1.1824454553463415 3.2201856125159214 2.702892314902127
v 1.354320336137052 3.1498735893530796 2.5544543380649687
v 1.3621334321834997 3.3998735893530796 2.327892314902127
v 1.1824454553463415 3.2201856125159214 2.702892314902127
v 1.3621334321834997 3.3998735893530796 2.327892314902127
v 1.1746334321834997 3.548310493306632 2.5075793380649687
v 0.2605704553463415 3.2201856125159214 2.702892314902127
v 0.2683834321834997 3.548310493306632 2.5075793380649687
v 0.08088343218349969 3.3998735893530796 2.327892314902127
v 0.2605704553463415 3.2201856125159214 2.702892314902127
v 0.08088343218349969 3.3998735893530796 2.327892314902127
v 0.08869545534634149 3.1498735893530796 2.5544543380649687
v 1.401195336137052 3.1498735893530796 2.765392314902127
v 1.354320336137052 3.1498735893530796 2.5544543380649687
v 1.1824454553463415 3.2201856125159214 2.702892314902127
v 1.401195336137052 3.1498735893530796 2.765392314902127
v 1.1824454553463415 3.2201856125159214 2.702892314902127
v 1.2058834321834997 3.2514356125159214 2.827892314902127
v 0.04182045534634149 3.1498735893530796 2.765392314902127
v 0.2371334321834997 3.2514356125159214 2.827892314902127
v 0.2605704553463415 3.2201856125159214 2.702892314902127
v 0.04182045534634149 3.1498735893530796 2.765392314902127
v 0.2605704553463415 3.2201856125159214 2.702892314902127
v 0.08869545534634149 3.1498735893530796 2.5544543380649687
v 1.1824454553463415 3.2201856125159214 2.702892314902127
v 1.1746334321834997 3.548310493306632 2.5075793380649687
v 0.7215084321834997 3.595185493306632 2.562267314902127
v 1.1824454553463415 3.2201856125159214 2.702892314902127
v 0.7215084321834997 3.595185493306632 2.562267314902127
v 0.7215084321834997 3.2670606125159214 2.843517314902127
v 0.2605704553463415 3.2201856125159214 2.702892314902127
v 0.7215084321834997 3.2670606125159214 2.843517314902127
v 0.7215084321834997 3.595185493306632 2.562267314902127
v 0.2605704553463415 3.2201856125159214 2.702892314902127
v 0.7215084321834997 3.595185493306632 2.562267314902127
v 0.2683834321834997 3.548310493306632 2.5075793380649687
v 0.9168204553463415 3.3608106125159214 2.890392314902127
v 1.0574454553463415 3.3842485893530796 2.8669543380649687
v 1.2058834321834997 3.2514356125159214 2.827892314902127
v 0.9168204553463415 3.3608106125159214 2.890392314902127
v 1.2058834321834997 3.2514356125159214 2.827892314902127
v 0.8308834321834997 3.1576856125159214 2.8825793380649687
v 0.5261954553463415 3.3608106125159214 2.890392314902127
v 0.6121334321834997 3.1576856125159214 2.8825793380649687
v 0.2371334321834997 3.2514356125159214 2.827892314902127
v 0.5261954553463415 3.3608106125159214 2.890392314902127
v 0.2371334321834997 3.2514356125159214 2.827892314902127
v 0.3855704553463415 3.3842485893530796 2.8669543380649687
v 1.2058834321834997 3.2514356125159214 2.827892314902127
v 1.1824454553463415 3.2201856125159214 2.702892314902127
v 0.7215084321834997 3.2670606125159214 2.843517314902127
v 1.2058834321834997 3.2514356125159214 2.827892314902127
v 0.7215084321834997 3.2670606125159214 2.843517314902127
v 0.8308834321834997 3.1576856125159214 2.8825793380649687
v 0.2371334321834997 3.2514356125159214 2.827892314902127
v 0.6121334321834997 3.1576856125159214 2.8825793380649687
v 0.7215084321834997 3.2670606125159214 2.843517314902127
v 0.2371334321834997 3.2514356125159214 2.827892314902127
v 0.7215084321834997 3.2670606125159214 2.843517314902127
v 0.2605704553463415 3.2201856125159214 2.702892314902127
v 0.8308834321834997 3.1576856125159214 2.8825793380649687
v 0.7215084321834997 3.2670606125159214 2.843517314902127
v 0.7215084321834997 3.1029985893530796 2.874767314902127
v 0.6121334321834997 3.1576856125159214 2.8825793380649687
v 0.7215084321834997 3.1029985893530796 2.874767314902127
v 0.7215084321834997 3.2670606125159214 2.843517314902127
v 1.494945336137052 2.8608106125159214 2.6482043380649687
v 1.573070336137052 2.9311235893530796 2.327892314902127
v 1.448070336137052 3.1029985893530796 2.609142314902127
v 1.494945336137052 2.8608106125159214 2.6482043380649687
v 1.448070336137052 3.1029985893530796 2.609142314902127
v 1.5183834321834997 3.1029985893530796 2.734142314902127
v -0.05192954465365851 2.8608106125159214 2.6482043380649687
v -0.07536656781650031 3.1029985893530796 2.734142314902127
v -0.00505454465365851 3.1029985893530796 2.609142314902127
v -0.05192954465365851 2.8608106125159214 2.6482043380649687
v -0.00505454465365851 3.1029985893530796 2.609142314902127
v -0.1300545446536585 2.9311235893530796 2.327892314902127
v 1.5808834321834997 3.0170606125159214 2.2263293380649687
v 1.5183834321834997 3.2592485893530796 2.3982043380649687
v 1.448070336137052 3.1029985893530796 2.609142314902127
v 1.5808834321834997 3.0170606125159214 2.2263293380649687
v 1.448070336137052 3.1029985893530796 2.609142314902127
v 1.573070336137052 2.9311235893530796 2.327892314902127
v -0.1378665678165003 3.0170606125159214 2.2263293380649687
v -0.1300545446536585 2.9311235893530796 2.327892314902127
v -0.00505454465365851 3.1029985893530796 2.609142314902127
v -0.1378665678165003 3.0170606125159214 2.2263293380649687
v -0.00505454465365851 3.1029985893530796 2.609142314902127
v -0.07536656781650031 3.2592485893530796 2.3982043380649687
v 1.541820336137052 3.0248735893530796 2.070079576483548
v 1.5183834321834997 3.3139356125159214 2.156017553320706
v 1.5183834321834997 3.2592485893530796 2.3982043380649687
v 1.541820336137052 3.0248735893530796 2.070079576483548
v 1.5183834321834997 3.2592485893530796 2.3982043380649687
v 1.5808834321834997 3.0170606125159214 2.2263293380649687
v -0.09880454465365851 3.0248735893530796 2.070079576483548
v -0.1378665678165003 3.0170606125159214 2.2263293380649687
v -0.07536656781650031 3.2592485893530796 2.3982043380649687
v -0.09880454465365851 3.0248735893530796 2.070079576483548
v -0.07536656781650031 3.2592485893530796 2.3982043380649687
v -0.07536656781650031 3.3139356125159214 2.156017553320706
v 1.5183834321834997 3.2358106125159214 1.9138295764835476
v 1.5183834321834997 3.3139356125159214 2.156017553320706
v 1.541820336137052 3.0248735893530796 2.070079576483548
v 1.5183834321834997 3.2358106125159214 1.9138295764835476
v 1.541820336137052 3.0248735893530796 2.070079576483548
v 1.494945336137052 2.9623735893530796 1.8357045764835476
v -0.07536656781650031 3.2358106125159214 1.9138295764835476
v -0.05192954465365851 2.9623735893530796 1.8357045764835476
v -0.09880454465365851 3.0248735893530796 2.070079576483548
v -0.07536656781650031 3.2358106125159214 1.9138295764835476
v -0.09880454465365851 3.0248735893530796 2.070079576483548
v -0.07536656781650031 3.3139356125159214 2.156017553320706
v 1.0183834321834997 2.3842485893530796 2.007579576483548
v 1.1511954553463415 2.5014356125159214 2.062267553320706
v 1.1277584321834997 2.5248735893530796 2.421642314902127
v 1.0183834321834997 2.3842485893530796 2.007579576483548
v 1.1277584321834997 2.5248735893530796 2.421642314902127
v 0.9324454553463415 2.3061235893530796 2.437267314902127
v 0.4246334321834997 2.3842485893530796 2.007579576483548
v 0.5105704553463415 2.3061235893530796 2.437267314902127
v 0.3152584321834997 2.5248735893530796 2.421642314902127
v 0.4246334321834997 2.3842485893530796 2.007579576483548
v 0.3152584321834997 2.5248735893530796 2.421642314902127
v 0.2918204553463415 2.5014356125159214 2.062267553320706
v 1.1277584321834997 2.5248735893530796 2.421642314902127
v 1.1511954553463415 2.5014356125159214 2.062267553320706
v 1.3152584321834997 2.5717485893530796 2.109142553320706
v 1.1277584321834997 2.5248735893530796 2.421642314902127
v 1.3152584321834997 2.5717485893530796 2.109142553320706
v 1.4558834321834997 2.6498735893530796 2.343517314902127
v 0.3152584321834997 2.5248735893530796 2.421642314902127
v -0.012866567816500307 2.6498735893530796 2.343517314902127
v 0.1277584321834997 2.5717485893530796 2.109142553320706
v 0.3152584321834997 2.5248735893530796 2.421642314902127
v 0.1277584321834997 2.5717485893530796 2.109142553320706
v 0.2918204553463415 2.5014356125159214 2.062267553320706
v 1.1590084321834997 2.6029985893530796 2.7419543380649687
v 1.1277584321834997 2.5248735893530796 2.421642314902127
v 1.4558834321834997 2.6498735893530796 2.343517314902127
v 1.1590084321834997 2.6029985893530796 2.7419543380649687
v 1.4558834321834997 2.6498735893530796 2.343517314902127
v 1.323070336137052 2.6967485893530796 2.687267314902127
v 0.2840084321834997 2.6029985893530796 2.7419543380649687
v 0.11994545534634149 2.6967485893530796 2.687267314902127
v -0.012866567816500307 2.6498735893530796 2.343517314902127
v 0.2840084321834997 2.6029985893530796 2.7419543380649687
v -0.012866567816500307 2.6498735893530796 2.343517314902127
v 0.3152584321834997 2.5248735893530796 2.421642314902127
v 0.9324454553463415 2.4701856125159214 2.7419543380649687
v 0.9402584321834997 2.4154985893530796 2.702892314902127
v 1.1277584321834997 2.5248735893530796 2.421642314902127
v 0.9324454553463415 2.4701856125159214 2.7419543380649687
v 1.1277584321834997 2.5248735893530796 2.421642314902127
v 1.1590084321834997 2.6029985893530796 2.7419543380649687
v 0.5105704553463415 2.4701856125159214 2.7419543380649687
v 0.2840084321834997 2.6029985893530796 2.7419543380649687
v 0.3152584321834997 2.5248735893530796 2.421642314902127
v 0.5105704553463415 2.4701856125159214 2.7419543380649687
v 0.3152584321834997 2.5248735893530796 2.421642314902127
v 0.5027584321834997 2.4154985893530796 2.702892314902127
v 0.9324454553463415 2.3061235893530796 2.437267314902127
v 1.1277584321834997 2.5248735893530796 2.421642314902127
v 0.9402584321834997 2.4154985893530796 2.702892314902127
v 0.5105704553463415 2.3061235893530796 2.437267314902127
v 0.5027584321834997 2.4154985893530796 2.702892314902127
v 0.3152584321834997 2.5248735893530796 2.421642314902127
v 0.9246334321834997 2.5248735893530796 2.7732043380649687
v 0.9324454553463415 2.4701856125159214 2.7419543380649687
v 1.1590084321834997 2.6029985893530796 2.7419543380649687
v 0.5183834321834997 2.5248735893530796 2.7732043380649687
v 0.2840084321834997 2.6029985893530796 2.7419543380649687
v 0.5105704553463415 2.4701856125159214 2.7419543380649687
v 1.3621334321834997 2.6889356125159214 1.8435175533207058
v 1.2058834321834997 2.7201856125159214 1.7263295764835476
v 1.338695336137052 3.0248735893530796 1.6872675533207058
v 1.3621334321834997 2.6889356125159214 1.8435175533207058
v 1.338695336137052 3.0248735893530796 1.6872675533207058
v 1.494945336137052 2.9623735893530796 1.8357045764835476
v 0.08088343218349969 2.6889356125159214 1.8435175533207058
v -0.05192954465365851 2.9623735893530796 1.8357045764835476
v 0.10432045534634149 3.0248735893530796 1.6872675533207058
v 0.08088343218349969 2.6889356125159214 1.8435175533207058
v 0.10432045534634149 3.0248735893530796 1.6872675533207058
v 0.2371334321834997 2.7201856125159214 1.7263295764835476
v 1.338695336137052 3.0248735893530796 1.6872675533207058
v 1.2058834321834997 2.7201856125159214 1.7263295764835476
v 1.0574454553463415 2.7514356125159214 1.6091425533207058
v 1.338695336137052 3.0248735893530796 1.6872675533207058
v 1.0574454553463415 2.7514356125159214 1.6091425533207058
v 1.1824454553463415 3.1342485893530796 1.5700795764835476
v 0.10432045534634149 3.0248735893530796 1.6872675533207058
v 0.2605704553463415 3.1342485893530796 1.5700795764835476
v 0.3855704553463415 2.7514356125159214 1.6091425533207058
v 0.10432045534634149 3.0248735893530796 1.6872675533207058
v 0.3855704553463415 2.7514356125159214 1.6091425533207058
v 0.2371334321834997 2.7201856125159214 1.7263295764835476
v 1.1511954553463415 2.5014356125159214 2.062267553320706
v 1.2058834321834997 2.7201856125159214 1.7263295764835476
v 1.3621334321834997 2.6889356125159214 1.8435175533207058
v 1.1511954553463415 2.5014356125159214 2.062267553320706
v 1.3621334321834997 2.6889356125159214 1.8435175533207058
v 1.3152584321834997 2.5717485893530796 2.109142553320706
v 0.2918204553463415 2.5014356125159214 2.062267553320706
v 0.1277584321834997 2.5717485893530796 2.109142553320706
v 0.08088343218349969 2.6889356125159214 1.8435175533207058
v 0.2918204553463415 2.5014356125159214 2.062267553320706
v 0.08088343218349969 2.6889356125159214 1.8435175533207058
v 0.2371334321834997 2.7201856125159214 1.7263295764835476
v 1.0652584321834997 2.5483106125159214 1.7341425533207058
v 1.2058834321834997 2.7201856125159214 1.7263295764835476
v 1.1511954553463415 2.5014356125159214 2.062267553320706
v 1.0652584321834997 2.5483106125159214 1.7341425533207058
v 1.1511954553463415 2.5014356125159214 2.062267553320706
v 1.0183834321834997 2.3842485893530796 2.007579576483548
v 0.3777584321834997 2.5483106125159214 1.7341425533207058
v 0.4246334321834997 2.3842485893530796 2.007579576483548
v 0.2918204553463415 2.5014356125159214 2.062267553320706
v 0.3777584321834997 2.5483106125159214 1.7341425533207058
v 0.2918204553463415 2.5014356125159214 2.062267553320706
v 0.2371334321834997 2.7201856125159214 1.7263295764835476
v 1.2058834321834997 2.7201856125159214 1.7263295764835476
v 1.0652584321834997 2.5483106125159214 1.7341425533207058
v 1.0574454553463415 2.7514356125159214 1.6091425533207058
v 0.2371334321834997 2.7201856125159214 1.7263295764835476
v 0.3855704553463415 2.7514356125159214 1.6091425533207058
v 0.3777584321834997 2.5483106125159214 1.7341425533207058
v 1.6121334321834997 3.1029985893530796 2.038829576483548
v 1.6433834321834997 3.0561235893530796 2.054454576483548
v 1.7371334321834997 3.1108106125159214 1.9841425533207058
v 1.6121334321834997 3.1029985893530796 2.038829576483548
v 1.7371334321834997 3.1108106125159214 1.9841425533207058
v 1.744945336137052 3.1733106125159214 1.9607045764835476
v -0.1691165678165003 3.1029985893530796 2.038829576483548
v -0.3019295446536585 3.1733106125159214 1.9607045764835476
v -0.2941165678165003 3.1108106125159214 1.9841425533207058
v -0.1691165678165003 3.1029985893530796 2.038829576483548
v -0.2941165678165003 3.1108106125159214 1.9841425533207058
v -0.2003665678165003 3.0561235893530796 2.054454576483548
v 1.7371334321834997 3.1108106125159214 1.9841425533207058
v 1.9090084321834997 3.1342485893530796 1.8825795764835476
v 1.9558834321834997 3.2045606125159214 1.8513295764835476
v 1.7371334321834997 3.1108106125159214 1.9841425533207058
v 1.9558834321834997 3.2045606125159214 1.8513295764835476
v 1.744945336137052 3.1733106125159214 1.9607045764835476
v -0.2941165678165003 3.1108106125159214 1.9841425533207058
v -0.3019295446536585 3.1733106125159214 1.9607045764835476
v -0.5128665678165003 3.2045606125159214 1.8513295764835476
v -0.2941165678165003 3.1108106125159214 1.9841425533207058
v -0.5128665678165003 3.2045606125159214 1.8513295764835476
v -0.4659915678165003 3.1342485893530796 1.8825795764835476
v 1.9090084321834997 3.1342485893530796 1.8825795764835476
v 1.9871334321834997 2.9858106125159214 1.8669545764835476
v 2.073070336137052 3.0170606125159214 1.8513295764835476
v 1.9090084321834997 3.1342485893530796 1.8825795764835476
v 2.073070336137052 3.0170606125159214 1.8513295764835476
v 1.9558834321834997 3.2045606125159214 1.8513295764835476
v -0.4659915678165003 3.1342485893530796 1.8825795764835476
v -0.5128665678165003 3.2045606125159214 1.8513295764835476
v -0.6300545446536585 3.0170606125159214 1.8513295764835476
v -0.4659915678165003 3.1342485893530796 1.8825795764835476
v -0.6300545446536585 3.0170606125159214 1.8513295764835476
v -0.5441165678165003 2.9858106125159214 1.8669545764835476
v 1.9871334321834997 2.9858106125159214 1.8669545764835476
v 1.932445336137052 2.7748735893530796 1.8669545764835476
v 2.0027584321834997 2.7514356125159214 1.8435175533207058
v 1.9871334321834997 2.9858106125159214 1.8669545764835476
v 2.0027584321834997 2.7514356125159214 1.8435175533207058
v 2.073070336137052 3.0170606125159214 1.8513295764835476
v -0.5441165678165003 2.9858106125159214 1.8669545764835476
v -0.6300545446536585 3.0170606125159214 1.8513295764835476
v -0.5597415678165003 2.7514356125159214 1.8435175533207058
v -0.5441165678165003 2.9858106125159214 1.8669545764835476
v -0.5597415678165003 2.7514356125159214 1.8435175533207058
v -0.4894295446536585 2.7748735893530796 1.8669545764835476
v 1.932445336137052 2.7748735893530796 1.8669545764835476
v 1.7527584321834997 2.6576856125159214 1.9685175533207058
v 1.760570336137052 2.5951856125159214 1.9450795764835476
v 1.932445336137052 2.7748735893530796 1.8669545764835476
v 1.760570336137052 2.5951856125159214 1.9450795764835476
v 2.0027584321834997 2.7514356125159214 1.8435175533207058
v -0.4894295446536585 2.7748735893530796 1.8669545764835476
v -0.5597415678165003 2.7514356125159214 1.8435175533207058
v -0.3175545446536585 2.5951856125159214 1.9450795764835476
v -0.4894295446536585 2.7748735893530796 1.8669545764835476
v -0.3175545446536585 2.5951856125159214 1.9450795764835476
v -0.3097415678165003 2.6576856125159214 1.9685175533207058
v 1.7527584321834997 2.6576856125159214 1.9685175533207058
v 1.5496334321834997 2.6264356125159214 2.140392553320706
v 1.494945336137052 2.5561235893530796 2.148204576483548
v 1.7527584321834997 2.6576856125159214 1.9685175533207058
v 1.494945336137052 2.5561235893530796 2.148204576483548
v 1.760570336137052 2.5951856125159214 1.9450795764835476
v -0.3097415678165003 2.6576856125159214 1.9685175533207058
v -0.3175545446536585 2.5951856125159214 1.9450795764835476
v -0.05192954465365851 2.5561235893530796 2.148204576483548
v -0.3097415678165003 2.6576856125159214 1.9685175533207058
v -0.05192954465365851 2.5561235893530796 2.148204576483548
v -0.10661656781650031 2.6264356125159214 2.140392553320706
v 1.760570336137052 2.6967485893530796 1.9060175533207058
v 1.604320336137052 2.6733106125159214 2.062267553320706
v 1.5496334321834997 2.6264356125159214 2.140392553320706
v 1.760570336137052 2.6967485893530796 1.9060175533207058
v 1.5496334321834997 2.6264356125159214 2.140392553320706
v 1.7527584321834997 2.6576856125159214 1.9685175533207058
v -0.3175545446536585 2.6967485893530796 1.9060175533207058
v -0.3097415678165003 2.6576856125159214 1.9685175533207058
v -0.10661656781650031 2.6264356125159214 2.140392553320706
v -0.3175545446536585 2.6967485893530796 1.9060175533207058
v -0.10661656781650031 2.6264356125159214 2.140392553320706
v -0.1613045446536585 2.6733106125159214 2.062267553320706
v 1.9090084321834997 2.7904985893530796 1.8278925533207058
v 1.760570336137052 2.6967485893530796 1.9060175533207058
v 1.7527584321834997 2.6576856125159214 1.9685175533207058
v 1.9090084321834997 2.7904985893530796 1.8278925533207058
v 1.7527584321834997 2.6576856125159214 1.9685175533207058
v 1.932445336137052 2.7748735893530796 1.8669545764835476
v -0.4659915678165003 2.7904985893530796 1.8278925533207058
v -0.4894295446536585 2.7748735893530796 1.8669545764835476
v -0.3097415678165003 2.6576856125159214 1.9685175533207058
v -0.4659915678165003 2.7904985893530796 1.8278925533207058
v -0.3097415678165003 2.6576856125159214 1.9685175533207058
v -0.3175545446536585 2.6967485893530796 1.9060175533207058
v 1.9558834321834997 2.9467485893530796 1.8278925533207058
v 1.9090084321834997 2.7904985893530796 1.8278925533207058
v 1.932445336137052 2.7748735893530796 1.8669545764835476
v 1.9558834321834997 2.9467485893530796 1.8278925533207058
v 1.932445336137052 2.7748735893530796 1.8669545764835476
v 1.9871334321834997 2.9858106125159214 1.8669545764835476
v -0.5128665678165003 2.9467485893530796 1.8278925533207058
v -0.5441165678165003 2.9858106125159214 1.8669545764835476
v -0.4894295446536585 2.7748735893530796 1.8669545764835476
v -0.5128665678165003 2.9467485893530796 1.8278925533207058
v -0.4894295446536585 2.7748735893530796 1.8669545764835476
v -0.4659915678165003 2.7904985893530796 1.8278925533207058
v 1.8933834321834997 3.0561235893530796 1.8357045764835476
v 1.9558834321834997 2.9467485893530796 1.8278925533207058
v 1.9871334321834997 2.9858106125159214 1.8669545764835476
v 1.8933834321834997 3.0561235893530796 1.8357045764835476
v 1.9871334321834997 2.9858106125159214 1.8669545764835476
v 1.9090084321834997 3.1342485893530796 1.8825795764835476
v -0.4503665678165003 3.0561235893530796 1.8357045764835476
v -0.4659915678165003 3.1342485893530796 1.8825795764835476
v -0.5441165678165003 2.9858106125159214 1.8669545764835476
v -0.4503665678165003 3.0561235893530796 1.8357045764835476
v -0.5441165678165003 2.9858106125159214 1.8669545764835476
v -0.5128665678165003 2.9467485893530796 1.8278925533207058
v 1.744945336137052 3.0404985893530796 1.9138295764835476
v 1.8933834321834997 3.0561235893530796 1.8357045764835476
v 1.9090084321834997 3.1342485893530796 1.8825795764835476
v 1.744945336137052 3.0404985893530796 1.9138295764835476
v 1.9090084321834997 3.1342485893530796 1.8825795764835476
v 1.7371334321834997 3.1108106125159214 1.9841425533207058
v -0.3019295446536585 3.0404985893530796 1.9138295764835476
v -0.2941165678165003 3.1108106125159214 1.9841425533207058
v -0.4659915678165003 3.1342485893530796 1.8825795764835476
v -0.3019295446536585 3.0404985893530796 1.9138295764835476
v -0.4659915678165003 3.1342485893530796 1.8825795764835476
v -0.4503665678165003 3.0561235893530796 1.8357045764835476
v 1.6433834321834997 3.0561235893530796 2.054454576483548
v 1.666820336137052 3.0014356125159214 1.9841425533207058
v 1.744945336137052 3.0404985893530796 1.9138295764835476
v 1.6433834321834997 3.0561235893530796 2.054454576483548
v 1.744945336137052 3.0404985893530796 1.9138295764835476
v 1.7371334321834997 3.1108106125159214 1.9841425533207058
v -0.2003665678165003 3.0561235893530796 2.054454576483548
v -0.2941165678165003 3.1108106125159214 1.9841425533207058
v -0.3019295446536585 3.0404985893530796 1.9138295764835476
v -0.2003665678165003 3.0561235893530796 2.054454576483548
v -0.3019295446536585 3.0404985893530796 1.9138295764835476
v -0.2238045446536585 3.0014356125159214 1.9841425533207058
v 1.3152584321834997 2.5717485893530796 2.109142553320706
v 1.4402584321834997 2.6733106125159214 2.101329576483548
v 1.448070336137052 2.6967485893530796 2.202892314902127
v 1.3152584321834997 2.5717485893530796 2.109142553320706
v 1.448070336137052 2.6967485893530796 2.202892314902127
v 1.4558834321834997 2.6498735893530796 2.343517314902127
v 0.1277584321834997 2.5717485893530796 2.109142553320706
v -0.012866567816500307 2.6498735893530796 2.343517314902127
v -0.00505454465365851 2.6967485893530796 2.202892314902127
v 0.1277584321834997 2.5717485893530796 2.109142553320706
v -0.00505454465365851 2.6967485893530796 2.202892314902127
v 0.0027584321834996928 2.6733106125159214 2.101329576483548
v 1.494945336137052 2.5561235893530796 2.148204576483548
v 1.5496334321834997 2.6264356125159214 2.140392553320706
v 1.4402584321834997 2.6733106125159214 2.101329576483548
v 1.494945336137052 2.5561235893530796 2.148204576483548
v 1.4402584321834997 2.6733106125159214 2.101329576483548
v 1.3152584321834997 2.5717485893530796 2.109142553320706
v -0.05192954465365851 2.5561235893530796 2.148204576483548
v 0.1277584321834997 2.5717485893530796 2.109142553320706
v 0.0027584321834996928 2.6733106125159214 2.101329576483548
v -0.05192954465365851 2.5561235893530796 2.148204576483548
v 0.0027584321834996928 2.6733106125159214 2.101329576483548
v -0.10661656781650031 2.6264356125159214 2.140392553320706
v 1.4558834321834997 2.6498735893530796 2.343517314902127
v 1.448070336137052 2.6967485893530796 2.202892314902127
v 1.5808834321834997 3.0170606125159214 2.2263293380649687
v 1.4558834321834997 2.6498735893530796 2.343517314902127
v 1.5808834321834997 3.0170606125159214 2.2263293380649687
v 1.573070336137052 2.9311235893530796 2.327892314902127
v -0.012866567816500307 2.6498735893530796 2.343517314902127
v -0.1300545446536585 2.9311235893530796 2.327892314902127
v -0.1378665678165003 3.0170606125159214 2.2263293380649687
v -0.012866567816500307 2.6498735893530796 2.343517314902127
v -0.1378665678165003 3.0170606125159214 2.2263293380649687
v -0.00505454465365851 2.6967485893530796 2.202892314902127
v 1.5652584321834997 2.9858106125159214 2.062267553320706
v 1.6433834321834997 3.0561235893530796 2.054454576483548
v 1.6121334321834997 3.1029985893530796 2.038829576483548
v 1.5652584321834997 2.9858106125159214 2.062267553320706
v 1.6121334321834997 3.1029985893530796 2.038829576483548
v 1.541820336137052 3.0248735893530796 2.070079576483548
v -0.12224156781650031 2.9858106125159214 2.062267553320706
v -0.09880454465365851 3.0248735893530796 2.070079576483548
v -0.1691165678165003 3.1029985893530796 2.038829576483548
v -0.12224156781650031 2.9858106125159214 2.062267553320706
v -0.1691165678165003 3.1029985893530796 2.038829576483548
v -0.2003665678165003 3.0561235893530796 2.054454576483548
v 1.604320336137052 2.6733106125159214 2.062267553320706
v 1.5340084321834997 2.6811235893530796 1.9997675533207058
v 1.4402584321834997 2.6733106125159214 2.101329576483548
v 1.604320336137052 2.6733106125159214 2.062267553320706
v 1.4402584321834997 2.6733106125159214 2.101329576483548
v 1.5496334321834997 2.6264356125159214 2.140392553320706
v -0.1613045446536585 2.6733106125159214 2.062267553320706
v -0.10661656781650031 2.6264356125159214 2.140392553320706
v 0.0027584321834996928 2.6733106125159214 2.101329576483548
v -0.1613045446536585 2.6733106125159214 2.062267553320706
v 0.0027584321834996928 2.6733106125159214 2.101329576483548
v -0.09099156781650031 2.6811235893530796 1.9997675533207058
v 1.4402584321834997 2.7358106125159214 2.085704576483548
v 1.4402584321834997 2.6733106125159214 2.101329576483548
v 1.5340084321834997 2.6811235893530796 1.9997675533207058
v 1.4402584321834997 2.7358106125159214 2.085704576483548
v 1.5340084321834997 2.6811235893530796 1.9997675533207058
v 1.5652584321834997 2.7123735893530796 1.9997675533207058
v 0.0027584321834996928 2.7358106125159214 2.085704576483548
v -0.12224156781650031 2.7123735893530796 1.9997675533207058
v -0.09099156781650031 2.6811235893530796 1.9997675533207058
v 0.0027584321834996928 2.7358106125159214 2.085704576483548
v -0.09099156781650031 2.6811235893530796 1.9997675533207058
v 0.0027584321834996928 2.6733106125159214 2.101329576483548
v 1.4402584321834997 2.7358106125159214 2.085704576483548
v 1.5652584321834997 2.7123735893530796 1.9997675533207058
v 1.541820336137052 2.7826856125159214 1.9997675533207058
v 1.4402584321834997 2.7358106125159214 2.085704576483548
v 1.541820336137052 2.7826856125159214 1.9997675533207058
v 1.479320336137052 2.7904985893530796 1.9997675533207058
v 0.0027584321834996928 2.7358106125159214 2.085704576483548
v -0.03630454465365851 2.7904985893530796 1.9997675533207058
v -0.09880454465365851 2.7826856125159214 1.9997675533207058
v 0.0027584321834996928 2.7358106125159214 2.085704576483548
v -0.09880454465365851 2.7826856125159214 1.9997675533207058
v -0.12224156781650031 2.7123735893530796 1.9997675533207058
v 1.5183834321834997 2.8998735893530796 2.062267553320706
v 1.4402584321834997 2.7358106125159214 2.085704576483548
v 1.479320336137052 2.7904985893530796 1.9997675533207058
v 1.5183834321834997 2.8998735893530796 2.062267553320706
v 1.479320336137052 2.7904985893530796 1.9997675533207058
v 1.557445336137052 2.8686235893530796 1.9997675533207058
v -0.07536656781650031 2.8998735893530796 2.062267553320706
v -0.11442954465365851 2.8686235893530796 1.9997675533207058
v -0.03630454465365851 2.7904985893530796 1.9997675533207058
v -0.07536656781650031 2.8998735893530796 2.062267553320706
v -0.03630454465365851 2.7904985893530796 1.9997675533207058
v 0.0027584321834996928 2.7358106125159214 2.085704576483548
v 1.5183834321834997 2.8998735893530796 2.062267553320706
v 1.557445336137052 2.8686235893530796 1.9997675533207058
v 1.6121334321834997 2.9389356125159214 2.007579576483548
v 1.5183834321834997 2.8998735893530796 2.062267553320706
v 1.6121334321834997 2.9389356125159214 2.007579576483548
v 1.5652584321834997 2.9858106125159214 2.062267553320706
v -0.07536656781650031 2.8998735893530796 2.062267553320706
v -0.12224156781650031 2.9858106125159214 2.062267553320706
v -0.1691165678165003 2.9389356125159214 2.007579576483548
v -0.07536656781650031 2.8998735893530796 2.062267553320706
v -0.1691165678165003 2.9389356125159214 2.007579576483548
v -0.11442954465365851 2.8686235893530796 1.9997675533207058
v 1.5652584321834997 2.9858106125159214 2.062267553320706
v 1.6121334321834997 2.9389356125159214 2.007579576483548
v 1.666820336137052 3.0014356125159214 1.9841425533207058
v 1.5652584321834997 2.9858106125159214 2.062267553320706
v 1.666820336137052 3.0014356125159214 1.9841425533207058
v 1.6433834321834997 3.0561235893530796 2.054454576483548
v -0.12224156781650031 2.9858106125159214 2.062267553320706
v -0.2003665678165003 3.0561235893530796 2.054454576483548
v -0.2238045446536585 3.0014356125159214 1.9841425533207058
v -0.12224156781650031 2.9858106125159214 2.062267553320706
v -0.2238045446536585 3.0014356125159214 1.9841425533207058
v -0.1691165678165003 2.9389356125159214 2.007579576483548
v 1.5183834321834997 2.8998735893530796 2.062267553320706
v 1.5652584321834997 2.9858106125159214 2.062267553320706
v 1.541820336137052 3.0248735893530796 2.070079576483548
v 1.5183834321834997 2.8998735893530796 2.062267553320706
v 1.541820336137052 3.0248735893530796 2.070079576483548
v 1.5808834321834997 3.0170606125159214 2.2263293380649687
v -0.07536656781650031 2.8998735893530796 2.062267553320706
v -0.1378665678165003 3.0170606125159214 2.2263293380649687
v -0.09880454465365851 3.0248735893530796 2.070079576483548
v -0.07536656781650031 2.8998735893530796 2.062267553320706
v -0.09880454465365851 3.0248735893530796 2.070079576483548
v -0.12224156781650031 2.9858106125159214 2.062267553320706
v 1.448070336137052 2.6967485893530796 2.202892314902127
v 1.4402584321834997 2.7358106125159214 2.085704576483548
v 1.5183834321834997 2.8998735893530796 2.062267553320706
v 1.448070336137052 2.6967485893530796 2.202892314902127
v 1.5183834321834997 2.8998735893530796 2.062267553320706
v 1.5808834321834997 3.0170606125159214 2.2263293380649687
v -0.00505454465365851 2.6967485893530796 2.202892314902127
v -0.1378665678165003 3.0170606125159214 2.2263293380649687
v -0.07536656781650031 2.8998735893530796 2.062267553320706
v -0.00505454465365851 2.6967485893530796 2.202892314902127
v -0.07536656781650031 2.8998735893530796 2.062267553320706
v 0.0027584321834996928 2.7358106125159214 2.085704576483548
v 1.4402584321834997 2.6733106125159214 2.101329576483548
v 1.4402584321834997 2.7358106125159214 2.085704576483548
v 1.448070336137052 2.6967485893530796 2.202892314902127
v 0.0027584321834996928 2.6733106125159214 2.101329576483548
v -0.00505454465365851 2.6967485893530796 2.202892314902127
v 0.0027584321834996928 2.7358106125159214 2.085704576483548
v 1.6121334321834997 2.9389356125159214 2.007579576483548
v 1.6121334321834997 2.9311235893530796 1.9528925533207058
v 1.6746334321834997 2.9858106125159214 1.9294545764835476
v 1.6121334321834997 2.9389356125159214 2.007579576483548
v 1.6746334321834997 2.9858106125159214 1.9294545764835476
v 1.666820336137052 3.0014356125159214 1.9841425533207058
v -0.1691165678165003 2.9389356125159214 2.007579576483548
v -0.2238045446536585 3.0014356125159214 1.9841425533207058
v -0.2316165678165003 2.9858106125159214 1.9294545764835476
v -0.1691165678165003 2.9389356125159214 2.007579576483548
v -0.2316165678165003 2.9858106125159214 1.9294545764835476
v -0.1691165678165003 2.9311235893530796 1.9528925533207058
v 1.557445336137052 2.8686235893530796 1.9997675533207058
v 1.5652584321834997 2.8686235893530796 1.9528925533207058
v 1.6121334321834997 2.9311235893530796 1.9528925533207058
v 1.557445336137052 2.8686235893530796 1.9997675533207058
v 1.6121334321834997 2.9311235893530796 1.9528925533207058
v 1.6121334321834997 2.9389356125159214 2.007579576483548
v -0.11442954465365851 2.8686235893530796 1.9997675533207058
v -0.1691165678165003 2.9389356125159214 2.007579576483548
v -0.1691165678165003 2.9311235893530796 1.9528925533207058
v -0.11442954465365851 2.8686235893530796 1.9997675533207058
v -0.1691165678165003 2.9311235893530796 1.9528925533207058
v -0.12224156781650031 2.8686235893530796 1.9528925533207058
v 1.479320336137052 2.7904985893530796 1.9997675533207058
v 1.4871334321834997 2.7904985893530796 1.9528925533207058
v 1.5652584321834997 2.8686235893530796 1.9528925533207058
v 1.479320336137052 2.7904985893530796 1.9997675533207058
v 1.5652584321834997 2.8686235893530796 1.9528925533207058
v 1.557445336137052 2.8686235893530796 1.9997675533207058
v -0.03630454465365851 2.7904985893530796 1.9997675533207058
v -0.11442954465365851 2.8686235893530796 1.9997675533207058
v -0.12224156781650031 2.8686235893530796 1.9528925533207058
v -0.03630454465365851 2.7904985893530796 1.9997675533207058
v -0.12224156781650031 2.8686235893530796 1.9528925533207058
v -0.04411656781650031 2.7904985893530796 1.9528925533207058
v 1.541820336137052 2.7826856125159214 1.9997675533207058
v 1.5496334321834997 2.7748735893530796 1.9528925533207058
v 1.4871334321834997 2.7904985893530796 1.9528925533207058
v 1.541820336137052 2.7826856125159214 1.9997675533207058
v 1.4871334321834997 2.7904985893530796 1.9528925533207058
v 1.479320336137052 2.7904985893530796 1.9997675533207058
v -0.09880454465365851 2.7826856125159214 1.9997675533207058
v -0.03630454465365851 2.7904985893530796 1.9997675533207058
v -0.04411656781650031 2.7904985893530796 1.9528925533207058
v -0.09880454465365851 2.7826856125159214 1.9997675533207058
v -0.04411656781650031 2.7904985893530796 1.9528925533207058
v -0.10661656781650031 2.7748735893530796 1.9528925533207058
v 1.5652584321834997 2.7123735893530796 1.9997675533207058
v 1.573070336137052 2.7123735893530796 1.9528925533207058
v 1.5496334321834997 2.7748735893530796 1.9528925533207058
v 1.5652584321834997 2.7123735893530796 1.9997675533207058
v 1.5496334321834997 2.7748735893530796 1.9528925533207058
v 1.541820336137052 2.7826856125159214 1.9997675533207058
v -0.12224156781650031 2.7123735893530796 1.9997675533207058
v -0.09880454465365851 2.7826856125159214 1.9997675533207058
v -0.10661656781650031 2.7748735893530796 1.9528925533207058
v -0.12224156781650031 2.7123735893530796 1.9997675533207058
v -0.10661656781650031 2.7748735893530796 1.9528925533207058
v -0.1300545446536585 2.7123735893530796 1.9528925533207058
v 1.5340084321834997 2.6811235893530796 1.9997675533207058
v 1.5340084321834997 2.6811235893530796 1.9528925533207058
v 1.573070336137052 2.7123735893530796 1.9528925533207058
v 1.5340084321834997 2.6811235893530796 1.9997675533207058
v 1.573070336137052 2.7123735893530796 1.9528925533207058
v 1.5652584321834997 2.7123735893530796 1.9997675533207058
v -0.09099156781650031 2.6811235893530796 1.9997675533207058
v -0.12224156781650031 2.7123735893530796 1.9997675533207058
v -0.1300545446536585 2.7123735893530796 1.9528925533207058
v -0.09099156781650031 2.6811235893530796 1.9997675533207058
v -0.1300545446536585 2.7123735893530796 1.9528925533207058
v -0.09099156781650031 2.6811235893530796 1.9528925533207058
v 1.604320336137052 2.6733106125159214 2.062267553320706
v 1.604320336137052 2.6811235893530796 2.007579576483548
v 1.5340084321834997 2.6811235893530796 1.9528925533207058
v 1.604320336137052 2.6733106125159214 2.062267553320706
v 1.5340084321834997 2.6811235893530796 1.9528925533207058
v 1.5340084321834997 2.6811235893530796 1.9997675533207058
v -0.1613045446536585 2.6733106125159214 2.062267553320706
v -0.09099156781650031 2.6811235893530796 1.9997675533207058
v -0.09099156781650031 2.6811235893530796 1.9528925533207058
v -0.1613045446536585 2.6733106125159214 2.062267553320706
v -0.09099156781650031 2.6811235893530796 1.9528925533207058
v -0.1613045446536585 2.6811235893530796 2.007579576483548
v 1.666820336137052 3.0014356125159214 1.9841425533207058
v 1.6746334321834997 2.9858106125159214 1.9294545764835476
v 1.760570336137052 3.0248735893530796 1.8591425533207058
v 1.666820336137052 3.0014356125159214 1.9841425533207058
v 1.760570336137052 3.0248735893530796 1.8591425533207058
v 1.744945336137052 3.0404985893530796 1.9138295764835476
v -0.2238045446536585 3.0014356125159214 1.9841425533207058
v -0.3019295446536585 3.0404985893530796 1.9138295764835476
v -0.3175545446536585 3.0248735893530796 1.8591425533207058
v -0.2238045446536585 3.0014356125159214 1.9841425533207058
v -0.3175545446536585 3.0248735893530796 1.8591425533207058
v -0.2316165678165003 2.9858106125159214 1.9294545764835476
v 1.744945336137052 3.0404985893530796 1.9138295764835476
v 1.760570336137052 3.0248735893530796 1.8591425533207058
v 1.9090084321834997 3.0404985893530796 1.7888295764835476
v 1.744945336137052 3.0404985893530796 1.9138295764835476
v 1.9090084321834997 3.0404985893530796 1.7888295764835476
v 1.8933834321834997 3.0561235893530796 1.8357045764835476
v -0.3019295446536585 3.0404985893530796 1.9138295764835476
v -0.4503665678165003 3.0561235893530796 1.8357045764835476
v -0.4659915678165003 3.0404985893530796 1.7888295764835476
v -0.3019295446536585 3.0404985893530796 1.9138295764835476
v -0.4659915678165003 3.0404985893530796 1.7888295764835476
v -0.3175545446536585 3.0248735893530796 1.8591425533207058
v 1.8933834321834997 3.0561235893530796 1.8357045764835476
v 1.9090084321834997 3.0404985893530796 1.7888295764835476
v 1.979320336137052 2.9389356125159214 1.7810175533207058
v 1.8933834321834997 3.0561235893530796 1.8357045764835476
v 1.979320336137052 2.9389356125159214 1.7810175533207058
v 1.9558834321834997 2.9467485893530796 1.8278925533207058
v -0.4503665678165003 3.0561235893530796 1.8357045764835476
v -0.5128665678165003 2.9467485893530796 1.8278925533207058
v -0.5363045446536585 2.9389356125159214 1.7810175533207058
v -0.4503665678165003 3.0561235893530796 1.8357045764835476
v -0.5363045446536585 2.9389356125159214 1.7810175533207058
v -0.4659915678165003 3.0404985893530796 1.7888295764835476
v 1.9558834321834997 2.9467485893530796 1.8278925533207058
v 1.979320336137052 2.9389356125159214 1.7810175533207058
v 1.932445336137052 2.7826856125159214 1.7888295764835476
v 1.9558834321834997 2.9467485893530796 1.8278925533207058
v 1.932445336137052 2.7826856125159214 1.7888295764835476
v 1.9090084321834997 2.7904985893530796 1.8278925533207058
v -0.5128665678165003 2.9467485893530796 1.8278925533207058
v -0.4659915678165003 2.7904985893530796 1.8278925533207058
v -0.4894295446536585 2.7826856125159214 1.7888295764835476
v -0.5128665678165003 2.9467485893530796 1.8278925533207058
v -0.4894295446536585 2.7826856125159214 1.7888295764835476
v -0.5363045446536585 2.9389356125159214 1.7810175533207058
v 1.9090084321834997 2.7904985893530796 1.8278925533207058
v 1.932445336137052 2.7826856125159214 1.7888295764835476
v 1.7683834321834997 2.6967485893530796 1.8513295764835476
v 1.9090084321834997 2.7904985893530796 1.8278925533207058
v 1.7683834321834997 2.6967485893530796 1.8513295764835476
v 1.760570336137052 2.6967485893530796 1.9060175533207058
v -0.4659915678165003 2.7904985893530796 1.8278925533207058
v -0.3175545446536585 2.6967485893530796 1.9060175533207058
v -0.3253665678165003 2.6967485893530796 1.8513295764835476
v -0.4659915678165003 2.7904985893530796 1.8278925533207058
v -0.3253665678165003 2.6967485893530796 1.8513295764835476
v -0.4894295446536585 2.7826856125159214 1.7888295764835476
v 1.760570336137052 2.6967485893530796 1.9060175533207058
v 1.7683834321834997 2.6967485893530796 1.8513295764835476
v 1.604320336137052 2.6811235893530796 2.007579576483548
v 1.760570336137052 2.6967485893530796 1.9060175533207058
v 1.604320336137052 2.6811235893530796 2.007579576483548
v 1.604320336137052 2.6733106125159214 2.062267553320706
v -0.3175545446536585 2.6967485893530796 1.9060175533207058
v -0.1613045446536585 2.6733106125159214 2.062267553320706
v -0.1613045446536585 2.6811235893530796 2.007579576483548
v -0.3175545446536585 2.6967485893530796 1.9060175533207058
v -0.1613045446536585 2.6811235893530796 2.007579576483548
v -0.3253665678165003 2.6967485893530796 1.8513295764835476
v 1.573070336137052 2.7123735893530796 1.9528925533207058
v 1.6590084321834997 2.7592485893530796 1.9372675533207058
v 1.6121334321834997 2.8061235893530796 1.9450795764835476
v 1.573070336137052 2.7123735893530796 1.9528925533207058
v 1.6121334321834997 2.8061235893530796 1.9450795764835476
v 1.5496334321834997 2.7748735893530796 1.9528925533207058
v -0.1300545446536585 2.7123735893530796 1.9528925533207058
v -0.10661656781650031 2.7748735893530796 1.9528925533207058
v -0.1691165678165003 2.8061235893530796 1.9450795764835476
v -0.1300545446536585 2.7123735893530796 1.9528925533207058
v -0.1691165678165003 2.8061235893530796 1.9450795764835476
v -0.2159915678165003 2.7592485893530796 1.9372675533207058
v 1.6590084321834997 2.7592485893530796 1.9372675533207058
v 1.7215084321834997 2.8217485893530796 1.9060175533207058
v 1.682445336137052 2.8686235893530796 1.9216425533207058
v 1.6590084321834997 2.7592485893530796 1.9372675533207058
v 1.682445336137052 2.8686235893530796 1.9216425533207058
v 1.6121334321834997 2.8061235893530796 1.9450795764835476
v -0.2159915678165003 2.7592485893530796 1.9372675533207058
v -0.1691165678165003 2.8061235893530796 1.9450795764835476
v -0.2394295446536585 2.8686235893530796 1.9216425533207058
v -0.2159915678165003 2.7592485893530796 1.9372675533207058
v -0.2394295446536585 2.8686235893530796 1.9216425533207058
v -0.2784915678165003 2.8217485893530796 1.9060175533207058
v 1.7215084321834997 2.8217485893530796 1.9060175533207058
v 1.776195336137052 2.8842485893530796 1.8903925533207058
v 1.7371334321834997 2.9311235893530796 1.8982045764835476
v 1.7215084321834997 2.8217485893530796 1.9060175533207058
v 1.7371334321834997 2.9311235893530796 1.8982045764835476
v 1.682445336137052 2.8686235893530796 1.9216425533207058
v -0.2784915678165003 2.8217485893530796 1.9060175533207058
v -0.2394295446536585 2.8686235893530796 1.9216425533207058
v -0.2941165678165003 2.9311235893530796 1.8982045764835476
v -0.2784915678165003 2.8217485893530796 1.9060175533207058
v -0.2941165678165003 2.9311235893530796 1.8982045764835476
v -0.3331795446536585 2.8842485893530796 1.8903925533207058
v 1.776195336137052 2.8842485893530796 1.8903925533207058
v 1.8308834321834997 2.9076856125159214 1.8825795764835476
v 1.807445336137052 2.9701856125159214 1.8825795764835476
v 1.776195336137052 2.8842485893530796 1.8903925533207058
v 1.807445336137052 2.9701856125159214 1.8825795764835476
v 1.7371334321834997 2.9311235893530796 1.8982045764835476
v -0.3331795446536585 2.8842485893530796 1.8903925533207058
v -0.2941165678165003 2.9311235893530796 1.8982045764835476
v -0.3644295446536585 2.9701856125159214 1.8825795764835476
v -0.3331795446536585 2.8842485893530796 1.8903925533207058
v -0.3644295446536585 2.9701856125159214 1.8825795764835476
v -0.3878665678165003 2.9076856125159214 1.8825795764835476
v 1.6746334321834997 2.9858106125159214 1.9294545764835476
v 1.7371334321834997 2.9311235893530796 1.8982045764835476
v 1.807445336137052 2.9701856125159214 1.8825795764835476
v 1.6746334321834997 2.9858106125159214 1.9294545764835476
v 1.807445336137052 2.9701856125159214 1.8825795764835476
v 1.760570336137052 3.0248735893530796 1.8591425533207058
v -0.2316165678165003 2.9858106125159214 1.9294545764835476
v -0.3175545446536585 3.0248735893530796 1.8591425533207058
v -0.3644295446536585 2.9701856125159214 1.8825795764835476
v -0.2316165678165003 2.9858106125159214 1.9294545764835476
v -0.3644295446536585 2.9701856125159214 1.8825795764835476
v -0.2941165678165003 2.9311235893530796 1.8982045764835476
v 1.682445336137052 2.8686235893530796 1.9216425533207058
v 1.7371334321834997 2.9311235893530796 1.8982045764835476
v 1.6746334321834997 2.9858106125159214 1.9294545764835476
v 1.682445336137052 2.8686235893530796 1.9216425533207058
v 1.6746334321834997 2.9858106125159214 1.9294545764835476
v 1.6121334321834997 2.9311235893530796 1.9528925533207058
v -0.2394295446536585 2.8686235893530796 1.9216425533207058
v -0.1691165678165003 2.9311235893530796 1.9528925533207058
v -0.2316165678165003 2.9858106125159214 1.9294545764835476
v -0.2394295446536585 2.8686235893530796 1.9216425533207058
v -0.2316165678165003 2.9858106125159214 1.9294545764835476
v -0.2941165678165003 2.9311235893530796 1.8982045764835476
v 1.5652584321834997 2.8686235893530796 1.9528925533207058
v 1.6121334321834997 2.8061235893530796 1.9450795764835476
v 1.682445336137052 2.8686235893530796 1.9216425533207058
v 1.5652584321834997 2.8686235893530796 1.9528925533207058
v 1.682445336137052 2.8686235893530796 1.9216425533207058
v 1.6121334321834997 2.9311235893530796 1.9528925533207058
v -0.12224156781650031 2.8686235893530796 1.9528925533207058
v -0.1691165678165003 2.9311235893530796 1.9528925533207058
v -0.2394295446536585 2.8686235893530796 1.9216425533207058
v -0.12224156781650031 2.8686235893530796 1.9528925533207058
v -0.2394295446536585 2.8686235893530796 1.9216425533207058
v -0.1691165678165003 2.8061235893530796 1.9450795764835476
v 1.6121334321834997 2.8061235893530796 1.9450795764835476
v 1.5652584321834997 2.8686235893530796 1.9528925533207058
v 1.4871334321834997 2.7904985893530796 1.9528925533207058
v 1.6121334321834997 2.8061235893530796 1.9450795764835476
v 1.4871334321834997 2.7904985893530796 1.9528925533207058
v 1.5496334321834997 2.7748735893530796 1.9528925533207058
v -0.1691165678165003 2.8061235893530796 1.9450795764835476
v -0.10661656781650031 2.7748735893530796 1.9528925533207058
v -0.04411656781650031 2.7904985893530796 1.9528925533207058
v -0.1691165678165003 2.8061235893530796 1.9450795764835476
v -0.04411656781650031 2.7904985893530796 1.9528925533207058
v -0.12224156781650031 2.8686235893530796 1.9528925533207058
v 1.604320336137052 2.6811235893530796 2.007579576483548
v 1.6590084321834997 2.7592485893530796 1.9372675533207058
v 1.573070336137052 2.7123735893530796 1.9528925533207058
v 1.604320336137052 2.6811235893530796 2.007579576483548
v 1.573070336137052 2.7123735893530796 1.9528925533207058
v 1.5340084321834997 2.6811235893530796 1.9528925533207058
v -0.1613045446536585 2.6811235893530796 2.007579576483548
v -0.09099156781650031 2.6811235893530796 1.9528925533207058
v -0.1300545446536585 2.7123735893530796 1.9528925533207058
v -0.1613045446536585 2.6811235893530796 2.007579576483548
v -0.1300545446536585 2.7123735893530796 1.9528925533207058
v -0.2159915678165003 2.7592485893530796 1.9372675533207058
v 1.7215084321834997 2.8217485893530796 1.9060175533207058
v 1.6590084321834997 2.7592485893530796 1.9372675533207058
v 1.604320336137052 2.6811235893530796 2.007579576483548
v 1.7215084321834997 2.8217485893530796 1.9060175533207058
v 1.604320336137052 2.6811235893530796 2.007579576483548
v 1.7683834321834997 2.6967485893530796 1.8513295764835476
v -0.2784915678165003 2.8217485893530796 1.9060175533207058
v -0.3253665678165003 2.6967485893530796 1.8513295764835476
v -0.1613045446536585 2.6811235893530796 2.007579576483548
v -0.2784915678165003 2.8217485893530796 1.9060175533207058
v -0.1613045446536585 2.6811235893530796 2.007579576483548
v -0.2159915678165003 2.7592485893530796 1.9372675533207058
v 1.776195336137052 2.8842485893530796 1.8903925533207058
v 1.7215084321834997 2.8217485893530796 1.9060175533207058
v 1.7683834321834997 2.6967485893530796 1.8513295764835476
v 1.776195336137052 2.8842485893530796 1.8903925533207058
v 1.7683834321834997 2.6967485893530796 1.8513295764835476
v 1.932445336137052 2.7826856125159214 1.7888295764835476
v -0.3331795446536585 2.8842485893530796 1.8903925533207058
v -0.4894295446536585 2.7826856125159214 1.7888295764835476
v -0.3253665678165003 2.6967485893530796 1.8513295764835476
v -0.3331795446536585 2.8842485893530796 1.8903925533207058
v -0.3253665678165003 2.6967485893530796 1.8513295764835476
v -0.2784915678165003 2.8217485893530796 1.9060175533207058
v 1.8308834321834997 2.9076856125159214 1.8825795764835476
v 1.776195336137052 2.8842485893530796 1.8903925533207058
v 1.932445336137052 2.7826856125159214 1.7888295764835476
v 1.8308834321834997 2.9076856125159214 1.8825795764835476
v 1.932445336137052 2.7826856125159214 1.7888295764835476
v 1.979320336137052 2.9389356125159214 1.7810175533207058
v -0.3878665678165003 2.9076856125159214 1.8825795764835476
v -0.5363045446536585 2.9389356125159214 1.7810175533207058
v -0.4894295446536585 2.7826856125159214 1.7888295764835476
v -0.3878665678165003 2.9076856125159214 1.8825795764835476
v -0.4894295446536585 2.7826856125159214 1.7888295764835476
v -0.3331795446536585 2.8842485893530796 1.8903925533207058
v 1.807445336137052 2.9701856125159214 1.8825795764835476
v 1.8308834321834997 2.9076856125159214 1.8825795764835476
v 1.979320336137052 2.9389356125159214 1.7810175533207058
v 1.807445336137052 2.9701856125159214 1.8825795764835476
v 1.979320336137052 2.9389356125159214 1.7810175533207058
v 1.9090084321834997 3.0404985893530796 1.7888295764835476
v -0.3644295446536585 2.9701856125159214 1.8825795764835476
v -0.4659915678165003 3.0404985893530796 1.7888295764835476
v -0.5363045446536585 2.9389356125159214 1.7810175533207058
v -0.3644295446536585 2.9701856125159214 1.8825795764835476
v -0.5363045446536585 2.9389356125159214 1.7810175533207058
v -0.3878665678165003 2.9076856125159214 1.8825795764835476
v 1.807445336137052 2.9701856125159214 1.8825795764835476
v 1.9090084321834997 3.0404985893530796 1.7888295764835476
v 1.760570336137052 3.0248735893530796 1.8591425533207058
v -0.3644295446536585 2.9701856125159214 1.8825795764835476
v -0.3175545446536585 3.0248735893530796 1.8591425533207058
v -0.4659915678165003 3.0404985893530796 1.7888295764835476
v 1.494945336137052 2.5561235893530796 2.148204576483548
v 1.510570336137052 2.5717485893530796 1.9450795764835476
v 1.760570336137052 2.6108106125159214 1.7810175533207058
v 1.494945336137052 2.5561235893530796 2.148204576483548
v 1.760570336137052 2.6108106125159214 1.7810175533207058
v 1.760570336137052 2.5951856125159214 1.9450795764835476
v -0.05192954465365851 2.5561235893530796 2.148204576483548
v -0.3175545446536585 2.5951856125159214 1.9450795764835476
v -0.3175545446536585 2.6108106125159214 1.7810175533207058
v -0.05192954465365851 2.5561235893530796 2.148204576483548
v -0.3175545446536585 2.6108106125159214 1.7810175533207058
v -0.06755454465365851 2.5717485893530796 1.9450795764835476
v 1.760570336137052 2.5951856125159214 1.9450795764835476
v 1.760570336137052 2.6108106125159214 1.7810175533207058
v 2.0340084321834997 2.7514356125159214 1.7419545764835476
v 1.760570336137052 2.5951856125159214 1.9450795764835476
v 2.0340084321834997 2.7514356125159214 1.7419545764835476
v 2.0027584321834997 2.7514356125159214 1.8435175533207058
v -0.3175545446536585 2.5951856125159214 1.9450795764835476
v -0.5597415678165003 2.7514356125159214 1.8435175533207058
v -0.5909915678165003 2.7514356125159214 1.7419545764835476
v -0.3175545446536585 2.5951856125159214 1.9450795764835476
v -0.5909915678165003 2.7514356125159214 1.7419545764835476
v -0.3175545446536585 2.6108106125159214 1.7810175533207058
v 2.0027584321834997 2.7514356125159214 1.8435175533207058
v 2.0340084321834997 2.7514356125159214 1.7419545764835476
v 2.088695336137052 2.9936235893530796 1.7732045764835476
v 2.0027584321834997 2.7514356125159214 1.8435175533207058
v 2.088695336137052 2.9936235893530796 1.7732045764835476
v 2.073070336137052 3.0170606125159214 1.8513295764835476
v -0.5597415678165003 2.7514356125159214 1.8435175533207058
v -0.6300545446536585 3.0170606125159214 1.8513295764835476
v -0.6456795446536585 2.9936235893530796 1.7732045764835476
v -0.5597415678165003 2.7514356125159214 1.8435175533207058
v -0.6456795446536585 2.9936235893530796 1.7732045764835476
v -0.5909915678165003 2.7514356125159214 1.7419545764835476
v 2.073070336137052 3.0170606125159214 1.8513295764835476
v 2.088695336137052 2.9936235893530796 1.7732045764835476
v 1.9715084321834997 3.1654985893530796 1.7263295764835476
v 2.073070336137052 3.0170606125159214 1.8513295764835476
v 1.9715084321834997 3.1654985893530796 1.7263295764835476
v 1.9558834321834997 3.2045606125159214 1.8513295764835476
v -0.6300545446536585 3.0170606125159214 1.8513295764835476
v -0.5128665678165003 3.2045606125159214 1.8513295764835476
v -0.5284915678165003 3.1654985893530796 1.7263295764835476
v -0.6300545446536585 3.0170606125159214 1.8513295764835476
v -0.5284915678165003 3.1654985893530796 1.7263295764835476
v -0.6456795446536585 2.9936235893530796 1.7732045764835476
v 1.9558834321834997 3.2045606125159214 1.8513295764835476
v 1.9715084321834997 3.1654985893530796 1.7263295764835476
v 1.744945336137052 3.1342485893530796 1.7888295764835476
v 1.9558834321834997 3.2045606125159214 1.8513295764835476
v 1.744945336137052 3.1342485893530796 1.7888295764835476
v 1.744945336137052 3.1733106125159214 1.9607045764835476
v -0.5128665678165003 3.2045606125159214 1.8513295764835476
v -0.3019295446536585 3.1733106125159214 1.9607045764835476
v -0.3019295446536585 3.1342485893530796 1.7888295764835476
v -0.5128665678165003 3.2045606125159214 1.8513295764835476
v -0.3019295446536585 3.1342485893530796 1.7888295764835476
v -0.5284915678165003 3.1654985893530796 1.7263295764835476
v 1.744945336137052 3.1733106125159214 1.9607045764835476
v 1.744945336137052 3.1342485893530796 1.7888295764835476
v 1.5808834321834997 3.0795606125159214 1.8903925533207058
v 1.744945336137052 3.1733106125159214 1.9607045764835476
v 1.5808834321834997 3.0795606125159214 1.8903925533207058
v 1.6121334321834997 3.1029985893530796 2.038829576483548
v -0.3019295446536585 3.1733106125159214 1.9607045764835476
v -0.1691165678165003 3.1029985893530796 2.038829576483548
v -0.1378665678165003 3.0795606125159214 1.8903925533207058
v -0.3019295446536585 3.1733106125159214 1.9607045764835476
v -0.1378665678165003 3.0795606125159214 1.8903925533207058
v -0.3019295446536585 3.1342485893530796 1.7888295764835476
v 1.760570336137052 2.6108106125159214 1.7810175533207058
v 1.510570336137052 2.5717485893530796 1.9450795764835476
v 1.5808834321834997 3.0795606125159214 1.8903925533207058
v 1.760570336137052 2.6108106125159214 1.7810175533207058
v 1.5808834321834997 3.0795606125159214 1.8903925533207058
v 1.744945336137052 3.1342485893530796 1.7888295764835476
v -0.3175545446536585 2.6108106125159214 1.7810175533207058
v -0.3019295446536585 3.1342485893530796 1.7888295764835476
v -0.1378665678165003 3.0795606125159214 1.8903925533207058
v -0.3175545446536585 2.6108106125159214 1.7810175533207058
v -0.1378665678165003 3.0795606125159214 1.8903925533207058
v -0.06755454465365851 2.5717485893530796 1.9450795764835476
v 1.9715084321834997 3.1654985893530796 1.7263295764835476
v 2.0340084321834997 2.7514356125159214 1.7419545764835476
v 1.760570336137052 2.6108106125159214 1.7810175533207058
v 1.9715084321834997 3.1654985893530796 1.7263295764835476
v 1.760570336137052 2.6108106125159214 1.7810175533207058
v 1.744945336137052 3.1342485893530796 1.7888295764835476
v -0.5284915678165003 3.1654985893530796 1.7263295764835476
v -0.3019295446536585 3.1342485893530796 1.7888295764835476
v -0.3175545446536585 2.6108106125159214 1.7810175533207058
v -0.5284915678165003 3.1654985893530796 1.7263295764835476
v -0.3175545446536585 2.6108106125159214 1.7810175533207058
v -0.5909915678165003 2.7514356125159214 1.7419545764835476
v 2.088695336137052 2.9936235893530796 1.7732045764835476
v 2.0340084321834997 2.7514356125159214 1.7419545764835476
v 1.9715084321834997 3.1654985893530796 1.7263295764835476
v -0.6456795446536585 2.9936235893530796 1.7732045764835476
v -0.5284915678165003 3.1654985893530796 1.7263295764835476
v -0.5909915678165003 2.7514356125159214 1.7419545764835476
v 1.541820336137052 3.0248735893530796 2.070079576483548
v 1.6121334321834997 3.1029985893530796 2.038829576483548
v 1.5808834321834997 3.0795606125159214 1.8903925533207058
v 1.541820336137052 3.0248735893530796 2.070079576483548
v 1.5808834321834997 3.0795606125159214 1.8903925533207058
v 1.494945336137052 2.9623735893530796 1.8357045764835476
v -0.09880454465365851 3.0248735893530796 2.070079576483548
v -0.05192954465365851 2.9623735893530796 1.8357045764835476
v -0.1378665678165003 3.0795606125159214 1.8903925533207058
v -0.09880454465365851 3.0248735893530796 2.070079576483548
v -0.1378665678165003 3.0795606125159214 1.8903925533207058
v -0.1691165678165003 3.1029985893530796 2.038829576483548
v 1.5808834321834997 3.0795606125159214 1.8903925533207058
v 1.510570336137052 2.5717485893530796 1.9450795764835476
v 1.3621334321834997 2.6889356125159214 1.8435175533207058
v 1.5808834321834997 3.0795606125159214 1.8903925533207058
v 1.3621334321834997 2.6889356125159214 1.8435175533207058
v 1.494945336137052 2.9623735893530796 1.8357045764835476
v -0.1378665678165003 3.0795606125159214 1.8903925533207058
v -0.05192954465365851 2.9623735893530796 1.8357045764835476
v 0.08088343218349969 2.6889356125159214 1.8435175533207058
v -0.1378665678165003 3.0795606125159214 1.8903925533207058
v 0.08088343218349969 2.6889356125159214 1.8435175533207058
v -0.06755454465365851 2.5717485893530796 1.9450795764835476
v 1.3621334321834997 2.6889356125159214 1.8435175533207058
v 1.510570336137052 2.5717485893530796 1.9450795764835476
v 1.494945336137052 2.5561235893530796 2.148204576483548
v 1.3621334321834997 2.6889356125159214 1.8435175533207058
v 1.494945336137052 2.5561235893530796 2.148204576483548
v 1.3152584321834997 2.5717485893530796 2.109142553320706
v 0.08088343218349969 2.6889356125159214 1.8435175533207058
v 0.1277584321834997 2.5717485893530796 2.109142553320706
v -0.05192954465365851 2.5561235893530796 2.148204576483548
v 0.08088343218349969 2.6889356125159214 1.8435175533207058
v -0.05192954465365851 2.5561235893530796 2.148204576483548
v -0.06755454465365851 2.5717485893530796 1.9450795764835476
vn 0.7445487090607529 -0.6411307536053329 0.18600692626196474
vn 0.5935517914413515 -0.49562884396976187 0.6340728033135942
vn 0.7832178797925318 -0.02183299662447048 0.6213638813382117
vn 0.7445487090607529 -0.6411307536053329 0.18600692626196474
vn 0.7832178797925318 -0.02183299662447048 0.6213638813382117
vn 0.987714651728552 0.02003999267218537 0.1549779515106704
vn -0.7445491552279171 -0.6411351313119533 0.18599005039786295
vn -0.9877180932698301 0.02004000203179472 0.15495601487511607
vn -0.7832178797925318 -0.02183299662447048 0.6213638813382117
vn -0.7445491552279171 -0.6411351313119533 0.18599005039786295
vn -0.7832178797925318 -0.02183299662447048 0.6213638813382117
vn -0.5935520895289813 -0.4956280796003854 0.6340731217512804
vn 0.5935517914413515 -0.49562884396976187 0.6340728033135942
vn 0.7260641509765521 -0.48978208961410696 0.48264309107241704
vn 0.8636451812223428 0.10010801667438572 0.4940601035794609
vn 0.5935517914413515 -0.49562884396976187 0.6340728033135942
vn 0.8636451812223428 0.10010801667438572 0.4940601035794609
vn 0.7832178797925318 -0.02183299662447048 0.6213638813382117
vn -0.5935520895289813 -0.4956280796003854 0.6340731217512804
vn -0.7832178797925318 -0.02183299662447048 0.6213638813382117
vn -0.8636451812223428 0.10010801667438572 0.4940601035794609
vn -0.5935520895289813 -0.4956280796003854 0.6340731217512804
vn -0.8636451812223428 0.10010801667438572 0.4940601035794609
vn -0.7260646019027976 -0.48978175047498657 0.48264275687654334
vn 0.09122299581733063 -0.7256209399873773 0.6820209795057234
vn 0.19856306270898844 -0.855598266350918 0.47804217046713554
vn 0.7260641509765521 -0.48978208961410696 0.48264309107241704
vn 0.09122299581733063 -0.7256209399873773 0.6820209795057234
vn 0.7260641509765521 -0.48978208961410696 0.48264309107241704
vn 0.5935517914413515 -0.49562884396976187 0.6340728033135942
vn -0.09122497595599542 -0.7256208078141007 0.6820208552742649
vn -0.5935520895289813 -0.4956280796003854 0.6340731217512804
vn -0.7260646019027976 -0.48978175047498657 0.48264275687654334
vn -0.09122497595599542 -0.7256208078141007 0.6820208552742649
vn -0.7260646019027976 -0.48978175047498657 0.48264275687654334
vn -0.1985649950510804 -0.8555979245884803 0.4780419795167048
vn 0.046115999552417 -0.9731710247009538 0.22541399971558285
vn 0.09122299608254253 -0.7256209417569568 0.6820209775875457
vn 0.593551817958 -0.49562883661139523 0.6340727842432506
vn 0.046115999552417 -0.9731710247009538 0.22541399971558285
vn 0.593551817958 -0.49562883661139523 0.6340727842432506
vn 0.7445487248747372 -0.6411307341063671 0.1860069301709855
vn -0.04611698446430908 -0.9731716916311803 0.2254109188828828
vn -0.7445491433672337 -0.641135145934987 0.185990047470399
vn -0.5935520955734499 -0.4956280745124233 0.6340731200701335
vn -0.04611698446430908 -0.9731716916311803 0.2254109188828828
vn -0.5935520955734499 -0.4956280745124233 0.6340731200701335
vn -0.09122497675213344 -0.7256208131228045 0.6820208495196995
vn -0.6560548569196983 -0.697110834422332 0.2891859423330844
vn -0.4404758145755464 -0.5065507809219019 0.7412066939264785
vn 0.09122299608254253 -0.7256209417569568 0.6820209775875457
vn -0.6560548569196983 -0.697110834422332 0.2891859423330844
vn 0.09122299608254253 -0.7256209417569568 0.6820209775875457
vn 0.046115999552417 -0.9731710247009538 0.22541399971558285
vn 0.6560551347308964 -0.697112183852237 0.28918205912191464
vn -0.04611698446430908 -0.9731716916311803 0.2254109188828828
vn -0.09122497675213344 -0.7256208131228045 0.6820208495196995
vn 0.6560551347308964 -0.697112183852237 0.28918205912191464
vn -0.09122497675213344 -0.7256208131228045 0.6820208495196995
vn 0.4404749915158905 -0.5065510324567628 0.7412070111420045
vn -0.4404758145755464 -0.5065507809219019 0.7412066939264785
vn -0.4639357822536829 -0.7131177030297297 0.5255727652478441
vn 0.1985630666727136 -0.8555982604118582 0.4780421794504429
vn -0.4404758145755464 -0.5065507809219019 0.7412066939264785
vn 0.1985630666727136 -0.8555982604118582 0.4780421794504429
vn 0.09122299608254253 -0.7256209417569568 0.6820209775875457
vn 0.4404749915158905 -0.5065510324567628 0.7412070111420045
vn -0.09122497675213344 -0.7256208131228045 0.6820208495196995
vn -0.19856499369269137 -0.8555979233383696 0.4780419823183851
vn 0.4404749915158905 -0.5065510324567628 0.7412070111420045
vn -0.19856499369269137 -0.8555979233383696 0.4780419823183851
vn 0.4639349940511665 -0.7131180263540007 0.5255730223134734
vn -0.660725985869863 0.021819998618224253 0.7503099754478799
vn -0.8093570362084811 -0.11957300293749516 0.5750160736086715
vn -0.4639357822536829 -0.7131177030297297 0.5255727652478441
vn -0.660725985869863 0.021819998618224253 0.7503099754478799
vn -0.4639357822536829 -0.7131177030297297 0.5255727652478441
vn -0.4404758145755464 -0.5065507809219019 0.7412066939264785
vn 0.6607249381817182 0.02181999572499588 0.7503108981291194
vn 0.4404749915158905 -0.5065510324567628 0.7412070111420045
vn 0.4639349940511665 -0.7131180263540007 0.5255730223134734
vn 0.6607249381817182 0.02181999572499588 0.7503108981291194
vn 0.4639349940511665 -0.7131180263540007 0.5255730223134734
vn 0.8093570362084811 -0.11957300293749516 0.5750160736086715
vn -0.955302964116503 -0.046528995543446514 0.2919440003218792
vn -0.660725985869863 0.021819998618224253 0.7503099754478799
vn -0.4404758145755464 -0.5065507809219019 0.7412066939264785
vn -0.955302964116503 -0.046528995543446514 0.2919440003218792
vn -0.4404758145755464 -0.5065507809219019 0.7412066939264785
vn -0.6560548569196983 -0.697110834422332 0.2891859423330844
vn 0.9553048543018321 -0.046527992604407944 0.2919379750076367
vn 0.6560551347308964 -0.697112183852237 0.28918205912191464
vn 0.4404749915158905 -0.5065510324567628 0.7412070111420045
vn 0.9553048543018321 -0.046527992604407944 0.2919379750076367
vn 0.4404749915158905 -0.5065510324567628 0.7412070111420045
vn 0.6607249381817182 0.02181999572499588 0.7503108981291194
vn -0.6762719203395599 0.6832869698479773 0.275272967427267
vn -0.4188199952479682 0.5235469956245425 0.7419490244976451
vn -0.660725985869863 0.021819998618224253 0.7503099754478799
vn -0.6762719203395599 0.6832869698479773 0.275272967427267
vn -0.660725985869863 0.021819998618224253 0.7503099754478799
vn -0.955302964116503 -0.046528995543446514 0.2919440003218792
vn 0.676273147217108 0.683288136863422 0.2752670564647743
vn 0.9553048543018321 -0.046527992604407944 0.2919379750076367
vn 0.6607249381817182 0.02181999572499588 0.7503108981291194
vn 0.676273147217108 0.683288136863422 0.2752670564647743
vn 0.6607249381817182 0.02181999572499588 0.7503108981291194
vn 0.4188180514312331 0.5235470468965816 0.7419500855726168
vn -0.4188199952479682 0.5235469956245425 0.7419490244976451
vn -0.6329621262460419 0.5202781114775965 0.5732971598180087
vn -0.8093570362084811 -0.11957300293749516 0.5750160736086715
vn -0.4188199952479682 0.5235469956245425 0.7419490244976451
vn -0.8093570362084811 -0.11957300293749516 0.5750160736086715
vn -0.660725985869863 0.021819998618224253 0.7503099754478799
vn 0.4188180514312331 0.5235470468965816 0.7419500855726168
vn 0.6607249381817182 0.02181999572499588 0.7503108981291194
vn 0.8093570362084811 -0.11957300293749516 0.5750160736086715
vn 0.4188180514312331 0.5235470468965816 0.7419500855726168
vn 0.8093570362084811 -0.11957300293749516 0.5750160736086715
vn 0.6329618202228252 0.5202788201575675 0.5732968545488956
vn 0.13572499274139804 0.7121958794597942 0.688734895025537
vn -0.032384991704491294 0.8437497631102095 0.5357588539294197
vn -0.6329621262460419 0.5202781114775965 0.5732971598180087
vn 0.13572499274139804 0.7121958794597942 0.688734895025537
vn -0.6329621262460419 0.5202781114775965 0.5732971598180087
vn -0.4188199952479682 0.5235469956245425 0.7419490244976451
vn -0.13572597266075315 0.7121947879100021 0.6887358306485294
vn 0.4188180514312331 0.5235470468965816 0.7419500855726168
vn 0.6329618202228252 0.5202788201575675 0.5732968545488956
vn -0.13572597266075315 0.7121947879100021 0.6887358306485294
vn 0.6329618202228252 0.5202788201575675 0.5732968545488956
vn 0.03238299169289655 0.8437498349426031 0.5357588616937172
vn 0.0006310000318445725 0.9767830373829619 0.2142300159171797
vn 0.13572499274139804 0.7121958794597942 0.688734895025537
vn -0.4188199952479682 0.5235469956245425 0.7419490244976451
vn 0.0006310000318445725 0.9767830373829619 0.2142300159171797
vn -0.4188199952479682 0.5235469956245425 0.7419490244976451
vn -0.6762719203395599 0.6832869698479773 0.275272967427267
vn -0.0006329999246592056 0.976783922194888 0.21422597567210808
vn 0.676273147217108 0.683288136863422 0.2752670564647743
vn 0.4188180514312331 0.5235470468965816 0.7419500855726168
vn -0.0006329999246592056 0.976783922194888 0.21422597567210808
vn 0.4188180514312331 0.5235470468965816 0.7419500855726168
vn -0.13572597266075315 0.7121947879100021 0.6887358306485294
vn 0.7018550560952936 0.6957410501167807 0.15278701324350724
vn 0.6080038442226142 0.46382289321678105 0.6443598754877105
vn 0.13572499274139804 0.7121958794597942 0.688734895025537
vn 0.7018550560952936 0.6957410501167807 0.15278701324350724
vn 0.13572499274139804 0.7121958794597942 0.688734895025537
vn 0.0006310000318445725 0.9767830373829619 0.2142300159171797
vn -0.7018546455004826 0.6957436793010278 0.15277692660235226
vn -0.0006329999246592056 0.976783922194888 0.21422597567210808
vn -0.13572597266075315 0.7121947879100021 0.6887358306485294
vn -0.7018546455004826 0.6957436793010278 0.15277692660235226
vn -0.13572597266075315 0.7121947879100021 0.6887358306485294
vn -0.6080051695100486 0.46382212902520104 0.6443591750534687
vn 0.6080038442226142 0.46382289321678105 0.6443598754877105
vn 0.578413962525954 0.6373178950167188 0.5091789357843497
vn -0.032384991704491294 0.8437497631102095 0.5357588539294197
vn 0.6080038442226142 0.46382289321678105 0.6443598754877105
vn -0.032384991704491294 0.8437497631102095 0.5357588539294197
vn 0.13572499274139804 0.7121958794597942 0.688734895025537
vn -0.6080051695100486 0.46382212902520104 0.6443591750534687
vn -0.13572597266075315 0.7121947879100021 0.6887358306485294
vn 0.03238299169289655 0.8437498349426031 0.5357588616937172
vn -0.6080051695100486 0.46382212902520104 0.6443591750534687
vn 0.03238299169289655 0.8437498349426031 0.5357588616937172
vn -0.5784149708008199 0.6373169358287258 0.509178990983888
vn 0.7832178917883146 -0.021832996556655302 0.6213638662201278
vn 0.863645186580227 0.10010801892025353 0.49406009375850923
vn 0.578413962525954 0.6373178950167188 0.5091789357843497
vn 0.7832178917883146 -0.021832996556655302 0.6213638662201278
vn 0.578413962525954 0.6373178950167188 0.5091789357843497
vn 0.6080038442226142 0.46382289321678105 0.6443598754877105
vn -0.7832178917883146 -0.021832996556655302 0.6213638662201278
vn -0.6080051695100486 0.46382212902520104 0.6443591750534687
vn -0.5784149708008199 0.6373169358287258 0.509178990983888
vn -0.7832178917883146 -0.021832996556655302 0.6213638662201278
vn -0.5784149708008199 0.6373169358287258 0.509178990983888
vn -0.863645186580227 0.10010801892025353 0.49406009375850923
vn 0.9877146522667593 0.02003999248852698 0.15497794810428553
vn 0.7832178917883146 -0.021832996556655302 0.6213638662201278
vn 0.6080038442226142 0.46382289321678105 0.6443598754877105
vn 0.9877146522667593 0.02003999248852698 0.15497794810428553
vn 0.6080038442226142 0.46382289321678105 0.6443598754877105
vn 0.7018550560952936 0.6957410501167807 0.15278701324350724
vn -0.9877180938625483 0.020040001487805485 0.1549560111673733
vn -0.7018546455004826 0.6957436793010278 0.15277692660235226
vn -0.6080051695100486 0.46382212902520104 0.6443591750534687
vn -0.9877180938625483 0.020040001487805485 0.1549560111673733
vn -0.6080051695100486 0.46382212902520104 0.6443591750534687
vn -0.7832178917883146 -0.021832996556655302 0.6213638662201278
vn 0.7018550560952936 0.6957410501167807 0.15278701324350724
vn 0.8258517538931628 0.5525088413539602 0.11270696880535654
vn 0.9862936363319968 -0.11828896672217894 0.1150329660697571
vn 0.7018550560952936 0.6957410501167807 0.15278701324350724
vn 0.9862936363319968 -0.11828896672217894 0.1150329660697571
vn 0.9877146522667593 0.02003999248852698 0.15497794810428553
vn -0.7018546455004826 0.6957436793010278 0.15277692660235226
vn -0.9877180938625483 0.020040001487805485 0.1549560111673733
vn -0.9862972343727651 -0.11829002761662956 0.11500102101760695
vn -0.7018546455004826 0.6957436793010278 0.15277692660235226
vn -0.9862972343727651 -0.11829002761662956 0.11500102101760695
vn -0.8258510487969908 0.5525149874294988 0.11268200329551788
vn 0.0006310000318445725 0.9767830373829619 0.2142300159171797
vn 0.13974903375965375 0.9800442353438804 0.14136302321495517
vn 0.8258517538931628 0.5525088413539602 0.11270696880535654
vn 0.0006310000318445725 0.9767830373829619 0.2142300159171797
vn 0.8258517538931628 0.5525088413539602 0.11270696880535654
vn 0.7018550560952936 0.6957410501167807 0.15278701324350724
vn -0.0006329999246592056 0.976783922194888 0.21422597567210808
vn -0.7018546455004826 0.6957436793010278 0.15277692660235226
vn -0.8258510487969908 0.5525149874294988 0.11268200329551788
vn -0.0006329999246592056 0.976783922194888 0.21422597567210808
vn -0.8258510487969908 0.5525149874294988 0.11268200329551788
vn -0.13974902349258464 0.9800451023072945 0.14135702273447098
vn -0.6762719203395599 0.6832869698479773 0.275272967427267
vn -0.5992629653727314 0.7693889302444442 0.2211889969008184
vn 0.13974903375965375 0.9800442353438804 0.14136302321495517
vn -0.6762719203395599 0.6832869698479773 0.275272967427267
vn 0.13974903375965375 0.9800442353438804 0.14136302321495517
vn 0.0006310000318445725 0.9767830373829619 0.2142300159171797
vn 0.676273147217108 0.683288136863422 0.2752670564647743
vn -0.0006329999246592056 0.976783922194888 0.21422597567210808
vn -0.13974902349258464 0.9800451023072945 0.14135702273447098
vn 0.676273147217108 0.683288136863422 0.2752670564647743
vn -0.13974902349258464 0.9800451023072945 0.14135702273447098
vn 0.5992648038994864 0.7693898124801757 0.22118094687162826
vn -0.955302964116503 -0.046528995543446514 0.2919440003218792
vn -0.9680748923381153 0.10975899258731417 0.22535298172148618
vn -0.5992629653727314 0.7693889302444442 0.2211889969008184
vn -0.955302964116503 -0.046528995543446514 0.2919440003218792
vn -0.5992629653727314 0.7693889302444442 0.2211889969008184
vn -0.6762719203395599 0.6832869698479773 0.275272967427267
vn 0.9553048543018321 -0.046527992604407944 0.2919379750076367
vn 0.676273147217108 0.683288136863422 0.2752670564647743
vn 0.5992648038994864 0.7693898124801757 0.22118094687162826
vn 0.9553048543018321 -0.046527992604407944 0.2919379750076367
vn 0.5992648038994864 0.7693898124801757 0.22118094687162826
vn 0.968078027786354 0.1097579982918905 0.2253399962905854
vn -0.6560548569196983 -0.697110834422332 0.2891859423330844
vn -0.7489358814451825 -0.624745967646942 0.22087897453767247
vn -0.9680748923381153 0.10975899258731417 0.22535298172148618
vn -0.6560548569196983 -0.697110834422332 0.2891859423330844
vn -0.9680748923381153 0.10975899258731417 0.22535298172148618
vn -0.955302964116503 -0.046528995543446514 0.2919440003218792
vn 0.6560551347308964 -0.697112183852237 0.28918205912191464
vn 0.9553048543018321 -0.046527992604407944 0.2919379750076367
vn 0.968078027786354 0.1097579982918905 0.2253399962905854
vn 0.6560551347308964 -0.697112183852237 0.28918205912191464
vn 0.968078027786354 0.1097579982918905 0.2253399962905854
vn 0.7489390245247963 -0.6247460735373193 0.22086801747548063
vn 0.046115999552417 -0.9731710247009538 0.22541399971558285
vn -0.08522103975631388 -0.9824914623002217 0.16567408032044437
vn -0.7489358814451825 -0.624745967646942 0.22087897453767247
vn 0.046115999552417 -0.9731710247009538 0.22541399971558285
vn -0.7489358814451825 -0.624745967646942 0.22087897453767247
vn -0.6560548569196983 -0.697110834422332 0.2891859423330844
vn -0.04611698446430908 -0.9731716916311803 0.2254109188828828
vn 0.6560551347308964 -0.697112183852237 0.28918205912191464
vn 0.7489390245247963 -0.6247460735373193 0.22086801747548063
vn -0.04611698446430908 -0.9731716916311803 0.2254109188828828
vn 0.7489390245247963 -0.6247460735373193 0.22086801747548063
vn 0.08522095545242424 -0.9824925081200713 0.16566792157719484
vn 0.7445487248747372 -0.6411307341063671 0.1860069301709855
vn 0.6481570675011956 -0.7545140471245082 0.10296100494869935
vn -0.08522103975631388 -0.9824914623002217 0.16567408032044437
vn 0.7445487248747372 -0.6411307341063671 0.1860069301709855
vn -0.08522103975631388 -0.9824914623002217 0.16567408032044437
vn 0.046115999552417 -0.9731710247009538 0.22541399971558285
vn -0.7445491433672337 -0.641135145934987 0.185990047470399
vn -0.04611698446430908 -0.9731716916311803 0.2254109188828828
vn 0.08522095545242424 -0.9824925081200713 0.16566792157719484
vn -0.7445491433672337 -0.641135145934987 0.185990047470399
vn 0.08522095545242424 -0.9824925081200713 0.16566792157719484
vn -0.6481549302907639 -0.7545179313874489 0.10294599338769746
vn 0.9877146522667593 0.02003999248852698 0.15497794810428553
vn 0.9862936363319968 -0.11828896672217894 0.1150329660697571
vn 0.6481570675011956 -0.7545140471245082 0.10296100494869935
vn 0.9877146522667593 0.02003999248852698 0.15497794810428553
vn 0.6481570675011956 -0.7545140471245082 0.10296100494869935
vn 0.7445487248747372 -0.6411307341063671 0.1860069301709855
vn -0.9877180938625483 0.020040001487805485 0.1549560111673733
vn -0.7445491433672337 -0.641135145934987 0.185990047470399
vn -0.6481549302907639 -0.7545179313874489 0.10294599338769746
vn -0.9877180938625483 0.020040001487805485 0.1549560111673733
vn -0.6481549302907639 -0.7545179313874489 0.10294599338769746
vn -0.9862972343727651 -0.11829002761662956 0.11500102101760695
vn 0.6481570675011956 -0.7545140471245082 0.10296100494869935
vn 0.9862936363319968 -0.11828896672217894 0.1150329660697571
vn 0.18979600593593743 -0.0035760000865354465 0.9818170340517355
vn -0.6481549302907639 -0.7545179313874489 0.10294599338769746
vn -0.18979600593593743 -0.0035760000865354465 0.9818170340517355
vn -0.9862972343727651 -0.11829002761662956 0.11500102101760695
vn 0.6481570675011956 -0.7545140471245082 0.10296100494869935
vn 0.18979600593593743 -0.0035760000865354465 0.9818170340517355
vn -0.08522103975631388 -0.9824914623002217 0.16567408032044437
vn -0.6481549302907639 -0.7545179313874489 0.10294599338769746
vn 0.08522095545242424 -0.9824925081200713 0.16566792157719484
vn -0.18979600593593743 -0.0035760000865354465 0.9818170340517355
vn -0.7489358814451825 -0.624745967646942 0.22087897453767247
vn -0.08522103975631388 -0.9824914623002217 0.16567408032044437
vn 0.18979600593593743 -0.0035760000865354465 0.9818170340517355
vn 0.7489390245247963 -0.6247460735373193 0.22086801747548063
vn -0.18979600593593743 -0.0035760000865354465 0.9818170340517355
vn 0.08522095545242424 -0.9824925081200713 0.16566792157719484
vn -0.9680748923381153 0.10975899258731417 0.22535298172148618
vn -0.7489358814451825 -0.624745967646942 0.22087897453767247
vn 0.18979600593593743 -0.0035760000865354465 0.9818170340517355
vn 0.968078027786354 0.1097579982918905 0.2253399962905854
vn -0.18979600593593743 -0.0035760000865354465 0.9818170340517355
vn 0.7489390245247963 -0.6247460735373193 0.22086801747548063
vn -0.5992629653727314 0.7693889302444442 0.2211889969008184
vn -0.9680748923381153 0.10975899258731417 0.22535298172148618
vn 0.18979600593593743 -0.0035760000865354465 0.9818170340517355
vn 0.5992648038994864 0.7693898124801757 0.22118094687162826
vn -0.18979600593593743 -0.0035760000865354465 0.9818170340517355
vn 0.968078027786354 0.1097579982918905 0.2253399962905854
vn 0.13974903375965375 0.9800442353438804 0.14136302321495517
vn -0.5992629653727314 0.7693889302444442 0.2211889969008184
vn 0.18979600593593743 -0.0035760000865354465 0.9818170340517355
vn -0.13974902349258464 0.9800451023072945 0.14135702273447098
vn -0.18979600593593743 -0.0035760000865354465 0.9818170340517355
vn 0.5992648038994864 0.7693898124801757 0.22118094687162826
vn 0.8258517538931628 0.5525088413539602 0.11270696880535654
vn 0.13974903375965375 0.9800442353438804 0.14136302321495517
vn 0.18979600593593743 -0.0035760000865354465 0.9818170340517355
vn -0.8258510487969908 0.5525149874294988 0.11268200329551788
vn -0.18979600593593743 -0.0035760000865354465 0.9818170340517355
vn -0.13974902349258464 0.9800451023072945 0.14135702273447098
vn 0.9862936363319968 -0.11828896672217894 0.1150329660697571
vn 0.8258517538931628 0.5525088413539602 0.11270696880535654
vn 0.18979600593593743 -0.0035760000865354465 0.9818170340517355
vn -0.9862972343727651 -0.11829002761662956 0.11500102101760695
vn -0.18979600593593743 -0.0035760000865354465 0.9818170340517355
vn -0.8258510487969908 0.5525149874294988 0.11268200329551788
vn 0.16581493973833594 -0.7552567287305992 0.6341077822158675
vn 0 -0.7836418303716528 0.6212129117233204
vn 0 -0.982150659317986 0.1880959393534201
vn 0.16581493973833594 -0.7552567287305992 0.6341077822158675
vn 0 -0.982150659317986 0.1880959393534201
vn 0.1435539893391783 -0.9759509116541855 0.16404898715375077
vn -0.16581505778437264 -0.7552563061996677 0.6341082546045264
vn -0.1435539893391783 -0.9759509116541855 0.16404898715375077
vn 0 -0.982150659317986 0.1880959393534201
vn -0.16581505778437264 -0.7552563061996677 0.6341082546045264
vn 0 -0.982150659317986 0.1880959393534201
vn 0 -0.7836418303716528 0.6212129117233204
vn 0.39389096809123075 -0.5055799371112969 0.7676189370036999
vn 0.16581493973833594 -0.7552567287305992 0.6341077822158675
vn 0.1435539893391783 -0.9759509116541855 0.16404898715375077
vn 0.39389096809123075 -0.5055799371112969 0.7676189370036999
vn 0.1435539893391783 -0.9759509116541855 0.16404898715375077
vn 0.4439608218053437 -0.8788416507140184 0.17474593463707022
vn -0.39389096809123075 -0.5055799371112969 0.7676189370036999
vn -0.443959716209882 -0.8788424198148619 0.17474487550940926
vn -0.1435539893391783 -0.9759509116541855 0.16404898715375077
vn -0.39389096809123075 -0.5055799371112969 0.7676189370036999
vn -0.1435539893391783 -0.9759509116541855 0.16404898715375077
vn -0.16581505778437264 -0.7552563061996677 0.6341082546045264
vn 0.5806961166095953 -0.19369803724374093 0.7907421137908729
vn 0.39389096809123075 -0.5055799371112969 0.7676189370036999
vn 0.4439608218053437 -0.8788416507140184 0.17474593463707022
vn 0.5806961166095953 -0.19369803724374093 0.7907421137908729
vn 0.4439608218053437 -0.8788416507140184 0.17474593463707022
vn 0.9414395581560145 -0.2474478752730362 0.22904389832926744
vn -0.5806942167660115 -0.19369906792731295 0.7907432564989716
vn -0.9414383811549739 -0.24745309464622056 0.22904309733827516
vn -0.443959716209882 -0.8788424198148619 0.17474487550940926
vn -0.5806942167660115 -0.19369906792731295 0.7907432564989716
vn -0.443959716209882 -0.8788424198148619 0.17474487550940926
vn -0.39389096809123075 -0.5055799371112969 0.7676189370036999
vn 0.5709639141582926 -0.01994099823043671 0.8207329439705804
vn 0.5806961166095953 -0.19369803724374093 0.7907421137908729
vn 0.9414395581560145 -0.2474478752730362 0.22904389832926744
vn 0.5709639141582926 -0.01994099823043671 0.8207329439705804
vn 0.9414395581560145 -0.2474478752730362 0.22904389832926744
vn 0.9813391603692185 0.08838401768527229 0.1707680231883207
vn -0.5709627929710804 -0.0199429935181044 0.8207336754710386
vn -0.9813387369470664 0.08838497825269885 0.1707699592621791
vn -0.9414383811549739 -0.24745309464622056 0.22904309733827516
vn -0.5709627929710804 -0.0199429935181044 0.8207336754710386
vn -0.9414383811549739 -0.24745309464622056 0.22904309733827516
vn -0.5806942167660115 -0.19369906792731295 0.7907432564989716
vn 0.49487299742069046 0.0792929993442353 0.8653400121795226
vn 0.5709639141582926 -0.01994099823043671 0.8207329439705804
vn 0.9813391603692185 0.08838401768527229 0.1707680231883207
vn 0.49487299742069046 0.0792929993442353 0.8653400121795226
vn 0.9813391603692185 0.08838401768527229 0.1707680231883207
vn 0.9592587760440554 0.24225694957948896 0.1453759641856297
vn -0.49487299742069046 0.0792929993442353 0.8653400121795226
vn -0.9592592864754451 0.24225607889505124 0.145374047027021
vn -0.9813387369470664 0.08838497825269885 0.1707699592621791
vn -0.49487299742069046 0.0792929993442353 0.8653400121795226
vn -0.9813387369470664 0.08838497825269885 0.1707699592621791
vn -0.5709627929710804 -0.0199429935181044 0.8207336754710386
vn 0.38148194994834767 -0.8980149135054731 0.21918197230923048
vn 0.3171059819633771 -0.511440937969908 0.7986688695395
vn 0.14170199340518932 -0.30562698211029715 0.9415480300394388
vn 0.38148194994834767 -0.8980149135054731 0.21918197230923048
vn 0.14170199340518932 -0.30562698211029715 0.9415480300394388
vn 0.8873328100226815 -0.4416699176030794 0.1325449664896434
vn -0.38148085116637265 -0.8980156379512544 0.21918091656980834
vn -0.8873340874337349 -0.4416670397109017 0.1325460045084334
vn -0.14170098173704146 -0.3056279690611557 0.9415478619285967
vn -0.38148085116637265 -0.8980156379512544 0.21918091656980834
vn -0.14170098173704146 -0.3056279690611557 0.9415478619285967
vn -0.31710504651393545 -0.5114410981112378 0.7986691384034856
vn 0.6236780460357314 -0.7760360458092231 0.09377499932198173
vn 0.43028169176254244 -0.42664270904841867 0.7955084314762421
vn 0.3171059819633771 -0.511440937969908 0.7986688695395
vn 0.6236780460357314 -0.7760360458092231 0.09377499932198173
vn 0.3171059819633771 -0.511440937969908 0.7986688695395
vn 0.38148194994834767 -0.8980149135054731 0.21918197230923048
vn -0.6236780460357314 -0.7760360458092231 0.09377499932198173
vn -0.38148085116637265 -0.8980156379512544 0.21918091656980834
vn -0.31710504651393545 -0.5114410981112378 0.7986691384034856
vn -0.6236780460357314 -0.7760360458092231 0.09377499932198173
vn -0.31710504651393545 -0.5114410981112378 0.7986691384034856
vn -0.43028090123956847 -0.4266429018825172 0.7955087556411492
vn 0.8509164573713854 -0.5158656909009579 0.0991149409817137
vn 0.5249000836817755 -0.3044320671415224 0.7948591187416827
vn 0.43028169176254244 -0.42664270904841867 0.7955084314762421
vn 0.8509164573713854 -0.5158656909009579 0.0991149409817137
vn 0.43028169176254244 -0.42664270904841867 0.7955084314762421
vn 0.6236780460357314 -0.7760360458092231 0.09377499932198173
vn -0.8509176223070914 -0.5158637670884024 0.09911495271960151
vn -0.6236780460357314 -0.7760360458092231 0.09377499932198173
vn -0.43028090123956847 -0.4266429018825172 0.7955087556411492
vn -0.8509176223070914 -0.5158637670884024 0.09911495271960151
vn -0.43028090123956847 -0.4266429018825172 0.7955087556411492
vn -0.524899852760531 -0.30443087939691343 0.7948597261414085
vn 0.9312493498120075 0.2874831051693846 0.22389308322697626
vn 0.4162017758512957 -0.25043085551161376 0.8741055247428361
vn 0.5249000836817755 -0.3044320671415224 0.7948591187416827
vn 0.9312493498120075 0.2874831051693846 0.22389308322697626
vn 0.5249000836817755 -0.3044320671415224 0.7948591187416827
vn 0.8509164573713854 -0.5158656909009579 0.0991149409817137
vn -0.9312488166784425 0.2874849355342252 0.22389295048277688
vn -0.8509176223070914 -0.5158637670884024 0.09911495271960151
vn -0.524899852760531 -0.30443087939691343 0.7948597261414085
vn -0.9312488166784425 0.2874849355342252 0.22389295048277688
vn -0.524899852760531 -0.30443087939691343 0.7948597261414085
vn -0.4162018839677563 -0.2504299249650179 0.8741057398642945
vn 0.5088799664701151 0.8351769560353784 0.2086159913162315
vn 0.32980694889914125 -0.15740297507111475 0.9308338626718525
vn 0.4162017758512957 -0.25043085551161376 0.8741055247428361
vn 0.5088799664701151 0.8351769560353784 0.2086159913162315
vn 0.4162017758512957 -0.25043085551161376 0.8741055247428361
vn 0.9312493498120075 0.2874831051693846 0.22389308322697626
vn -0.5088799664701151 0.8351769560353784 0.2086159913162315
vn -0.9312488166784425 0.2874849355342252 0.22389295048277688
vn -0.4162018839677563 -0.2504299249650179 0.8741057398642945
vn -0.5088799664701151 0.8351769560353784 0.2086159913162315
vn -0.4162018839677563 -0.2504299249650179 0.8741057398642945
vn -0.3298048951137591 -0.15740194811986624 0.9308347640086683
vn 0.5802998489875654 0.7987388895641108 0.15895996842884763
vn 0.3242329413567478 -0.003485999361548288 0.9459708492060436
vn 0.32980694889914125 -0.15740297507111475 0.9308338626718525
vn 0.5802998489875654 0.7987388895641108 0.15895996842884763
vn 0.32980694889914125 -0.15740297507111475 0.9308338626718525
vn 0.5088799664701151 0.8351769560353784 0.2086159913162315
vn -0.5803002726458596 0.7987383619669073 0.15896107287497468
vn -0.5088799664701151 0.8351769560353784 0.2086159913162315
vn -0.3298048951137591 -0.15740194811986624 0.9308347640086683
vn -0.5803002726458596 0.7987383619669073 0.15896107287497468
vn -0.3298048951137591 -0.15740194811986624 0.9308347640086683
vn -0.32423207427638934 -0.0034880005107027065 0.9459711390221517
vn 0.3198910681424134 0.9187761625121853 0.2313440462213974
vn 0.2618278892686194 -0.05297597561719987 0.9636595365628597
vn 0.3242329413567478 -0.003485999361548288 0.9459708492060436
vn 0.3198910681424134 0.9187761625121853 0.2313440462213974
vn 0.3242329413567478 -0.003485999361548288 0.9459708492060436
vn 0.5802998489875654 0.7987388895641108 0.15895996842884763
vn -0.3198910681424134 0.9187761625121853 0.2313440462213974
vn -0.5803002726458596 0.7987383619669073 0.15896107287497468
vn -0.32423207427638934 -0.0034880005107027065 0.9459711390221517
vn -0.3198910681424134 0.9187761625121853 0.2313440462213974
vn -0.32423207427638934 -0.0034880005107027065 0.9459711390221517
vn -0.2618269268129076 -0.05297698339409387 0.963659742661366
vn -0.629912970475232 0.7590840435069671 0.16432000645138317
vn 0.10475099331384456 0.08593200347827303 0.9907789461721382
vn 0.2618278892686194 -0.05297597561719987 0.9636595365628597
vn -0.629912970475232 0.7590840435069671 0.16432000645138317
vn 0.2618278892686194 -0.05297597561719987 0.9636595365628597
vn 0.3198910681424134 0.9187761625121853 0.2313440462213974
vn 0.6299118466298159 0.759084769177876 0.16432096238029512
vn -0.3198910681424134 0.9187761625121853 0.2313440462213974
vn -0.2618269268129076 -0.05297698339409387 0.963659742661366
vn 0.6299118466298159 0.759084769177876 0.16432096238029512
vn -0.2618269268129076 -0.05297698339409387 0.963659742661366
vn -0.10475197577148705 0.08593297866840453 0.9907787577199793
vn -0.805356756567379 0.5739378444378095 0.14830996383706715
vn -0.31478790086816877 0.09083496218268892 0.9448055816475056
vn 0.10475099331384456 0.08593200347827303 0.9907789461721382
vn -0.805356756567379 0.5739378444378095 0.14830996383706715
vn 0.10475099331384456 0.08593200347827303 0.9907789461721382
vn -0.629912970475232 0.7590840435069671 0.16432000645138317
vn 0.8053558254478528 0.5739388909177748 0.14831097029310447
vn 0.6299118466298159 0.759084769177876 0.16432096238029512
vn -0.10475197577148705 0.08593297866840453 0.9907787577199793
vn 0.8053558254478528 0.5739388909177748 0.14831097029310447
vn -0.10475197577148705 0.08593297866840453 0.9907787577199793
vn 0.3147860769715752 0.09083402914176418 0.9448062790301083
vn 0 0.9996010303753063 0.02824500084308587
vn 0 -0.018778995229113898 0.9998236591210397
vn -0.31478790086816877 0.09083496218268892 0.9448055816475056
vn 0 0.9996010303753063 0.02824500084308587
vn -0.31478790086816877 0.09083496218268892 0.9448055816475056
vn -0.805356756567379 0.5739378444378095 0.14830996383706715
vn 0 0.9996010303753063 0.02824500084308587
vn 0.8053558254478528 0.5739388909177748 0.14831097029310447
vn 0.3147860769715752 0.09083402914176418 0.9448062790301083
vn 0 0.9996010303753063 0.02824500084308587
vn 0.3147860769715752 0.09083402914176418 0.9448062790301083
vn 0 -0.018778995229113898 0.9998236591210397
vn 0.19863897248897283 -0.08517198130335786 0.9763648356067446
vn 0.10475099331384456 0.08593200347827303 0.9907789461721382
vn -0.31478790086816877 0.09083496218268892 0.9448055816475056
vn 0.19863897248897283 -0.08517198130335786 0.9763648356067446
vn -0.31478790086816877 0.09083496218268892 0.9448055816475056
vn 0.2292290495454088 -0.22367604237956096 0.9473241635838945
vn -0.19863899200708227 -0.0851709923557759 0.9763649179049515
vn -0.22923000717359174 -0.22367600153413883 0.9473239415051724
vn 0.3147860769715752 0.09083402914176418 0.9448062790301083
vn -0.19863899200708227 -0.0851709923557759 0.9763649179049515
vn 0.3147860769715752 0.09083402914176418 0.9448062790301083
vn -0.10475197577148705 0.08593297866840453 0.9907787577199793
vn 0.1695029324160149 0.06987397519598888 0.9830495325733501
vn 0.2618278892686194 -0.05297597561719987 0.9636595365628597
vn 0.10475099331384456 0.08593200347827303 0.9907789461721382
vn 0.1695029324160149 0.06987397519598888 0.9830495325733501
vn 0.10475099331384456 0.08593200347827303 0.9907789461721382
vn 0.19863897248897283 -0.08517198130335786 0.9763648356067446
vn -0.16950291613842053 0.06987496555581585 0.9830494649859411
vn -0.19863899200708227 -0.0851709923557759 0.9763649179049515
vn -0.10475197577148705 0.08593297866840453 0.9907787577199793
vn -0.16950291613842053 0.06987496555581585 0.9830494649859411
vn -0.10475197577148705 0.08593297866840453 0.9907787577199793
vn -0.2618269268129076 -0.05297698339409387 0.963659742661366
vn 0.3242329413567478 -0.003485999361548288 0.9459708492060436
vn 0.2618278892686194 -0.05297597561719987 0.9636595365628597
vn 0.1695029324160149 0.06987397519598888 0.9830495325733501
vn 0.3242329413567478 -0.003485999361548288 0.9459708492060436
vn 0.1695029324160149 0.06987397519598888 0.9830495325733501
vn 0.1698298947169899 -0.011825993976388359 0.985402431865726
vn -0.32423207427638934 -0.0034880005107027065 0.9459711390221517
vn -0.16982892213989778 -0.011826995800832501 0.9854025874611491
vn -0.16950291613842053 0.06987496555581585 0.9830494649859411
vn -0.32423207427638934 -0.0034880005107027065 0.9459711390221517
vn -0.16950291613842053 0.06987496555581585 0.9830494649859411
vn -0.2618269268129076 -0.05297698339409387 0.963659742661366
vn 0.32980694889914125 -0.15740297507111475 0.9308338626718525
vn 0.3242329413567478 -0.003485999361548288 0.9459708492060436
vn 0.1698298947169899 -0.011825993976388359 0.985402431865726
vn 0.32980694889914125 -0.15740297507111475 0.9308338626718525
vn 0.1698298947169899 -0.011825993976388359 0.985402431865726
vn 0.2937079680165073 -0.15974398023244257 0.9424529114513422
vn -0.3298048951137591 -0.15740194811986624 0.9308347640086683
vn -0.2937059958173151 -0.1597470023149233 0.942453013827403
vn -0.16982892213989778 -0.011826995800832501 0.9854025874611491
vn -0.3298048951137591 -0.15740194811986624 0.9308347640086683
vn -0.16982892213989778 -0.011826995800832501 0.9854025874611491
vn -0.32423207427638934 -0.0034880005107027065 0.9459711390221517
vn 0.4162017758512957 -0.25043085551161376 0.8741055247428361
vn 0.32980694889914125 -0.15740297507111475 0.9308338626718525
vn 0.2937079680165073 -0.15974398023244257 0.9424529114513422
vn 0.4162017758512957 -0.25043085551161376 0.8741055247428361
vn 0.2937079680165073 -0.15974398023244257 0.9424529114513422
vn 0.3399798561000155 -0.20372292333112918 0.9181016653702527
vn -0.4162018839677563 -0.2504299249650179 0.8741057398642945
vn -0.3399781056657321 -0.20372306217708655 0.918102282757826
vn -0.2937059958173151 -0.1597470023149233 0.942453013827403
vn -0.4162018839677563 -0.2504299249650179 0.8741057398642945
vn -0.2937059958173151 -0.1597470023149233 0.942453013827403
vn -0.3298048951137591 -0.15740194811986624 0.9308347640086683
vn 0.5249000836817755 -0.3044320671415224 0.7948591187416827
vn 0.4162017758512957 -0.25043085551161376 0.8741055247428361
vn 0.3399798561000155 -0.20372292333112918 0.9181016653702527
vn 0.5249000836817755 -0.3044320671415224 0.7948591187416827
vn 0.3399798561000155 -0.20372292333112918 0.9181016653702527
vn 0.4205059926094746 -0.19306200379589994 0.8865110111385152
vn -0.524899852760531 -0.30443087939691343 0.7948597261414085
vn -0.4205068423154711 -0.19306192138633288 0.886510626036986
vn -0.3399781056657321 -0.20372306217708655 0.918102282757826
vn -0.524899852760531 -0.30443087939691343 0.7948597261414085
vn -0.3399781056657321 -0.20372306217708655 0.918102282757826
vn -0.4162018839677563 -0.2504299249650179 0.8741057398642945
vn 0.43028169176254244 -0.42664270904841867 0.7955084314762421
vn 0.5249000836817755 -0.3044320671415224 0.7948591187416827
vn 0.4205059926094746 -0.19306200379589994 0.8865110111385152
vn 0.43028169176254244 -0.42664270904841867 0.7955084314762421
vn 0.4205059926094746 -0.19306200379589994 0.8865110111385152
vn 0.4540679983284373 -0.35865300360106134 0.8155919788116747
vn -0.43028090123956847 -0.4266429018825172 0.7955087556411492
vn -0.45406795479133844 -0.35865095993198826 0.8155929017417173
vn -0.4205068423154711 -0.19306192138633288 0.886510626036986
vn -0.43028090123956847 -0.4266429018825172 0.7955087556411492
vn -0.4205068423154711 -0.19306192138633288 0.886510626036986
vn -0.524899852760531 -0.30443087939691343 0.7948597261414085
vn 0.3171059819633771 -0.511440937969908 0.7986688695395
vn 0.43028169176254244 -0.42664270904841867 0.7955084314762421
vn 0.4540679983284373 -0.35865300360106134 0.8155919788116747
vn 0.3171059819633771 -0.511440937969908 0.7986688695395
vn 0.4540679983284373 -0.35865300360106134 0.8155919788116747
vn 0.2771240134777113 -0.47162201319995145 0.8371230243036145
vn -0.31710504651393545 -0.5114410981112378 0.7986691384034856
vn -0.2771219272450475 -0.47162186406899587 0.8371237989521478
vn -0.45406795479133844 -0.35865095993198826 0.8155929017417173
vn -0.31710504651393545 -0.5114410981112378 0.7986691384034856
vn -0.45406795479133844 -0.35865095993198826 0.8155929017417173
vn -0.43028090123956847 -0.4266429018825172 0.7955087556411492
vn 0.14170199340518932 -0.30562698211029715 0.9415480300394388
vn 0.3171059819633771 -0.511440937969908 0.7986688695395
vn 0.2771240134777113 -0.47162201319995145 0.8371230243036145
vn 0.14170199340518932 -0.30562698211029715 0.9415480300394388
vn 0.2771240134777113 -0.47162201319995145 0.8371230243036145
vn -0.09514600659545555 -0.34037100825029853 0.9354650256271545
vn -0.14170098173704146 -0.3056279690611557 0.9415478619285967
vn 0.09514600659545555 -0.34037100825029853 0.9354650256271545
vn -0.2771219272450475 -0.47162186406899587 0.8371237989521478
vn -0.14170098173704146 -0.3056279690611557 0.9415478619285967
vn -0.2771219272450475 -0.47162186406899587 0.8371237989521478
vn -0.31710504651393545 -0.5114410981112378 0.7986691384034856
vn -0.3745679555865237 -0.27245795716169147 0.8862649198896512
vn 0 -0.12414599825719108 0.9922639624196404
vn 0.14170199340518932 -0.30562698211029715 0.9415480300394388
vn -0.3745679555865237 -0.27245795716169147 0.8862649198896512
vn 0.14170199340518932 -0.30562698211029715 0.9415480300394388
vn -0.09514600659545555 -0.34037100825029853 0.9354650256271545
vn 0.3745698045306948 -0.27245986538333017 0.8862635518225572
vn 0.09514600659545555 -0.34037100825029853 0.9354650256271545
vn -0.14170098173704146 -0.3056279690611557 0.9415478619285967
vn 0.3745698045306948 -0.27245986538333017 0.8862635518225572
vn -0.14170098173704146 -0.3056279690611557 0.9415478619285967
vn 0 -0.12414599825719108 0.9922639624196404
vn -0.31478790086816877 0.09083496218268892 0.9448055816475056
vn 0 -0.018778995229113898 0.9998236591210397
vn -0.04274198822481913 -0.1716589495521486 0.9842287983397164
vn -0.31478790086816877 0.09083496218268892 0.9448055816475056
vn -0.04274198822481913 -0.1716589495521486 0.9842287983397164
vn 0.2292290495454088 -0.22367604237956096 0.9473241635838945
vn 0.3147860769715752 0.09083402914176418 0.9448062790301083
vn -0.22923000717359174 -0.22367600153413883 0.9473239415051724
vn 0.0427429910046348 -0.17165895226989195 0.9842287543176031
vn 0.3147860769715752 0.09083402914176418 0.9448062790301083
vn 0.0427429910046348 -0.17165895226989195 0.9842287543176031
vn 0 -0.018778995229113898 0.9998236591210397
vn 0 -0.018778995229113898 0.9998236591210397
vn 0 -0.20842602876401922 0.978038133476226
vn -0.21756703866505267 -0.2064850303292585 0.9539541477117466
vn 0 -0.018778995229113898 0.9998236591210397
vn -0.21756703866505267 -0.2064850303292585 0.9539541477117466
vn -0.04274198822481913 -0.1716589495521486 0.9842287983397164
vn 0 -0.018778995229113898 0.9998236591210397
vn 0.0427429910046348 -0.17165895226989195 0.9842287543176031
vn 0.2175709579640218 -0.2064869528576952 0.9539528376970016
vn 0 -0.018778995229113898 0.9998236591210397
vn 0.2175709579640218 -0.2064869528576952 0.9539528376970016
vn 0 -0.20842602876401922 0.978038133476226
vn -0.3745679555865237 -0.27245795716169147 0.8862649198896512
vn -0.21756703866505267 -0.2064850303292585 0.9539541477117466
vn 0 -0.20842602876401922 0.978038133476226
vn -0.3745679555865237 -0.27245795716169147 0.8862649198896512
vn 0 -0.20842602876401922 0.978038133476226
vn 0 -0.12414599825719108 0.9922639624196404
vn 0.3745698045306948 -0.27245986538333017 0.8862635518225572
vn 0 -0.12414599825719108 0.9922639624196404
vn 0 -0.20842602876401922 0.978038133476226
vn 0.3745698045306948 -0.27245986538333017 0.8862635518225572
vn 0 -0.20842602876401922 0.978038133476226
vn 0.2175709579640218 -0.2064869528576952 0.9539528376970016
vn 0 -0.1340230225849464 0.9909782184373152
vn 0 -0.7836418303716528 0.6212129117233204
vn 0.16581493973833594 -0.7552567287305992 0.6341077822158675
vn 0 -0.1340230225849464 0.9909782184373152
vn 0.16581493973833594 -0.7552567287305992 0.6341077822158675
vn -0.06972701025105708 -0.35568803154037393 0.9320000902684413
vn 0 -0.1340230225849464 0.9909782184373152
vn 0.0697260121146272 -0.3556880625739226 0.9320001530992366
vn -0.16581505778437264 -0.7552563061996677 0.6341082546045264
vn 0 -0.1340230225849464 0.9909782184373152
vn -0.16581505778437264 -0.7552563061996677 0.6341082546045264
vn 0 -0.7836418303716528 0.6212129117233204
vn -0.06972701025105708 -0.35568803154037393 0.9320000902684413
vn 0.16581493973833594 -0.7552567287305992 0.6341077822158675
vn 0.39389096809123075 -0.5055799371112969 0.7676189370036999
vn -0.06972701025105708 -0.35568803154037393 0.9320000902684413
vn 0.39389096809123075 -0.5055799371112969 0.7676189370036999
vn 0.01988999003920541 -0.33122086810387946 0.943343587898255
vn 0.0697260121146272 -0.3556880625739226 0.9320001530992366
vn -0.019891990847059914 -0.33122087354786284 0.9433435437985099
vn -0.39389096809123075 -0.5055799371112969 0.7676189370036999
vn 0.0697260121146272 -0.3556880625739226 0.9320001530992366
vn -0.39389096809123075 -0.5055799371112969 0.7676189370036999
vn -0.16581505778437264 -0.7552563061996677 0.6341082546045264
vn 0.01988999003920541 -0.33122086810387946 0.943343587898255
vn 0.39389096809123075 -0.5055799371112969 0.7676189370036999
vn 0.5806961166095953 -0.19369803724374093 0.7907421137908729
vn 0.01988999003920541 -0.33122086810387946 0.943343587898255
vn 0.5806961166095953 -0.19369803724374093 0.7907421137908729
vn 0.20873908393414806 -0.2895701187241659 0.9341183764279585
vn -0.019891990847059914 -0.33122087354786284 0.9433435437985099
vn -0.20874093217506104 -0.2895708942739214 0.9341177230007404
vn -0.5806942167660115 -0.19369906792731295 0.7907432564989716
vn -0.019891990847059914 -0.33122087354786284 0.9433435437985099
vn -0.5806942167660115 -0.19369906792731295 0.7907432564989716
vn -0.39389096809123075 -0.5055799371112969 0.7676189370036999
vn 0.15111701554208323 0.005755000886262385 0.9884991287696985
vn 0.13494394389627412 -0.042750979659649455 0.9899305459191868
vn 0.5709639141582926 -0.01994099823043671 0.8207329439705804
vn 0.15111701554208323 0.005755000886262385 0.9884991287696985
vn 0.5709639141582926 -0.01994099823043671 0.8207329439705804
vn 0.49487299742069046 0.0792929993442353 0.8653400121795226
vn -0.15111701554208323 0.005755000886262385 0.9884991287696985
vn -0.49487299742069046 0.0792929993442353 0.8653400121795226
vn -0.5709627929710804 -0.0199429935181044 0.8207336754710386
vn -0.15111701554208323 0.005755000886262385 0.9884991287696985
vn -0.5709627929710804 -0.0199429935181044 0.8207336754710386
vn -0.13494394609887364 -0.0427519787352369 0.989930502472515
vn 0.5806961166095953 -0.19369803724374093 0.7907421137908729
vn 0.5709639141582926 -0.01994099823043671 0.8207329439705804
vn 0.13494394389627412 -0.042750979659649455 0.9899305459191868
vn 0.5806961166095953 -0.19369803724374093 0.7907421137908729
vn 0.13494394389627412 -0.042750979659649455 0.9899305459191868
vn 0.20873908393414806 -0.2895701187241659 0.9341183764279585
vn -0.5806942167660115 -0.19369906792731295 0.7907432564989716
vn -0.20874093217506104 -0.2895708942739214 0.9341177230007404
vn -0.13494394609887364 -0.0427519787352369 0.989930502472515
vn -0.5806942167660115 -0.19369906792731295 0.7907432564989716
vn -0.13494394609887364 -0.0427519787352369 0.989930502472515
vn -0.5709627929710804 -0.0199429935181044 0.8207336754710386
vn 0.0000010000005672850456 -0.7619504343023913 0.6476353415815088
vn 0 -0.003623001486436083 0.9999934369085776
vn 0.15111701554208323 0.005755000886262385 0.9884991287696985
vn 0.0000010000005672850456 -0.7619504343023913 0.6476353415815088
vn 0.15111701554208323 0.005755000886262385 0.9884991287696985
vn 0.41779505076401396 -0.22865302242243862 0.8792980671502575
vn 0.0000010000005672850456 -0.7619504343023913 0.6476353415815088
vn -0.41779302902186866 -0.22865301015686365 0.8792990309598535
vn -0.15111701554208323 0.005755000886262385 0.9884991287696985
vn 0.0000010000005672850456 -0.7619504343023913 0.6476353415815088
vn -0.15111701554208323 0.005755000886262385 0.9884991287696985
vn 0 -0.003623001486436083 0.9999934369085776
vn 0.15111701554208323 0.005755000886262385 0.9884991287696985
vn 0 -0.003623001486436083 0.9999934369085776
vn 0 -0.03274299230096592 0.9994638044747688
vn 0.15111701554208323 0.005755000886262385 0.9884991287696985
vn 0 -0.03274299230096592 0.9994638044747688
vn 0.13494394389627412 -0.042750979659649455 0.9899305459191868
vn -0.15111701554208323 0.005755000886262385 0.9884991287696985
vn -0.13494394609887364 -0.0427519787352369 0.989930502472515
vn 0 -0.03274299230096592 0.9994638044747688
vn -0.15111701554208323 0.005755000886262385 0.9884991287696985
vn 0 -0.03274299230096592 0.9994638044747688
vn 0 -0.003623001486436083 0.9999934369085776
vn 0.20873908393414806 -0.2895701187241659 0.9341183764279585
vn 0.13494394389627412 -0.042750979659649455 0.9899305459191868
vn 0 -0.03274299230096592 0.9994638044747688
vn 0.20873908393414806 -0.2895701187241659 0.9341183764279585
vn 0 -0.03274299230096592 0.9994638044747688
vn 0 -0.22673891586122746 0.9739555760064601
vn -0.20874093217506104 -0.2895708942739214 0.9341177230007404
vn 0 -0.22673891586122746 0.9739555760064601
vn 0 -0.03274299230096592 0.9994638044747688
vn -0.20874093217506104 -0.2895708942739214 0.9341177230007404
vn 0 -0.03274299230096592 0.9994638044747688
vn -0.13494394609887364 -0.0427519787352369 0.989930502472515
vn 0.9226471115164241 -0.2765990176517463 0.2687290290320125
vn 0.5709660604690835 -0.7619700968338511 0.30561303853635996
vn 0.41779505076401396 -0.22865302242243862 0.8792980671502575
vn 0.9226471115164241 -0.2765990176517463 0.2687290290320125
vn 0.41779505076401396 -0.22865302242243862 0.8792980671502575
vn 0.8127130842798578 -0.27501702229970987 0.5136760458554804
vn -0.9226457099872634 -0.2765999204100145 0.2687329117753769
vn -0.8127103434598897 -0.2750191087985311 0.5136792651343539
vn -0.41779302902186866 -0.22865301015686365 0.8792990309598535
vn -0.9226457099872634 -0.2765999204100145 0.2687329117753769
vn -0.41779302902186866 -0.22865301015686365 0.8792990309598535
vn -0.5709642016598441 -0.7619702608808276 0.3056161022527128
vn 0.6173098087727857 0.7697517872376749 0.16251395643855393
vn 0.9226471115164241 -0.2765990176517463 0.2687290290320125
vn 0.8127130842798578 -0.27501702229970987 0.5136760458554804
vn 0.6173098087727857 0.7697517872376749 0.16251395643855393
vn 0.8127130842798578 -0.27501702229970987 0.5136760458554804
vn 0.694081882412996 0.16533997176319934 0.7006518637978327
vn -0.6173078377262561 0.769752735807906 0.16251695049433482
vn -0.6940788247281445 0.1653359583965965 0.7006558398565421
vn -0.8127103434598897 -0.2750191087985311 0.5136792651343539
vn -0.6173078377262561 0.769752735807906 0.16251695049433482
vn -0.8127103434598897 -0.2750191087985311 0.5136792651343539
vn -0.9226457099872634 -0.2765999204100145 0.2687329117753769
vn -0.44627810094966464 0.7995891077201535 0.40186206019982745
vn 0.6173098087727857 0.7697517872376749 0.16251395643855393
vn 0.694081882412996 0.16533997176319934 0.7006518637978327
vn -0.44627810094966464 0.7995891077201535 0.40186206019982745
vn 0.694081882412996 0.16533997176319934 0.7006518637978327
vn -0.000001999998643647294 0.736984555720785 0.6759095831729545
vn 0.44627476251637566 0.7995905968093988 0.4018628047417949
vn -0.000001999998643647294 0.736984555720785 0.6759095831729545
vn -0.6940788247281445 0.1653359583965965 0.7006558398565421
vn 0.44627476251637566 0.7995905968093988 0.4018628047417949
vn -0.6940788247281445 0.1653359583965965 0.7006558398565421
vn -0.6173078377262561 0.769752735807906 0.16251695049433482
vn -0.000001000000110000422 0.782774030252946 0.6223060481471797
vn -0.44627810094966464 0.7995891077201535 0.40186206019982745
vn -0.000001999998643647294 0.736984555720785 0.6759095831729545
vn -0.000001000000110000422 0.782774030252946 0.6223060481471797
vn -0.000001999998643647294 0.736984555720785 0.6759095831729545
vn -0.0000049999996007336455 0.7139939329344174 0.70015188617031
vn -0.000001000000110000422 0.782774030252946 0.6223060481471797
vn -0.0000049999996007336455 0.7139939329344174 0.70015188617031
vn -0.000001999998643647294 0.736984555720785 0.6759095831729545
vn -0.000001000000110000422 0.782774030252946 0.6223060481471797
vn -0.000001999998643647294 0.736984555720785 0.6759095831729545
vn 0.44627476251637566 0.7995905968093988 0.4018628047417949
vn 0.41779505076401396 -0.22865302242243862 0.8792980671502575
vn 0.5709660604690835 -0.7619700968338511 0.30561303853635996
vn 0 -0.7560861286118271 0.6544721278410406
vn 0.41779505076401396 -0.22865302242243862 0.8792980671502575
vn 0 -0.7560861286118271 0.6544721278410406
vn 0.0000010000005672850456 -0.7619504343023913 0.6476353415815088
vn -0.41779302902186866 -0.22865301015686365 0.8792990309598535
vn 0.0000010000005672850456 -0.7619504343023913 0.6476353415815088
vn 0 -0.7560861286118271 0.6544721278410406
vn -0.41779302902186866 -0.22865301015686365 0.8792990309598535
vn 0 -0.7560861286118271 0.6544721278410406
vn -0.5709642016598441 -0.7619702608808276 0.3056161022527128
vn 0.5709660604690835 -0.7619700968338511 0.30561303853635996
vn 0.23366996932162218 -0.6017078830992475 0.7637708876708083
vn 0 -0.5240781238576385 0.8516701944378807
vn 0.5709660604690835 -0.7619700968338511 0.30561303853635996
vn 0 -0.5240781238576385 0.8516701944378807
vn 0 -0.7560861286118271 0.6544721278410406
vn -0.5709642016598441 -0.7619702608808276 0.3056161022527128
vn 0 -0.7560861286118271 0.6544721278410406
vn 0 -0.5240781238576385 0.8516701944378807
vn -0.5709642016598441 -0.7619702608808276 0.3056161022527128
vn 0 -0.5240781238576385 0.8516701944378807
vn -0.23366789800576498 -0.6017077041451613 0.7637716623533023
vn 0 0.04329201875894545 0.9990624610662614
vn -0.3273909440922607 0.6345868805460196 0.7000818957559538
vn -0.44627810094966464 0.7995891077201535 0.40186206019982745
vn 0 0.04329201875894545 0.9990624610662614
vn -0.44627810094966464 0.7995891077201535 0.40186206019982745
vn -0.000001000000110000422 0.782774030252946 0.6223060481471797
vn 0 0.04329201875894545 0.9990624610662614
vn -0.000001000000110000422 0.782774030252946 0.6223060481471797
vn 0.44627476251637566 0.7995905968093988 0.4018628047417949
vn 0 0.04329201875894545 0.9990624610662614
vn 0.44627476251637566 0.7995905968093988 0.4018628047417949
vn 0.32739209995251634 0.6345891926631828 0.7000792594012276
vn -0.3273909440922607 0.6345868805460196 0.7000818957559538
vn 0.23526090591076226 0.5181018159796774 0.8223276806897648
vn 0.6173098087727857 0.7697517872376749 0.16251395643855393
vn -0.3273909440922607 0.6345868805460196 0.7000818957559538
vn 0.6173098087727857 0.7697517872376749 0.16251395643855393
vn -0.44627810094966464 0.7995891077201535 0.40186206019982745
vn 0.32739209995251634 0.6345891926631828 0.7000792594012276
vn 0.44627476251637566 0.7995905968093988 0.4018628047417949
vn -0.6173078377262561 0.769752735807906 0.16251695049433482
vn 0.32739209995251634 0.6345891926631828 0.7000792594012276
vn -0.6173078377262561 0.769752735807906 0.16251695049433482
vn -0.23525895904903113 0.5181008737359568 0.8223288313206611
vn 0.23526090591076226 0.5181018159796774 0.8223276806897648
vn 0.47447720244546937 -0.08658203496227262 0.8759993924548766
vn 0.9226471115164241 -0.2765990176517463 0.2687290290320125
vn 0.23526090591076226 0.5181018159796774 0.8223276806897648
vn 0.9226471115164241 -0.2765990176517463 0.2687290290320125
vn 0.6173098087727857 0.7697517872376749 0.16251395643855393
vn -0.23525895904903113 0.5181008737359568 0.8223288313206611
vn -0.6173078377262561 0.769752735807906 0.16251695049433482
vn -0.9226457099872634 -0.2765999204100145 0.2687329117753769
vn -0.23525895904903113 0.5181008737359568 0.8223288313206611
vn -0.9226457099872634 -0.2765999204100145 0.2687329117753769
vn -0.4744721681255127 -0.08658003117077315 0.8760023172781811
vn 0.47447720244546937 -0.08658203496227262 0.8759993924548766
vn 0.23366996932162218 -0.6017078830992475 0.7637708876708083
vn 0.5709660604690835 -0.7619700968338511 0.30561303853635996
vn 0.47447720244546937 -0.08658203496227262 0.8759993924548766
vn 0.5709660604690835 -0.7619700968338511 0.30561303853635996
vn 0.9226471115164241 -0.2765990176517463 0.2687290290320125
vn -0.4744721681255127 -0.08658003117077315 0.8760023172781811
vn -0.9226457099872634 -0.2765999204100145 0.2687329117753769
vn -0.5709642016598441 -0.7619702608808276 0.3056161022527128
vn -0.4744721681255127 -0.08658003117077315 0.8760023172781811
vn -0.5709642016598441 -0.7619702608808276 0.3056161022527128
vn -0.23366789800576498 -0.6017077041451613 0.7637716623533023
vn 0.47447720244546937 -0.08658203496227262 0.8759993924548766
vn 0.23526090591076226 0.5181018159796774 0.8223276806897648
vn -0.3273909440922607 0.6345868805460196 0.7000818957559538
vn 0.47447720244546937 -0.08658203496227262 0.8759993924548766
vn -0.3273909440922607 0.6345868805460196 0.7000818957559538
vn 0 0.04329201875894545 0.9990624610662614
vn -0.4744721681255127 -0.08658003117077315 0.8760023172781811
vn 0 0.04329201875894545 0.9990624610662614
vn 0.32739209995251634 0.6345891926631828 0.7000792594012276
vn -0.4744721681255127 -0.08658003117077315 0.8760023172781811
vn 0.32739209995251634 0.6345891926631828 0.7000792594012276
vn -0.23525895904903113 0.5181008737359568 0.8223288313206611
vn 0 -0.5240781238576385 0.8516701944378807
vn 0.23366996932162218 -0.6017078830992475 0.7637708876708083
vn 0.47447720244546937 -0.08658203496227262 0.8759993924548766
vn 0 -0.5240781238576385 0.8516701944378807
vn 0.47447720244546937 -0.08658203496227262 0.8759993924548766
vn 0 0.04329201875894545 0.9990624610662614
vn 0 -0.5240781238576385 0.8516701944378807
vn 0 0.04329201875894545 0.9990624610662614
vn -0.4744721681255127 -0.08658003117077315 0.8760023172781811
vn 0 -0.5240781238576385 0.8516701944378807
vn -0.4744721681255127 -0.08658003117077315 0.8760023172781811
vn -0.23366789800576498 -0.6017077041451613 0.7637716623533023
vn 0.694081882412996 0.16533997176319934 0.7006518637978327
vn 0.14170199340518932 -0.30562698211029715 0.9415480300394388
vn 0 -0.12414599825719108 0.9922639624196404
vn 0.694081882412996 0.16533997176319934 0.7006518637978327
vn 0 -0.12414599825719108 0.9922639624196404
vn -0.000001999998643647294 0.736984555720785 0.6759095831729545
vn -0.6940788247281445 0.1653359583965965 0.7006558398565421
vn -0.000001999998643647294 0.736984555720785 0.6759095831729545
vn 0 -0.12414599825719108 0.9922639624196404
vn -0.6940788247281445 0.1653359583965965 0.7006558398565421
vn 0 -0.12414599825719108 0.9922639624196404
vn -0.14170098173704146 -0.3056279690611557 0.9415478619285967
vn 0.8127130842798578 -0.27501702229970987 0.5136760458554804
vn 0.7143101029305036 0.07251601598348463 0.69606214110329
vn 0.14170199340518932 -0.30562698211029715 0.9415480300394388
vn 0.8127130842798578 -0.27501702229970987 0.5136760458554804
vn 0.14170199340518932 -0.30562698211029715 0.9415480300394388
vn 0.694081882412996 0.16533997176319934 0.7006518637978327
vn -0.8127103434598897 -0.2750191087985311 0.5136792651343539
vn -0.6940788247281445 0.1653359583965965 0.7006558398565421
vn -0.14170098173704146 -0.3056279690611557 0.9415478619285967
vn -0.8127103434598897 -0.2750191087985311 0.5136792651343539
vn -0.14170098173704146 -0.3056279690611557 0.9415478619285967
vn -0.7143090298927031 0.07251800527283025 0.6960630350226876
vn 0.41779505076401396 -0.22865302242243862 0.8792980671502575
vn 0.6804802486029932 0.14221105122200067 0.7188342285753662
vn 0.7143101029305036 0.07251601598348463 0.69606214110329
vn 0.41779505076401396 -0.22865302242243862 0.8792980671502575
vn 0.7143101029305036 0.07251601598348463 0.69606214110329
vn 0.8127130842798578 -0.27501702229970987 0.5136760458554804
vn -0.41779302902186866 -0.22865301015686365 0.8792990309598535
vn -0.8127103434598897 -0.2750191087985311 0.5136792651343539
vn -0.7143090298927031 0.07251800527283025 0.6960630350226876
vn -0.41779302902186866 -0.22865301015686365 0.8792990309598535
vn -0.7143090298927031 0.07251800527283025 0.6960630350226876
vn -0.6804792088776689 0.1422110456950669 0.7188352139173049
vn 0.15111701554208323 0.005755000886262385 0.9884991287696985
vn 0.49487299742069046 0.0792929993442353 0.8653400121795226
vn 0.6804802486029932 0.14221105122200067 0.7188342285753662
vn 0.15111701554208323 0.005755000886262385 0.9884991287696985
vn 0.6804802486029932 0.14221105122200067 0.7188342285753662
vn 0.41779505076401396 -0.22865302242243862 0.8792980671502575
vn -0.15111701554208323 0.005755000886262385 0.9884991287696985
vn -0.41779302902186866 -0.22865301015686365 0.8792990309598535
vn -0.6804792088776689 0.1422110456950669 0.7188352139173049
vn -0.15111701554208323 0.005755000886262385 0.9884991287696985
vn -0.6804792088776689 0.1422110456950669 0.7188352139173049
vn -0.49487299742069046 0.0792929993442353 0.8653400121795226
vn 0.9404697552030171 0.3164469346727099 0.12400797185916172
vn 0.6804802486029932 0.14221105122200067 0.7188342285753662
vn 0.49487299742069046 0.0792929993442353 0.8653400121795226
vn 0.9404697552030171 0.3164469346727099 0.12400797185916172
vn 0.49487299742069046 0.0792929993442353 0.8653400121795226
vn 0.9592587760440554 0.24225694957948896 0.1453759641856297
vn -0.9404694631379054 0.31644815857272585 0.12400706367393267
vn -0.9592592864754451 0.24225607889505124 0.145374047027021
vn -0.49487299742069046 0.0792929993442353 0.8653400121795226
vn -0.9404694631379054 0.31644815857272585 0.12400706367393267
vn -0.49487299742069046 0.0792929993442353 0.8653400121795226
vn -0.6804792088776689 0.1422110456950669 0.7188352139173049
vn 0.9499181956764988 0.2844550565180046 0.1293860206670086
vn 0.7143101029305036 0.07251601598348463 0.69606214110329
vn 0.6804802486029932 0.14221105122200067 0.7188342285753662
vn 0.9499181956764988 0.2844550565180046 0.1293860206670086
vn 0.6804802486029932 0.14221105122200067 0.7188342285753662
vn 0.9404697552030171 0.3164469346727099 0.12400797185916172
vn -0.949916620392081 0.28445989468798716 0.1293869491756654
vn -0.9404694631379054 0.31644815857272585 0.12400706367393267
vn -0.6804792088776689 0.1422110456950669 0.7188352139173049
vn -0.949916620392081 0.28445989468798716 0.1293869491756654
vn -0.6804792088776689 0.1422110456950669 0.7188352139173049
vn -0.7143090298927031 0.07251800527283025 0.6960630350226876
vn 0.14170199340518932 -0.30562698211029715 0.9415480300394388
vn 0.7143101029305036 0.07251601598348463 0.69606214110329
vn 0.9499181956764988 0.2844550565180046 0.1293860206670086
vn 0.14170199340518932 -0.30562698211029715 0.9415480300394388
vn 0.9499181956764988 0.2844550565180046 0.1293860206670086
vn 0.8873328100226815 -0.4416699176030794 0.1325449664896434
vn -0.14170098173704146 -0.3056279690611557 0.9415478619285967
vn -0.8873340874337349 -0.4416670397109017 0.1325460045084334
vn -0.949916620392081 0.28445989468798716 0.1293869491756654
vn -0.14170098173704146 -0.3056279690611557 0.9415478619285967
vn -0.949916620392081 0.28445989468798716 0.1293869491756654
vn -0.7143090298927031 0.07251800527283025 0.6960630350226876
vn 0 -0.22673891586122746 0.9739555760064601
vn 0 -0.8116651055193198 0.5841230662132011
vn -0.11579105942127754 -0.7040843330534354 0.7006123625135351
vn 0 -0.22673891586122746 0.9739555760064601
vn -0.11579105942127754 -0.7040843330534354 0.7006123625135351
vn 0.20873908393414806 -0.2895701187241659 0.9341183764279585
vn 0 -0.22673891586122746 0.9739555760064601
vn -0.20874093217506104 -0.2895708942739214 0.9341177230007404
vn 0.11578999352719106 -0.7040849262962687 0.7006119424912418
vn 0 -0.22673891586122746 0.9739555760064601
vn 0.11578999352719106 -0.7040849262962687 0.7006119424912418
vn 0 -0.8116651055193198 0.5841230662132011
vn 0.20873908393414806 -0.2895701187241659 0.9341183764279585
vn -0.11579105942127754 -0.7040843330534354 0.7006123625135351
vn -0.7480244026416464 0.07137203948183429 0.6598223435386313
vn 0.20873908393414806 -0.2895701187241659 0.9341183764279585
vn -0.7480244026416464 0.07137203948183429 0.6598223435386313
vn 0.01988999003920541 -0.33122086810387946 0.943343587898255
vn -0.20874093217506104 -0.2895708942739214 0.9341177230007404
vn -0.019891990847059914 -0.33122087354786284 0.9433435437985099
vn 0.7480239541150043 0.07137099910173592 0.659822964557444
vn -0.20874093217506104 -0.2895708942739214 0.9341177230007404
vn 0.7480239541150043 0.07137099910173592 0.659822964557444
vn 0.11578999352719106 -0.7040849262962687 0.7006119424912418
vn 0.01988999003920541 -0.33122086810387946 0.943343587898255
vn -0.7480244026416464 0.07137203948183429 0.6598223435386313
vn -0.41519817817204546 0.5443132533786325 0.7289263028859523
vn 0.01988999003920541 -0.33122086810387946 0.943343587898255
vn -0.41519817817204546 0.5443132533786325 0.7289263028859523
vn -0.06972701025105708 -0.35568803154037393 0.9320000902684413
vn -0.019891990847059914 -0.33122087354786284 0.9433435437985099
vn 0.0697260121146272 -0.3556880625739226 0.9320001530992366
vn 0.4151970468134524 0.5443130760456548 0.7289270797295879
vn -0.019891990847059914 -0.33122087354786284 0.9433435437985099
vn 0.4151970468134524 0.5443130760456548 0.7289270797295879
vn 0.7480239541150043 0.07137099910173592 0.659822964557444
vn -0.06972701025105708 -0.35568803154037393 0.9320000902684413
vn -0.41519817817204546 0.5443132533786325 0.7289263028859523
vn 0 0.8030779610140178 0.5958739703440379
vn -0.06972701025105708 -0.35568803154037393 0.9320000902684413
vn 0 0.8030779610140178 0.5958739703440379
vn 0 -0.1340230225849464 0.9909782184373152
vn 0.0697260121146272 -0.3556880625739226 0.9320001530992366
vn 0 -0.1340230225849464 0.9909782184373152
vn 0 0.8030779610140178 0.5958739703440379
vn 0.0697260121146272 -0.3556880625739226 0.9320001530992366
vn 0 0.8030779610140178 0.5958739703440379
vn 0.4151970468134524 0.5443130760456548 0.7289270797295879
vn -0.41519817817204546 0.5443132533786325 0.7289263028859523
vn -0.2006909998118375 0.4201610092215721 0.8849790104428665
vn 0 0.47080510257843516 0.8822372443884405
vn -0.41519817817204546 0.5443132533786325 0.7289263028859523
vn 0 0.47080510257843516 0.8822372443884405
vn 0 0.8030779610140178 0.5958739703440379
vn 0.4151970468134524 0.5443130760456548 0.7289270797295879
vn 0 0.8030779610140178 0.5958739703440379
vn 0 0.47080510257843516 0.8822372443884405
vn 0.4151970468134524 0.5443130760456548 0.7289270797295879
vn 0 0.47080510257843516 0.8822372443884405
vn 0.2006909998118375 0.4201610092215721 0.8849790104428665
vn -0.7480244026416464 0.07137203948183429 0.6598223435386313
vn -0.8097571256365486 0.3891480623604142 0.4391550785792762
vn -0.2006909998118375 0.4201610092215721 0.8849790104428665
vn -0.7480244026416464 0.07137203948183429 0.6598223435386313
vn -0.2006909998118375 0.4201610092215721 0.8849790104428665
vn -0.41519817817204546 0.5443132533786325 0.7289263028859523
vn 0.7480239541150043 0.07137099910173592 0.659822964557444
vn 0.4151970468134524 0.5443130760456548 0.7289270797295879
vn 0.2006909998118375 0.4201610092215721 0.8849790104428665
vn 0.7480239541150043 0.07137099910173592 0.659822964557444
vn 0.2006909998118375 0.4201610092215721 0.8849790104428665
vn 0.8097571256365486 0.3891480623604142 0.4391550785792762
vn -0.11579105942127754 -0.7040843330534354 0.7006123625135351
vn -0.5125780743190221 -0.5338090701461944 0.6725411469620711
vn -0.8097571256365486 0.3891480623604142 0.4391550785792762
vn -0.11579105942127754 -0.7040843330534354 0.7006123625135351
vn -0.8097571256365486 0.3891480623604142 0.4391550785792762
vn -0.7480244026416464 0.07137203948183429 0.6598223435386313
vn 0.11578999352719106 -0.7040849262962687 0.7006119424912418
vn 0.7480239541150043 0.07137099910173592 0.659822964557444
vn 0.8097571256365486 0.3891480623604142 0.4391550785792762
vn 0.11578999352719106 -0.7040849262962687 0.7006119424912418
vn 0.8097571256365486 0.3891480623604142 0.4391550785792762
vn 0.5125780743190221 -0.5338090701461944 0.6725411469620711
vn 0 -0.8116651055193198 0.5841230662132011
vn 0 -0.7562248030188102 0.6543118883981565
vn -0.5125780743190221 -0.5338090701461944 0.6725411469620711
vn 0 -0.8116651055193198 0.5841230662132011
vn -0.5125780743190221 -0.5338090701461944 0.6725411469620711
vn -0.11579105942127754 -0.7040843330534354 0.7006123625135351
vn 0 -0.8116651055193198 0.5841230662132011
vn 0.11578999352719106 -0.7040849262962687 0.7006119424912418
vn 0.5125780743190221 -0.5338090701461944 0.6725411469620711
vn 0 -0.8116651055193198 0.5841230662132011
vn 0.5125780743190221 -0.5338090701461944 0.6725411469620711
vn 0 -0.7562248030188102 0.6543118883981565
vn 0 0.47080510257843516 0.8822372443884405
vn -0.2006909998118375 0.4201610092215721 0.8849790104428665
vn -0.5125780743190221 -0.5338090701461944 0.6725411469620711
vn 0 0.47080510257843516 0.8822372443884405
vn -0.5125780743190221 -0.5338090701461944 0.6725411469620711
vn 0 -0.7562248030188102 0.6543118883981565
vn 0 0.47080510257843516 0.8822372443884405
vn 0 -0.7562248030188102 0.6543118883981565
vn 0.5125780743190221 -0.5338090701461944 0.6725411469620711
vn 0 0.47080510257843516 0.8822372443884405
vn 0.5125780743190221 -0.5338090701461944 0.6725411469620711
vn 0.2006909998118375 0.4201610092215721 0.8849790104428665
vn -0.2006909998118375 0.4201610092215721 0.8849790104428665
vn -0.8097571256365486 0.3891480623604142 0.4391550785792762
vn -0.5125780743190221 -0.5338090701461944 0.6725411469620711
vn 0.2006909998118375 0.4201610092215721 0.8849790104428665
vn 0.5125780743190221 -0.5338090701461944 0.6725411469620711
vn 0.8097571256365486 0.3891480623604142 0.4391550785792762
vn -0.3745679555865237 -0.27245795716169147 0.8862649198896512
vn 0.04452701280235773 0.03776200856290052 0.998294233099738
vn 0.2407650669078784 -0.04420501029588376 0.969576247451218
vn -0.3745679555865237 -0.27245795716169147 0.8862649198896512
vn 0.2407650669078784 -0.04420501029588376 0.969576247451218
vn -0.21756703866505267 -0.2064850303292585 0.9539541477117466
vn 0.3745698045306948 -0.27245986538333017 0.8862635518225572
vn 0.2175709579640218 -0.2064869528576952 0.9539528376970016
vn -0.2407579315067512 -0.04421098980097884 0.9695777466492351
vn 0.3745698045306948 -0.27245986538333017 0.8862635518225572
vn -0.2407579315067512 -0.04421098980097884 0.9695777466492351
vn -0.04451898017544428 0.03776098334380832 0.9982946301273221
vn -0.21756703866505267 -0.2064850303292585 0.9539541477117466
vn 0.2407650669078784 -0.04420501029588376 0.969576247451218
vn 0.3099901410899329 -0.08912203555072291 0.946553419098119
vn -0.21756703866505267 -0.2064850303292585 0.9539541477117466
vn 0.3099901410899329 -0.08912203555072291 0.946553419098119
vn -0.04274198822481913 -0.1716589495521486 0.9842287983397164
vn 0.2175709579640218 -0.2064869528576952 0.9539528376970016
vn 0.0427429910046348 -0.17165895226989195 0.9842287543176031
vn -0.30998892302304837 -0.08912298287513269 0.946553728811233
vn 0.2175709579640218 -0.2064869528576952 0.9539528376970016
vn -0.30998892302304837 -0.08912298287513269 0.946553728811233
vn -0.2407579315067512 -0.04421098980097884 0.9695777466492351
vn -0.04274198822481913 -0.1716589495521486 0.9842287983397164
vn 0.3099901410899329 -0.08912203555072291 0.946553419098119
vn 0.25781005584454314 -0.09578302489070675 0.9614362107015836
vn -0.04274198822481913 -0.1716589495521486 0.9842287983397164
vn 0.25781005584454314 -0.09578302489070675 0.9614362107015836
vn 0.2292290495454088 -0.22367604237956096 0.9473241635838945
vn 0.0427429910046348 -0.17165895226989195 0.9842287543176031
vn -0.22923000717359174 -0.22367600153413883 0.9473239415051724
vn -0.2578139621399148 -0.09578499265805208 0.9614349671752195
vn 0.0427429910046348 -0.17165895226989195 0.9842287543176031
vn -0.2578139621399148 -0.09578499265805208 0.9614349671752195
vn -0.30998892302304837 -0.08912298287513269 0.946553728811233
vn -0.09514600659545555 -0.34037100825029853 0.9354650256271545
vn -0.01520999758536721 0.0033059994711214145 0.9998788558325203
vn 0.04452701280235773 0.03776200856290052 0.998294233099738
vn -0.09514600659545555 -0.34037100825029853 0.9354650256271545
vn 0.04452701280235773 0.03776200856290052 0.998294233099738
vn -0.3745679555865237 -0.27245795716169147 0.8862649198896512
vn 0.09514600659545555 -0.34037100825029853 0.9354650256271545
vn 0.3745698045306948 -0.27245986538333017 0.8862635518225572
vn -0.04451898017544428 0.03776098334380832 0.9982946301273221
vn 0.09514600659545555 -0.34037100825029853 0.9354650256271545
vn -0.04451898017544428 0.03776098334380832 0.9982946301273221
vn 0.01520999758536721 0.0033059994711214145 0.9998788558325203
vn 0.2771240134777113 -0.47162201319995145 0.8371230243036145
vn 0.10042298494431369 -0.08063599394412523 0.991671851257016
vn -0.01520999758536721 0.0033059994711214145 0.9998788558325203
vn 0.2771240134777113 -0.47162201319995145 0.8371230243036145
vn -0.01520999758536721 0.0033059994711214145 0.9998788558325203
vn -0.09514600659545555 -0.34037100825029853 0.9354650256271545
vn -0.2771219272450475 -0.47162186406899587 0.8371237989521478
vn 0.09514600659545555 -0.34037100825029853 0.9354650256271545
vn 0.01520999758536721 0.0033059994711214145 0.9998788558325203
vn -0.2771219272450475 -0.47162186406899587 0.8371237989521478
vn 0.01520999758536721 0.0033059994711214145 0.9998788558325203
vn -0.10042298494431369 -0.08063599394412523 0.991671851257016
vn 0.4540679983284373 -0.35865300360106134 0.8155919788116747
vn 0.22216893761781323 -0.014804996569563958 0.9748957766009388
vn 0.10042298494431369 -0.08063599394412523 0.991671851257016
vn 0.4540679983284373 -0.35865300360106134 0.8155919788116747
vn 0.10042298494431369 -0.08063599394412523 0.991671851257016
vn 0.2771240134777113 -0.47162201319995145 0.8371230243036145
vn -0.45406795479133844 -0.35865095993198826 0.8155929017417173
vn -0.2771219272450475 -0.47162186406899587 0.8371237989521478
vn -0.10042298494431369 -0.08063599394412523 0.991671851257016
vn -0.45406795479133844 -0.35865095993198826 0.8155929017417173
vn -0.10042298494431369 -0.08063599394412523 0.991671851257016
vn -0.22216799352980893 -0.014804999940679383 0.9748959916974196
vn 0.4205059926094746 -0.19306200379589994 0.8865110111385152
vn 0.17250892904062456 -0.09117095375408184 0.9807795504560788
vn 0.22216893761781323 -0.014804996569563958 0.9748957766009388
vn 0.4205059926094746 -0.19306200379589994 0.8865110111385152
vn 0.22216893761781323 -0.014804996569563958 0.9748957766009388
vn 0.4540679983284373 -0.35865300360106134 0.8155919788116747
vn -0.4205068423154711 -0.19306192138633288 0.886510626036986
vn -0.45406795479133844 -0.35865095993198826 0.8155929017417173
vn -0.22216799352980893 -0.014804999940679383 0.9748959916974196
vn -0.4205068423154711 -0.19306192138633288 0.886510626036986
vn -0.22216799352980893 -0.014804999940679383 0.9748959916974196
vn -0.17251105686252027 -0.09116903734601874 0.9807793543348966
vn 0.3399798561000155 -0.20372292333112918 0.9181016653702527
vn 0.1237499432431776 -0.11621594584508846 0.9854845536479208
vn 0.17250892904062456 -0.09117095375408184 0.9807795504560788
vn 0.3399798561000155 -0.20372292333112918 0.9181016653702527
vn 0.17250892904062456 -0.09117095375408184 0.9807795504560788
vn 0.4205059926094746 -0.19306200379589994 0.8865110111385152
vn -0.3399781056657321 -0.20372306217708655 0.918102282757826
vn -0.4205068423154711 -0.19306192138633288 0.886510626036986
vn -0.17251105686252027 -0.09116903734601874 0.9807793543348966
vn -0.3399781056657321 -0.20372306217708655 0.918102282757826
vn -0.17251105686252027 -0.09116903734601874 0.9807793543348966
vn -0.12375200391903111 -0.11621800671180012 0.985484051845569
vn 0.2937079680165073 -0.15974398023244257 0.9424529114513422
vn 0.26328307387446415 -0.2735050618361128 0.9251362084370266
vn 0.1237499432431776 -0.11621594584508846 0.9854845536479208
vn 0.2937079680165073 -0.15974398023244257 0.9424529114513422
vn 0.1237499432431776 -0.11621594584508846 0.9854845536479208
vn 0.3399798561000155 -0.20372292333112918 0.9181016653702527
vn -0.2937059958173151 -0.1597470023149233 0.942453013827403
vn -0.3399781056657321 -0.20372306217708655 0.918102282757826
vn -0.12375200391903111 -0.11621800671180012 0.985484051845569
vn -0.2937059958173151 -0.1597470023149233 0.942453013827403
vn -0.12375200391903111 -0.11621800671180012 0.985484051845569
vn -0.2632831004842114 -0.27350809835643236 0.9251353031491494
vn 0.1698298947169899 -0.011825993976388359 0.985402431865726
vn 0.17270405129406274 -0.1526360471025243 0.9730753042758477
vn 0.26328307387446415 -0.2735050618361128 0.9251362084370266
vn 0.1698298947169899 -0.011825993976388359 0.985402431865726
vn 0.26328307387446415 -0.2735050618361128 0.9251362084370266
vn 0.2937079680165073 -0.15974398023244257 0.9424529114513422
vn -0.16982892213989778 -0.011826995800832501 0.9854025874611491
vn -0.2937059958173151 -0.1597470023149233 0.942453013827403
vn -0.2632831004842114 -0.27350809835643236 0.9251353031491494
vn -0.16982892213989778 -0.011826995800832501 0.9854025874611491
vn -0.2632831004842114 -0.27350809835643236 0.9251353031491494
vn -0.17270198190741073 -0.1526409810436821 0.9730748976061784
vn 0.1695029324160149 0.06987397519598888 0.9830495325733501
vn 0.19913593905868732 0.06753898236013967 0.9776417358301411
vn 0.17270405129406274 -0.1526360471025243 0.9730753042758477
vn 0.1695029324160149 0.06987397519598888 0.9830495325733501
vn 0.17270405129406274 -0.1526360471025243 0.9730753042758477
vn 0.1698298947169899 -0.011825993976388359 0.985402431865726
vn -0.16950291613842053 0.06987496555581585 0.9830494649859411
vn -0.16982892213989778 -0.011826995800832501 0.9854025874611491
vn -0.17270198190741073 -0.1526409810436821 0.9730748976061784
vn -0.16950291613842053 0.06987496555581585 0.9830494649859411
vn -0.17270198190741073 -0.1526409810436821 0.9730748976061784
vn -0.19913500432353226 0.0675380002530336 0.9776419940729265
vn 0.19863897248897283 -0.08517198130335786 0.9763648356067446
vn 0.20203095675475383 -0.013154997490971923 0.979290783451867
vn 0.19913593905868732 0.06753898236013967 0.9776417358301411
vn 0.19863897248897283 -0.08517198130335786 0.9763648356067446
vn 0.19913593905868732 0.06753898236013967 0.9776417358301411
vn 0.1695029324160149 0.06987397519598888 0.9830495325733501
vn -0.19863899200708227 -0.0851709923557759 0.9763649179049515
vn -0.16950291613842053 0.06987496555581585 0.9830494649859411
vn -0.19913500432353226 0.0675380002530336 0.9776419940729265
vn -0.19863899200708227 -0.0851709923557759 0.9763649179049515
vn -0.19913500432353226 0.0675380002530336 0.9776419940729265
vn -0.20203209914258788 -0.013157006028045981 0.9792905207896263
vn 0.2292290495454088 -0.22367604237956096 0.9473241635838945
vn 0.25781005584454314 -0.09578302489070675 0.9614362107015836
vn 0.20203095675475383 -0.013154997490971923 0.979290783451867
vn 0.2292290495454088 -0.22367604237956096 0.9473241635838945
vn 0.20203095675475383 -0.013154997490971923 0.979290783451867
vn 0.19863897248897283 -0.08517198130335786 0.9763648356067446
vn -0.22923000717359174 -0.22367600153413883 0.9473239415051724
vn -0.19863899200708227 -0.0851709923557759 0.9763649179049515
vn -0.20203209914258788 -0.013157006028045981 0.9792905207896263
vn -0.22923000717359174 -0.22367600153413883 0.9473239415051724
vn -0.20203209914258788 -0.013157006028045981 0.9792905207896263
vn -0.2578139621399148 -0.09578499265805208 0.9614349671752195
vn 0.25781005584454314 -0.09578302489070675 0.9614362107015836
vn 0.41700514832278035 -0.38007610745782244 0.8256202873064625
vn 0.2795640202786467 -0.30638101396768475 0.9099311143409559
vn 0.25781005584454314 -0.09578302489070675 0.9614362107015836
vn 0.2795640202786467 -0.30638101396768475 0.9099311143409559
vn 0.20203095675475383 -0.013154997490971923 0.979290783451867
vn -0.2578139621399148 -0.09578499265805208 0.9614349671752195
vn -0.20203209914258788 -0.013157006028045981 0.9792905207896263
vn -0.2795638512919392 -0.306385852713936 0.9099295370013948
vn -0.2578139621399148 -0.09578499265805208 0.9614349671752195
vn -0.2795638512919392 -0.306385852713936 0.9099295370013948
vn -0.41701002010192484 -0.38008002432277566 0.8256160234911812
vn 0.20203095675475383 -0.013154997490971923 0.979290783451867
vn 0.2795640202786467 -0.30638101396768475 0.9099311143409559
vn -0.07816394428785617 -0.5651536591353223 0.8212744604450578
vn 0.20203095675475383 -0.013154997490971923 0.979290783451867
vn -0.07816394428785617 -0.5651536591353223 0.8212744604450578
vn 0.19913593905868732 0.06753898236013967 0.9776417358301411
vn -0.20203209914258788 -0.013157006028045981 0.9792905207896263
vn -0.19913500432353226 0.0675380002530336 0.9776419940729265
vn 0.07816600133803932 -0.5651570019838176 0.8212719642989675
vn -0.20203209914258788 -0.013157006028045981 0.9792905207896263
vn 0.07816600133803932 -0.5651570019838176 0.8212719642989675
vn -0.2795638512919392 -0.306385852713936 0.9099295370013948
vn 0.19913593905868732 0.06753898236013967 0.9776417358301411
vn -0.07816394428785617 -0.5651536591353223 0.8212744604450578
vn -0.10942398727118197 -0.804386851994042 0.583941934912018
vn 0.19913593905868732 0.06753898236013967 0.9776417358301411
vn -0.10942398727118197 -0.804386851994042 0.583941934912018
vn 0.17270405129406274 -0.1526360471025243 0.9730753042758477
vn -0.19913500432353226 0.0675380002530336 0.9776419940729265
vn -0.17270198190741073 -0.1526409810436821 0.9730748976061784
vn 0.10942599703423384 -0.8043879705617164 0.5839400174578442
vn -0.19913500432353226 0.0675380002530336 0.9776419940729265
vn 0.10942599703423384 -0.8043879705617164 0.5839400174578442
vn 0.07816600133803932 -0.5651570019838176 0.8212719642989675
vn 0.17270405129406274 -0.1526360471025243 0.9730753042758477
vn -0.10942398727118197 -0.804386851994042 0.583941934912018
vn -0.26598795750991294 -0.49494194058806773 0.8272139275342397
vn 0.17270405129406274 -0.1526360471025243 0.9730753042758477
vn -0.26598795750991294 -0.49494194058806773 0.8272139275342397
vn 0.26328307387446415 -0.2735050618361128 0.9251362084370266
vn -0.17270198190741073 -0.1526409810436821 0.9730748976061784
vn -0.2632831004842114 -0.27350809835643236 0.9251353031491494
vn 0.2659869768870285 -0.4949459394093968 0.8272118502467485
vn -0.17270198190741073 -0.1526409810436821 0.9730748976061784
vn 0.2659869768870285 -0.4949459394093968 0.8272118502467485
vn 0.10942599703423384 -0.8043879705617164 0.5839400174578442
vn 0.26328307387446415 -0.2735050618361128 0.9251362084370266
vn -0.26598795750991294 -0.49494194058806773 0.8272139275342397
vn -0.34510111613442096 -0.09244804031973387 0.9340013808789673
vn 0.26328307387446415 -0.2735050618361128 0.9251362084370266
vn -0.34510111613442096 -0.09244804031973387 0.9340013808789673
vn 0.1237499432431776 -0.11621594584508846 0.9854845536479208
vn -0.2632831004842114 -0.27350809835643236 0.9251353031491494
vn -0.12375200391903111 -0.11621800671180012 0.985484051845569
vn 0.345100817794796 -0.09244795827858765 0.9340014992319249
vn -0.2632831004842114 -0.27350809835643236 0.9251353031491494
vn 0.345100817794796 -0.09244795827858765 0.9340014992319249
vn 0.2659869768870285 -0.4949459394093968 0.8272118502467485
vn 0.1237499432431776 -0.11621594584508846 0.9854845536479208
vn -0.34510111613442096 -0.09244804031973387 0.9340013808789673
vn -0.2216680921634479 0.32169410262273923 0.9205303695448442
vn 0.1237499432431776 -0.11621594584508846 0.9854845536479208
vn -0.2216680921634479 0.32169410262273923 0.9205303695448442
vn 0.17250892904062456 -0.09117095375408184 0.9807795504560788
vn -0.12375200391903111 -0.11621800671180012 0.985484051845569
vn -0.17251105686252027 -0.09116903734601874 0.9807793543348966
vn 0.22166801625012666 0.32169502445207065 0.9205300656765726
vn -0.12375200391903111 -0.11621800671180012 0.985484051845569
vn 0.22166801625012666 0.32169502445207065 0.9205300656765726
vn 0.345100817794796 -0.09244795827858765 0.9340014992319249
vn 0.17250892904062456 -0.09117095375408184 0.9807795504560788
vn -0.2216680921634479 0.32169410262273923 0.9205303695448442
vn -0.07089999295838624 0.566760955459699 0.8208259318301963
vn 0.17250892904062456 -0.09117095375408184 0.9807795504560788
vn -0.07089999295838624 0.566760955459699 0.8208259318301963
vn 0.22216893761781323 -0.014804996569563958 0.9748957766009388
vn -0.17251105686252027 -0.09116903734601874 0.9807793543348966
vn -0.22216799352980893 -0.014804999940679383 0.9748959916974196
vn 0.07089999295838624 0.566760955459699 0.8208259318301963
vn -0.17251105686252027 -0.09116903734601874 0.9807793543348966
vn 0.07089999295838624 0.566760955459699 0.8208259318301963
vn 0.22166801625012666 0.32169502445207065 0.9205300656765726
vn 0.22216893761781323 -0.014804996569563958 0.9748957766009388
vn -0.07089999295838624 0.566760955459699 0.8208259318301963
vn 0.23433189284662215 0.6058877159761592 0.7602556409682945
vn 0.22216893761781323 -0.014804996569563958 0.9748957766009388
vn 0.23433189284662215 0.6058877159761592 0.7602556409682945
vn 0.10042298494431369 -0.08063599394412523 0.991671851257016
vn -0.22216799352980893 -0.014804999940679383 0.9748959916974196
vn -0.10042298494431369 -0.08063599394412523 0.991671851257016
vn -0.23433392790719568 0.605886805362641 0.7602557394186764
vn -0.22216799352980893 -0.014804999940679383 0.9748959916974196
vn -0.23433392790719568 0.605886805362641 0.7602557394186764
vn 0.07089999295838624 0.566760955459699 0.8208259318301963
vn 0.10042298494431369 -0.08063599394412523 0.991671851257016
vn 0.23433189284662215 0.6058877159761592 0.7602556409682945
vn 0.45367503569118284 0.5506510783462732 0.7006870570423648
vn 0.10042298494431369 -0.08063599394412523 0.991671851257016
vn 0.45367503569118284 0.5506510783462732 0.7006870570423648
vn -0.01520999758536721 0.0033059994711214145 0.9998788558325203
vn -0.10042298494431369 -0.08063599394412523 0.991671851257016
vn 0.01520999758536721 0.0033059994711214145 0.9998788558325203
vn -0.45367190750870556 0.5506538810529008 0.7006868798677411
vn -0.10042298494431369 -0.08063599394412523 0.991671851257016
vn -0.45367190750870556 0.5506538810529008 0.7006868798677411
vn -0.23433392790719568 0.605886805362641 0.7602557394186764
vn -0.01520999758536721 0.0033059994711214145 0.9998788558325203
vn 0.45367503569118284 0.5506510783462732 0.7006870570423648
vn 0.7096797981915198 0.2618429123049644 0.6540587690066529
vn -0.01520999758536721 0.0033059994711214145 0.9998788558325203
vn 0.7096797981915198 0.2618429123049644 0.6540587690066529
vn 0.04452701280235773 0.03776200856290052 0.998294233099738
vn 0.01520999758536721 0.0033059994711214145 0.9998788558325203
vn -0.04451898017544428 0.03776098334380832 0.9982946301273221
vn -0.7096755622355664 0.26183981137791634 0.6540646065513789
vn 0.01520999758536721 0.0033059994711214145 0.9998788558325203
vn -0.7096755622355664 0.26183981137791634 0.6540646065513789
vn -0.45367190750870556 0.5506538810529008 0.7006868798677411
vn 0.3099901410899329 -0.08912203555072291 0.946553419098119
vn 0.7316694009249373 -0.24802113220676175 0.634937324252575
vn 0.41700514832278035 -0.38007610745782244 0.8256202873064625
vn 0.3099901410899329 -0.08912203555072291 0.946553419098119
vn 0.41700514832278035 -0.38007610745782244 0.8256202873064625
vn 0.25781005584454314 -0.09578302489070675 0.9614362107015836
vn -0.30998892302304837 -0.08912298287513269 0.946553728811233
vn -0.2578139621399148 -0.09578499265805208 0.9614349671752195
vn -0.41701002010192484 -0.38008002432277566 0.8256160234911812
vn -0.30998892302304837 -0.08912298287513269 0.946553728811233
vn -0.41701002010192484 -0.38008002432277566 0.8256160234911812
vn -0.731670597664908 -0.24802186393891573 0.6349356593552943
vn 0.2407650669078784 -0.04420501029588376 0.969576247451218
vn 0.8107459557670694 -0.00866999944149839 0.5853339442720075
vn 0.7316694009249373 -0.24802113220676175 0.634937324252575
vn 0.2407650669078784 -0.04420501029588376 0.969576247451218
vn 0.7316694009249373 -0.24802113220676175 0.634937324252575
vn 0.3099901410899329 -0.08912203555072291 0.946553419098119
vn -0.2407579315067512 -0.04421098980097884 0.9695777466492351
vn -0.30998892302304837 -0.08912298287513269 0.946553728811233
vn -0.731670597664908 -0.24802186393891573 0.6349356593552943
vn -0.2407579315067512 -0.04421098980097884 0.9695777466492351
vn -0.731670597664908 -0.24802186393891573 0.6349356593552943
vn -0.8107413494625251 -0.008675003258506354 0.5853402502734191
vn 0.04452701280235773 0.03776200856290052 0.998294233099738
vn 0.7096797981915198 0.2618429123049644 0.6540587690066529
vn 0.8107459557670694 -0.00866999944149839 0.5853339442720075
vn 0.04452701280235773 0.03776200856290052 0.998294233099738
vn 0.8107459557670694 -0.00866999944149839 0.5853339442720075
vn 0.2407650669078784 -0.04420501029588376 0.969576247451218
vn -0.04451898017544428 0.03776098334380832 0.9982946301273221
vn -0.2407579315067512 -0.04421098980097884 0.9695777466492351
vn -0.8107413494625251 -0.008675003258506354 0.5853402502734191
vn -0.04451898017544428 0.03776098334380832 0.9982946301273221
vn -0.8107413494625251 -0.008675003258506354 0.5853402502734191
vn -0.7096755622355664 0.26183981137791634 0.6540646065513789
vn -0.805356756567379 0.5739378444378095 0.14830996383706715
vn -0.4820848821676857 0.8448417990088105 -0.23202694031712162
vn 0 0.8107720301453601 0.5853620376604307
vn -0.805356756567379 0.5739378444378095 0.14830996383706715
vn 0 0.8107720301453601 0.5853620376604307
vn 0 0.9996010303753063 0.02824500084308587
vn 0.8053558254478528 0.5739388909177748 0.14831097029310447
vn 0 0.9996010303753063 0.02824500084308587
vn 0 0.8107720301453601 0.5853620376604307
vn 0.8053558254478528 0.5739388909177748 0.14831097029310447
vn 0 0.8107720301453601 0.5853620376604307
vn 0.482084756816571 0.8448416094314803 -0.23202789103539606
vn -0.629912970475232 0.7590840435069671 0.16432000645138317
vn -0.60969919598498 0.4939691475590086 -0.6198881928824705
vn -0.4820848821676857 0.8448417990088105 -0.23202694031712162
vn -0.629912970475232 0.7590840435069671 0.16432000645138317
vn -0.4820848821676857 0.8448417990088105 -0.23202694031712162
vn -0.805356756567379 0.5739378444378095 0.14830996383706715
vn 0.6299118466298159 0.759084769177876 0.16432096238029512
vn 0.8053558254478528 0.5739388909177748 0.14831097029310447
vn 0.482084756816571 0.8448416094314803 -0.23202789103539606
vn 0.6299118466298159 0.759084769177876 0.16432096238029512
vn 0.482084756816571 0.8448416094314803 -0.23202789103539606
vn 0.609697868442115 0.4939699092614055 -0.6198888916260883
vn 0.3198910681424134 0.9187761625121853 0.2313440462213974
vn -0.05832902451246678 0.6532532695005805 -0.7548893235344015
vn -0.60969919598498 0.4939691475590086 -0.6198881928824705
vn 0.3198910681424134 0.9187761625121853 0.2313440462213974
vn -0.60969919598498 0.4939691475590086 -0.6198881928824705
vn -0.629912970475232 0.7590840435069671 0.16432000645138317
vn -0.3198910681424134 0.9187761625121853 0.2313440462213974
vn 0.6299118466298159 0.759084769177876 0.16432096238029512
vn 0.609697868442115 0.4939699092614055 -0.6198888916260883
vn -0.3198910681424134 0.9187761625121853 0.2313440462213974
vn 0.609697868442115 0.4939699092614055 -0.6198888916260883
vn 0.05832897975872445 0.6532527921005521 -0.7548897401164882
vn 0.5802998489875654 0.7987388895641108 0.15895996842884763
vn 0.3347719942582647 0.8862180205974288 -0.32022700046797953
vn -0.05832902451246678 0.6532532695005805 -0.7548893235344015
vn 0.5802998489875654 0.7987388895641108 0.15895996842884763
vn -0.05832902451246678 0.6532532695005805 -0.7548893235344015
vn 0.3198910681424134 0.9187761625121853 0.2313440462213974
vn -0.5803002726458596 0.7987383619669073 0.15896107287497468
vn -0.3198910681424134 0.9187761625121853 0.2313440462213974
vn 0.05832897975872445 0.6532527921005521 -0.7548897401164882
vn -0.5803002726458596 0.7987383619669073 0.15896107287497468
vn 0.05832897975872445 0.6532527921005521 -0.7548897401164882
vn -0.3347719942582647 0.8862180205974288 -0.32022700046797953
vn 0.5088799664701151 0.8351769560353784 0.2086159913162315
vn 0.3581951004934596 0.9041372048567871 -0.23287804700365564
vn 0.3347719942582647 0.8862180205974288 -0.32022700046797953
vn 0.5088799664701151 0.8351769560353784 0.2086159913162315
vn 0.3347719942582647 0.8862180205974288 -0.32022700046797953
vn 0.5802998489875654 0.7987388895641108 0.15895996842884763
vn -0.5088799664701151 0.8351769560353784 0.2086159913162315
vn -0.5803002726458596 0.7987383619669073 0.15896107287497468
vn -0.3347719942582647 0.8862180205974288 -0.32022700046797953
vn -0.5088799664701151 0.8351769560353784 0.2086159913162315
vn -0.3347719942582647 0.8862180205974288 -0.32022700046797953
vn -0.35819593062538996 0.9041368958961898 -0.23287796968071733
vn 0.9312493498120075 0.2874831051693846 0.22389308322697626
vn 0.6816369776504669 0.6884559873166443 -0.24778899133618026
vn 0.3581951004934596 0.9041372048567871 -0.23287804700365564
vn 0.9312493498120075 0.2874831051693846 0.22389308322697626
vn 0.3581951004934596 0.9041372048567871 -0.23287804700365564
vn 0.5088799664701151 0.8351769560353784 0.2086159913162315
vn -0.9312488166784425 0.2874849355342252 0.22389295048277688
vn -0.5088799664701151 0.8351769560353784 0.2086159913162315
vn -0.35819593062538996 0.9041368958961898 -0.23287796968071733
vn -0.9312488166784425 0.2874849355342252 0.22389295048277688
vn -0.35819593062538996 0.9041368958961898 -0.23287796968071733
vn -0.6816381660175078 0.6884551490885352 -0.24778805120863123
vn 0.8509164573713854 -0.5158656909009579 0.0991149409817137
vn 0.9561667254039005 -0.21061193528298947 -0.20343993203581154
vn 0.6816369776504669 0.6884559873166443 -0.24778899133618026
vn 0.8509164573713854 -0.5158656909009579 0.0991149409817137
vn 0.6816369776504669 0.6884559873166443 -0.24778899133618026
vn 0.9312493498120075 0.2874831051693846 0.22389308322697626
vn -0.8509176223070914 -0.5158637670884024 0.09911495271960151
vn -0.9312488166784425 0.2874849355342252 0.22389295048277688
vn -0.6816381660175078 0.6884551490885352 -0.24778805120863123
vn -0.8509176223070914 -0.5158637670884024 0.09911495271960151
vn -0.6816381660175078 0.6884551490885352 -0.24778805120863123
vn -0.9561671090843964 -0.21061203042848967 -0.20343803023028145
vn 0.6236780460357314 -0.7760360458092231 0.09377499932198173
vn 0.578278065354188 -0.8059930810122313 -0.12637101127485048
vn 0.9561667254039005 -0.21061193528298947 -0.20343993203581154
vn 0.6236780460357314 -0.7760360458092231 0.09377499932198173
vn 0.9561667254039005 -0.21061193528298947 -0.20343993203581154
vn 0.8509164573713854 -0.5158656909009579 0.0991149409817137
vn -0.6236780460357314 -0.7760360458092231 0.09377499932198173
vn -0.8509176223070914 -0.5158637670884024 0.09911495271960151
vn -0.9561671090843964 -0.21061203042848967 -0.20343803023028145
vn -0.6236780460357314 -0.7760360458092231 0.09377499932198173
vn -0.9561671090843964 -0.21061203042848967 -0.20343803023028145
vn -0.5782775889103865 -0.805993439188355 -0.12637090705268228
vn 0.38148194994834767 -0.8980149135054731 0.21918197230923048
vn 0.42958685695337673 -0.9019346820549524 0.04437298321446378
vn 0.578278065354188 -0.8059930810122313 -0.12637101127485048
vn 0.38148194994834767 -0.8980149135054731 0.21918197230923048
vn 0.578278065354188 -0.8059930810122313 -0.12637101127485048
vn 0.6236780460357314 -0.7760360458092231 0.09377499932198173
vn -0.38148085116637265 -0.8980156379512544 0.21918091656980834
vn -0.6236780460357314 -0.7760360458092231 0.09377499932198173
vn -0.5782775889103865 -0.805993439188355 -0.12637090705268228
vn -0.38148085116637265 -0.8980156379512544 0.21918091656980834
vn -0.5782775889103865 -0.805993439188355 -0.12637090705268228
vn -0.42958601446874795 -0.9019350824499492 0.04437300101255062
vn 0 -0.8360659613158826 -0.5486289350088539
vn 0.5217520020306257 -0.6739830402821233 -0.5229930303446688
vn 0.36228088552558463 -0.16306695795829526 -0.9176937001009791
vn 0 -0.8360659613158826 -0.5486289350088539
vn 0.36228088552558463 -0.16306695795829526 -0.9176937001009791
vn 0 -0.4198571173405399 -0.9075902164625245
vn 0 -0.8360659613158826 -0.5486289350088539
vn 0 -0.4198571173405399 -0.9075902164625245
vn -0.36228210117903337 -0.16306702965460126 -0.9176932074527577
vn 0 -0.8360659613158826 -0.5486289350088539
vn -0.36228210117903337 -0.16306702965460126 -0.9176932074527577
vn -0.5217519370105704 -0.6739839273563297 -0.5229919520327777
vn 0 -0.4198571173405399 -0.9075902164625245
vn 0.36228088552558463 -0.16306695795829526 -0.9176937001009791
vn 0.13491402614192086 -0.24076005901687944 -0.9611622129132865
vn 0 -0.4198571173405399 -0.9075902164625245
vn 0.13491402614192086 -0.24076005901687944 -0.9611622129132865
vn 0 -0.2002620731660494 -0.9797423651405689
vn 0 -0.4198571173405399 -0.9075902164625245
vn 0 -0.2002620731660494 -0.9797423651405689
vn -0.13491402614192086 -0.24076005901687944 -0.9611622129132865
vn 0 -0.4198571173405399 -0.9075902164625245
vn -0.13491402614192086 -0.24076005901687944 -0.9611622129132865
vn -0.36228210117903337 -0.16306702965460126 -0.9176932074527577
vn 0 -0.2002620731660494 -0.9797423651405689
vn 0.13491402614192086 -0.24076005901687944 -0.9611622129132865
vn 0.09053704132409354 -0.742480336786482 -0.6637213222683989
vn 0 -0.2002620731660494 -0.9797423651405689
vn 0.09053704132409354 -0.742480336786482 -0.6637213222683989
vn 0 -0.8160815873953643 -0.5779367116858578
vn 0 -0.2002620731660494 -0.9797423651405689
vn 0 -0.8160815873953643 -0.5779367116858578
vn -0.09053704132409354 -0.742480336786482 -0.6637213222683989
vn 0 -0.2002620731660494 -0.9797423651405689
vn -0.09053704132409354 -0.742480336786482 -0.6637213222683989
vn -0.13491402614192086 -0.24076005901687944 -0.9611622129132865
vn 0 -0.982150659317986 0.1880959393534201
vn 0 -0.8160815873953643 -0.5779367116858578
vn 0.09053704132409354 -0.742480336786482 -0.6637213222683989
vn 0 -0.982150659317986 0.1880959393534201
vn 0.09053704132409354 -0.742480336786482 -0.6637213222683989
vn 0.1435539893391783 -0.9759509116541855 0.16404898715375077
vn 0 -0.982150659317986 0.1880959393534201
vn -0.1435539893391783 -0.9759509116541855 0.16404898715375077
vn -0.09053704132409354 -0.742480336786482 -0.6637213222683989
vn 0 -0.982150659317986 0.1880959393534201
vn -0.09053704132409354 -0.742480336786482 -0.6637213222683989
vn 0 -0.8160815873953643 -0.5779367116858578
vn 0.1435539893391783 -0.9759509116541855 0.16404898715375077
vn 0.09053704132409354 -0.742480336786482 -0.6637213222683989
vn 0.6507806820199071 -0.5286467705711081 -0.54499274846042
vn 0.1435539893391783 -0.9759509116541855 0.16404898715375077
vn 0.6507806820199071 -0.5286467705711081 -0.54499274846042
vn 0.4439608218053437 -0.8788416507140184 0.17474593463707022
vn -0.1435539893391783 -0.9759509116541855 0.16404898715375077
vn -0.443959716209882 -0.8788424198148619 0.17474487550940926
vn -0.6507770003569818 -0.5286500004525616 -0.5449940117357945
vn -0.1435539893391783 -0.9759509116541855 0.16404898715375077
vn -0.6507770003569818 -0.5286500004525616 -0.5449940117357945
vn -0.09053704132409354 -0.742480336786482 -0.6637213222683989
vn 0.4439608218053437 -0.8788416507140184 0.17474593463707022
vn 0.6507806820199071 -0.5286467705711081 -0.54499274846042
vn 0.5452058431483758 -0.05125598718695886 -0.836733776283926
vn 0.4439608218053437 -0.8788416507140184 0.17474593463707022
vn 0.5452058431483758 -0.05125598718695886 -0.836733776283926
vn 0.9414395581560145 -0.2474478752730362 0.22904389832926744
vn -0.443959716209882 -0.8788424198148619 0.17474487550940926
vn -0.9414383811549739 -0.24745309464622056 0.22904309733827516
vn -0.5452039732128809 -0.051256000001844576 -0.8367349939238223
vn -0.443959716209882 -0.8788424198148619 0.17474487550940926
vn -0.5452039732128809 -0.051256000001844576 -0.8367349939238223
vn -0.6507770003569818 -0.5286500004525616 -0.5449940117357945
vn 0.9414395581560145 -0.2474478752730362 0.22904389832926744
vn 0.5452058431483758 -0.05125598718695886 -0.836733776283926
vn 0.7965083685651838 0.05187302061514826 -0.6023982142552298
vn 0.9414395581560145 -0.2474478752730362 0.22904389832926744
vn 0.7965083685651838 0.05187302061514826 -0.6023982142552298
vn 0.9813391603692185 0.08838401768527229 0.1707680231883207
vn -0.9414383811549739 -0.24745309464622056 0.22904309733827516
vn -0.9813387369470664 0.08838497825269885 0.1707699592621791
vn -0.7965086667509219 0.05187397802533514 -0.6023977375409836
vn -0.9414383811549739 -0.24745309464622056 0.22904309733827516
vn -0.7965086667509219 0.05187397802533514 -0.6023977375409836
vn -0.5452039732128809 -0.051256000001844576 -0.8367349939238223
vn 0.13491402614192086 -0.24076005901687944 -0.9611622129132865
vn 0.36228088552558463 -0.16306695795829526 -0.9176937001009791
vn 0.7965083685651838 0.05187302061514826 -0.6023982142552298
vn 0.13491402614192086 -0.24076005901687944 -0.9611622129132865
vn 0.7965083685651838 0.05187302061514826 -0.6023982142552298
vn 0.5452058431483758 -0.05125598718695886 -0.836733776283926
vn -0.13491402614192086 -0.24076005901687944 -0.9611622129132865
vn -0.5452039732128809 -0.051256000001844576 -0.8367349939238223
vn -0.7965086667509219 0.05187397802533514 -0.6023977375409836
vn -0.13491402614192086 -0.24076005901687944 -0.9611622129132865
vn -0.7965086667509219 0.05187397802533514 -0.6023977375409836
vn -0.36228210117903337 -0.16306702965460126 -0.9176932074527577
vn 0.6507806820199071 -0.5286467705711081 -0.54499274846042
vn 0.09053704132409354 -0.742480336786482 -0.6637213222683989
vn 0.13491402614192086 -0.24076005901687944 -0.9611622129132865
vn 0.6507806820199071 -0.5286467705711081 -0.54499274846042
vn 0.13491402614192086 -0.24076005901687944 -0.9611622129132865
vn 0.5452058431483758 -0.05125598718695886 -0.836733776283926
vn -0.6507770003569818 -0.5286500004525616 -0.5449940117357945
vn -0.5452039732128809 -0.051256000001844576 -0.8367349939238223
vn -0.13491402614192086 -0.24076005901687944 -0.9611622129132865
vn -0.6507770003569818 -0.5286500004525616 -0.5449940117357945
vn -0.13491402614192086 -0.24076005901687944 -0.9611622129132865
vn -0.09053704132409354 -0.742480336786482 -0.6637213222683989
vn 0.7965083685651838 0.05187302061514826 -0.6023982142552298
vn 0.36228088552558463 -0.16306695795829526 -0.9176937001009791
vn 0.5217520020306257 -0.6739830402821233 -0.5229930303446688
vn 0.7965083685651838 0.05187302061514826 -0.6023982142552298
vn 0.5217520020306257 -0.6739830402821233 -0.5229930303446688
vn 0.9218326030744096 -0.09359495903844235 -0.3761178479567944
vn -0.7965086667509219 0.05187397802533514 -0.6023977375409836
vn -0.9218329532411623 -0.09359499553380773 -0.37611698064525567
vn -0.5217519370105704 -0.6739839273563297 -0.5229919520327777
vn -0.7965086667509219 0.05187397802533514 -0.6023977375409836
vn -0.5217519370105704 -0.6739839273563297 -0.5229919520327777
vn -0.36228210117903337 -0.16306702965460126 -0.9176932074527577
vn 0.9813391603692185 0.08838401768527229 0.1707680231883207
vn 0.7965083685651838 0.05187302061514826 -0.6023982142552298
vn 0.9218326030744096 -0.09359495903844235 -0.3761178479567944
vn 0.9813391603692185 0.08838401768527229 0.1707680231883207
vn 0.9218326030744096 -0.09359495903844235 -0.3761178479567944
vn 0.9592587760440554 0.24225694957948896 0.1453759641856297
vn -0.9813387369470664 0.08838497825269885 0.1707699592621791
vn -0.9592592864754451 0.24225607889505124 0.145374047027021
vn -0.9218329532411623 -0.09359499553380773 -0.37611698064525567
vn -0.9813387369470664 0.08838497825269885 0.1707699592621791
vn -0.9218329532411623 -0.09359499553380773 -0.37611698064525567
vn -0.7965086667509219 0.05187397802533514 -0.6023977375409836
vn 0.967844432054499 -0.23333110045985628 0.0939880465766614
vn 0.9812357316896102 0.016738995724098805 0.1920839526813833
vn 0.9499181956764988 0.2844550565180046 0.1293860206670086
vn 0.967844432054499 -0.23333110045985628 0.0939880465766614
vn 0.9499181956764988 0.2844550565180046 0.1293860206670086
vn 0.9404697552030171 0.3164469346727099 0.12400797185916172
vn -0.9678445263726323 -0.23333110936017643 0.09398705323226468
vn -0.9404694631379054 0.31644815857272585 0.12400706367393267
vn -0.949916620392081 0.28445989468798716 0.1293869491756654
vn -0.9678445263726323 -0.23333110936017643 0.09398705323226468
vn -0.949916620392081 0.28445989468798716 0.1293869491756654
vn -0.9812348607823664 0.016743997321517396 0.1920879656280087
vn 0.9218326030744096 -0.09359495903844235 -0.3761178479567944
vn 0.967844432054499 -0.23333110045985628 0.0939880465766614
vn 0.9404697552030171 0.3164469346727099 0.12400797185916172
vn 0.9218326030744096 -0.09359495903844235 -0.3761178479567944
vn 0.9404697552030171 0.3164469346727099 0.12400797185916172
vn 0.9592587760440554 0.24225694957948896 0.1453759641856297
vn -0.9218329532411623 -0.09359499553380773 -0.37611698064525567
vn -0.9592592864754451 0.24225607889505124 0.145374047027021
vn -0.9404694631379054 0.31644815857272585 0.12400706367393267
vn -0.9218329532411623 -0.09359499553380773 -0.37611698064525567
vn -0.9404694631379054 0.31644815857272585 0.12400706367393267
vn -0.9678445263726323 -0.23333110936017643 0.09398705323226468
vn 0.9499181956764988 0.2844550565180046 0.1293860206670086
vn 0.9812357316896102 0.016738995724098805 0.1920839526813833
vn 0.7842970981629891 -0.5820221227068482 0.21477502297271256
vn 0.9499181956764988 0.2844550565180046 0.1293860206670086
vn 0.7842970981629891 -0.5820221227068482 0.21477502297271256
vn 0.8873328100226815 -0.4416699176030794 0.1325449664896434
vn -0.949916620392081 0.28445989468798716 0.1293869491756654
vn -0.8873340874337349 -0.4416670397109017 0.1325460045084334
vn -0.7842980391542105 -0.5820190138533844 0.2147800113883838
vn -0.949916620392081 0.28445989468798716 0.1293869491756654
vn -0.7842980391542105 -0.5820190138533844 0.2147800113883838
vn -0.9812348607823664 0.016743997321517396 0.1920879656280087
vn 0.7842970981629891 -0.5820221227068482 0.21477502297271256
vn 0.42958685695337673 -0.9019346820549524 0.04437298321446378
vn 0.38148194994834767 -0.8980149135054731 0.21918197230923048
vn 0.7842970981629891 -0.5820221227068482 0.21477502297271256
vn 0.38148194994834767 -0.8980149135054731 0.21918197230923048
vn 0.8873328100226815 -0.4416699176030794 0.1325449664896434
vn -0.7842980391542105 -0.5820190138533844 0.2147800113883838
vn -0.8873340874337349 -0.4416670397109017 0.1325460045084334
vn -0.38148085116637265 -0.8980156379512544 0.21918091656980834
vn -0.7842980391542105 -0.5820190138533844 0.2147800113883838
vn -0.38148085116637265 -0.8980156379512544 0.21918091656980834
vn -0.42958601446874795 -0.9019350824499492 0.04437300101255062
vn 0.4200889995493988 -0.2891339910398715 -0.8601899602314251
vn 0.4753579843256107 -0.5968189299635509 -0.6464069550794254
vn 0 -0.7760681080935484 -0.6306491033848383
vn 0.4200889995493988 -0.2891339910398715 -0.8601899602314251
vn 0 -0.7760681080935484 -0.6306491033848383
vn 0 -0.3866609552678018 -0.9222219394871232
vn -0.4200900303926011 -0.2891350462100763 -0.8601891021268756
vn 0 -0.3866609552678018 -0.9222219394871232
vn 0 -0.7760681080935484 -0.6306491033848383
vn -0.4200900303926011 -0.2891350462100763 -0.8601891021268756
vn 0 -0.7760681080935484 -0.6306491033848383
vn -0.4753579843256107 -0.5968189299635509 -0.6464069550794254
vn 0.4753579843256107 -0.5968189299635509 -0.6464069550794254
vn 0.5331358351178455 -0.8003507909026929 -0.2742349226751242
vn 0 -0.9665346893242686 -0.2565359513456932
vn 0.4753579843256107 -0.5968189299635509 -0.6464069550794254
vn 0 -0.9665346893242686 -0.2565359513456932
vn 0 -0.7760681080935484 -0.6306491033848383
vn -0.4753579843256107 -0.5968189299635509 -0.6464069550794254
vn 0 -0.7760681080935484 -0.6306491033848383
vn 0 -0.9665346893242686 -0.2565359513456932
vn -0.4753579843256107 -0.5968189299635509 -0.6464069550794254
vn 0 -0.9665346893242686 -0.2565359513456932
vn -0.5331349792429683 -0.8003509971804632 -0.2742359845458611
vn 0.5331358351178455 -0.8003507909026929 -0.2742349226751242
vn 0.6732827517253525 -0.738825748553114 -0.028754990941884658
vn 0.0000010000000075328088 -0.9848770002237638 -0.1732549982806858
vn 0.5331358351178455 -0.8003507909026929 -0.2742349226751242
vn 0.0000010000000075328088 -0.9848770002237638 -0.1732549982806858
vn 0 -0.9665346893242686 -0.2565359513456932
vn -0.5331349792429683 -0.8003509971804632 -0.2742359845458611
vn 0 -0.9665346893242686 -0.2565359513456932
vn 0.0000010000000075328088 -0.9848770002237638 -0.1732549982806858
vn -0.5331349792429683 -0.8003509971804632 -0.2742359845458611
vn 0.0000010000000075328088 -0.9848770002237638 -0.1732549982806858
vn -0.6732828036751926 -0.7388257401531262 -0.02875399037451088
vn 0.6732827517253525 -0.738825748553114 -0.028754990941884658
vn 0.5217520020306257 -0.6739830402821233 -0.5229930303446688
vn 0 -0.8360659613158826 -0.5486289350088539
vn 0.6732827517253525 -0.738825748553114 -0.028754990941884658
vn 0 -0.8360659613158826 -0.5486289350088539
vn 0.0000010000000075328088 -0.9848770002237638 -0.1732549982806858
vn -0.6732828036751926 -0.7388257401531262 -0.02875399037451088
vn 0.0000010000000075328088 -0.9848770002237638 -0.1732549982806858
vn 0 -0.8360659613158826 -0.5486289350088539
vn -0.6732828036751926 -0.7388257401531262 -0.02875399037451088
vn 0 -0.8360659613158826 -0.5486289350088539
vn -0.5217519370105704 -0.6739839273563297 -0.5229919520327777
vn 0.5217520020306257 -0.6739830402821233 -0.5229930303446688
vn 0.6732827517253525 -0.738825748553114 -0.028754990941884658
vn 0.967844432054499 -0.23333110045985628 0.0939880465766614
vn 0.5217520020306257 -0.6739830402821233 -0.5229930303446688
vn 0.967844432054499 -0.23333110045985628 0.0939880465766614
vn 0.9218326030744096 -0.09359495903844235 -0.3761178479567944
vn -0.5217519370105704 -0.6739839273563297 -0.5229919520327777
vn -0.9218329532411623 -0.09359499553380773 -0.37611698064525567
vn -0.9678445263726323 -0.23333110936017643 0.09398705323226468
vn -0.5217519370105704 -0.6739839273563297 -0.5229919520327777
vn -0.9678445263726323 -0.23333110936017643 0.09398705323226468
vn -0.6732828036751926 -0.7388257401531262 -0.02875399037451088
vn 0.578278065354188 -0.8059930810122313 -0.12637101127485048
vn 0.7400040456126984 -0.669530018648145 0.06421500296545937
vn 0.9982593904441961 -0.03801301589003269 0.045091019204783735
vn 0.578278065354188 -0.8059930810122313 -0.12637101127485048
vn 0.9982593904441961 -0.03801301589003269 0.045091019204783735
vn 0.9561667254039005 -0.21061193528298947 -0.20343993203581154
vn -0.5782775889103865 -0.805993439188355 -0.12637090705268228
vn -0.9561671090843964 -0.21061203042848967 -0.20343803023028145
vn -0.9982595113987556 -0.03801101920083798 0.04509002463108058
vn -0.5782775889103865 -0.805993439188355 -0.12637090705268228
vn -0.9982595113987556 -0.03801101920083798 0.04509002463108058
vn -0.740001259830088 -0.6695331918409415 0.06421402084563368
vn 0.4772938557615025 0.20844392774130432 -0.8536636950462964
vn 0.4200889995493988 -0.2891339910398715 -0.8601899602314251
vn 0 -0.3866609552678018 -0.9222219394871232
vn 0.4772938557615025 0.20844392774130432 -0.8536636950462964
vn 0 -0.3866609552678018 -0.9222219394871232
vn 0 0.14226199327072778 -0.9898290384054408
vn -0.4772938557615025 0.20844392774130432 -0.8536636950462964
vn 0 0.14226199327072778 -0.9898290384054408
vn 0 -0.3866609552678018 -0.9222219394871232
vn -0.4772938557615025 0.20844392774130432 -0.8536636950462964
vn 0 -0.3866609552678018 -0.9222219394871232
vn -0.4200900303926011 -0.2891350462100763 -0.8601891021268756
vn 0.5073938913279714 0.65498583830954 0.5599508823611297
vn 0.43862388686118214 0.8956808086248893 0.073245989213425
vn 0 0.9988945609624161 -0.04700697905313524
vn 0.5073938913279714 0.65498583830954 0.5599508823611297
vn 0 0.9988945609624161 -0.04700697905313524
vn 0 0.8928607444062459 0.4503328669976518
vn -0.5073941969881671 0.6549862057958411 0.559950175533414
vn 0 0.8928607444062459 0.4503328669976518
vn 0 0.9988945609624161 -0.04700697905313524
vn -0.5073941969881671 0.6549862057958411 0.559950175533414
vn 0 0.9988945609624161 -0.04700697905313524
vn -0.43862388686118214 0.8956808086248893 0.073245989213425
vn 0.43862388686118214 0.8956808086248893 0.073245989213425
vn 0.43655493808190776 0.8063258519975665 -0.3990719314067331
vn 0 0.7990404362823962 -0.601277291426874
vn 0.43862388686118214 0.8956808086248893 0.073245989213425
vn 0 0.7990404362823962 -0.601277291426874
vn 0 0.9988945609624161 -0.04700697905313524
vn -0.43862388686118214 0.8956808086248893 0.073245989213425
vn 0 0.9988945609624161 -0.04700697905313524
vn 0 0.7990404362823962 -0.601277291426874
vn -0.43862388686118214 0.8956808086248893 0.073245989213425
vn 0 0.7990404362823962 -0.601277291426874
vn -0.43655493808190776 0.8063258519975665 -0.3990719314067331
vn 0.43655493808190776 0.8063258519975665 -0.3990719314067331
vn 0.4772938557615025 0.20844392774130432 -0.8536636950462964
vn 0 0.14226199327072778 -0.9898290384054408
vn 0.43655493808190776 0.8063258519975665 -0.3990719314067331
vn 0 0.14226199327072778 -0.9898290384054408
vn 0 0.7990404362823962 -0.601277291426874
vn -0.43655493808190776 0.8063258519975665 -0.3990719314067331
vn 0 0.7990404362823962 -0.601277291426874
vn 0 0.14226199327072778 -0.9898290384054408
vn -0.43655493808190776 0.8063258519975665 -0.3990719314067331
vn 0 0.14226199327072778 -0.9898290384054408
vn -0.4772938557615025 0.20844392774130432 -0.8536636950462964
vn 0.6816369776504669 0.6884559873166443 -0.24778899133618026
vn 0.6764010081478533 0.7225639703141528 0.14276899166281093
vn 0.46070897318442616 0.8290429068373522 0.31691497384949335
vn 0.6816369776504669 0.6884559873166443 -0.24778899133618026
vn 0.46070897318442616 0.8290429068373522 0.31691497384949335
vn 0.3581951004934596 0.9041372048567871 -0.23287804700365564
vn -0.6816381660175078 0.6884551490885352 -0.24778805120863123
vn -0.35819593062538996 0.9041368958961898 -0.23287796968071733
vn -0.4607091300434843 0.8290431593773611 0.316914085177954
vn -0.6816381660175078 0.6884551490885352 -0.24778805120863123
vn -0.4607091300434843 0.8290431593773611 0.316914085177954
vn -0.6764010081478533 0.7225639703141528 0.14276899166281093
vn 0.6764010081478533 0.7225639703141528 0.14276899166281093
vn 0.7582729580019988 0.5225299680313711 0.38985196379142867
vn 0.623301756060266 0.7116067541940383 0.32420787818560864
vn 0.6764010081478533 0.7225639703141528 0.14276899166281093
vn 0.623301756060266 0.7116067541940383 0.32420787818560864
vn 0.46070897318442616 0.8290429068373522 0.31691497384949335
vn -0.6764010081478533 0.7225639703141528 0.14276899166281093
vn -0.4607091300434843 0.8290431593773611 0.316914085177954
vn -0.6233019707527745 0.7116069655252051 0.3242070015772593
vn -0.6764010081478533 0.7225639703141528 0.14276899166281093
vn -0.6233019707527745 0.7116069655252051 0.3242070015772593
vn -0.7582727665846872 0.522531807090303 0.3898498711490704
vn 0.7582729580019988 0.5225299680313711 0.38985196379142867
vn 0.9096930782999695 0.41309202443688514 -0.04258500486980852
vn 0.680045793124331 0.729089747235732 -0.07723897804629391
vn 0.7582729580019988 0.5225299680313711 0.38985196379142867
vn 0.680045793124331 0.729089747235732 -0.07723897804629391
vn 0.623301756060266 0.7116067541940383 0.32420787818560864
vn -0.7582727665846872 0.522531807090303 0.3898498711490704
vn -0.6233019707527745 0.7116069655252051 0.3242070015772593
vn -0.680045793124331 0.729089747235732 -0.07723897804629391
vn -0.7582727665846872 0.522531807090303 0.3898498711490704
vn -0.680045793124331 0.729089747235732 -0.07723897804629391
vn -0.9096925636473655 0.41309325896237975 -0.042584023348247534
vn 0.9096930782999695 0.41309202443688514 -0.04258500486980852
vn 0.8350921916629807 0.43302509434188285 -0.33927908732151907
vn 0.6548440227577617 0.46949200181802253 -0.5922470481879485
vn 0.9096930782999695 0.41309202443688514 -0.04258500486980852
vn 0.6548440227577617 0.46949200181802253 -0.5922470481879485
vn 0.680045793124331 0.729089747235732 -0.07723897804629391
vn -0.9096925636473655 0.41309325896237975 -0.042584023348247534
vn -0.680045793124331 0.729089747235732 -0.07723897804629391
vn -0.6548440968133394 0.46949308506224646 -0.5922461075832037
vn -0.9096925636473655 0.41309325896237975 -0.042584023348247534
vn -0.6548440968133394 0.46949308506224646 -0.5922461075832037
vn -0.8350918346774809 0.4330258993376849 -0.33927893857088715
vn 0.5872942156154158 0.00405700175149508 -0.8093633578569406
vn 0.6548440227577617 0.46949200181802253 -0.5922470481879485
vn 0.8350921916629807 0.43302509434188285 -0.33927908732151907
vn 0.5872942156154158 0.00405700175149508 -0.8093633578569406
vn 0.8350921916629807 0.43302509434188285 -0.33927908732151907
vn 0.6361861295715642 0.10350601483740754 -0.7645611247200783
vn -0.5872948717865144 0.0040569989611195945 -0.8093628817364257
vn -0.6361861295715642 0.10350601483740754 -0.7645611247200783
vn -0.8350918346774809 0.4330258993376849 -0.33927893857088715
vn -0.5872948717865144 0.0040569989611195945 -0.8093628817364257
vn -0.8350918346774809 0.4330258993376849 -0.33927893857088715
vn -0.6548440968133394 0.46949308506224646 -0.5922461075832037
vn 0.43655493808190776 0.8063258519975665 -0.3990719314067331
vn 0.6548440227577617 0.46949200181802253 -0.5922470481879485
vn 0.5872942156154158 0.00405700175149508 -0.8093633578569406
vn 0.43655493808190776 0.8063258519975665 -0.3990719314067331
vn 0.5872942156154158 0.00405700175149508 -0.8093633578569406
vn 0.4772938557615025 0.20844392774130432 -0.8536636950462964
vn -0.43655493808190776 0.8063258519975665 -0.3990719314067331
vn -0.4772938557615025 0.20844392774130432 -0.8536636950462964
vn -0.5872948717865144 0.0040569989611195945 -0.8093628817364257
vn -0.43655493808190776 0.8063258519975665 -0.3990719314067331
vn -0.5872948717865144 0.0040569989611195945 -0.8093628817364257
vn -0.6548440968133394 0.46949308506224646 -0.5922461075832037
vn 0.43862388686118214 0.8956808086248893 0.073245989213425
vn 0.680045793124331 0.729089747235732 -0.07723897804629391
vn 0.6548440227577617 0.46949200181802253 -0.5922470481879485
vn 0.43862388686118214 0.8956808086248893 0.073245989213425
vn 0.6548440227577617 0.46949200181802253 -0.5922470481879485
vn 0.43655493808190776 0.8063258519975665 -0.3990719314067331
vn -0.43862388686118214 0.8956808086248893 0.073245989213425
vn -0.43655493808190776 0.8063258519975665 -0.3990719314067331
vn -0.6548440968133394 0.46949308506224646 -0.5922461075832037
vn -0.43862388686118214 0.8956808086248893 0.073245989213425
vn -0.6548440968133394 0.46949308506224646 -0.5922461075832037
vn -0.680045793124331 0.729089747235732 -0.07723897804629391
vn 0.5073938913279714 0.65498583830954 0.5599508823611297
vn 0.623301756060266 0.7116067541940383 0.32420787818560864
vn 0.680045793124331 0.729089747235732 -0.07723897804629391
vn 0.5073938913279714 0.65498583830954 0.5599508823611297
vn 0.680045793124331 0.729089747235732 -0.07723897804629391
vn 0.43862388686118214 0.8956808086248893 0.073245989213425
vn -0.5073941969881671 0.6549862057958411 0.559950175533414
vn -0.43862388686118214 0.8956808086248893 0.073245989213425
vn -0.680045793124331 0.729089747235732 -0.07723897804629391
vn -0.5073941969881671 0.6549862057958411 0.559950175533414
vn -0.680045793124331 0.729089747235732 -0.07723897804629391
vn -0.6233019707527745 0.7116069655252051 0.3242070015772593
vn 0.2955269781282769 0.8558448459675483 0.4244919372958128
vn 0.46070897318442616 0.8290429068373522 0.31691497384949335
vn 0.623301756060266 0.7116067541940383 0.32420787818560864
vn 0.2955269781282769 0.8558448459675483 0.4244919372958128
vn 0.623301756060266 0.7116067541940383 0.32420787818560864
vn 0.5073938913279714 0.65498583830954 0.5599508823611297
vn -0.2955269781282769 0.8558448459675483 0.4244919372958128
vn -0.5073941969881671 0.6549862057958411 0.559950175533414
vn -0.6233019707527745 0.7116069655252051 0.3242070015772593
vn -0.2955269781282769 0.8558448459675483 0.4244919372958128
vn -0.6233019707527745 0.7116069655252051 0.3242070015772593
vn -0.4607091300434843 0.8290431593773611 0.316914085177954
vn 0.3581951004934596 0.9041372048567871 -0.23287804700365564
vn 0.46070897318442616 0.8290429068373522 0.31691497384949335
vn 0.2955269781282769 0.8558448459675483 0.4244919372958128
vn 0.3581951004934596 0.9041372048567871 -0.23287804700365564
vn 0.2955269781282769 0.8558448459675483 0.4244919372958128
vn 0.3347719942582647 0.8862180205974288 -0.32022700046797953
vn -0.35819593062538996 0.9041368958961898 -0.23287796968071733
vn -0.3347719942582647 0.8862180205974288 -0.32022700046797953
vn -0.2955269781282769 0.8558448459675483 0.4244919372958128
vn -0.35819593062538996 0.9041368958961898 -0.23287796968071733
vn -0.2955269781282769 0.8558448459675483 0.4244919372958128
vn -0.4607091300434843 0.8290431593773611 0.316914085177954
vn 0.2955269781282769 0.8558448459675483 0.4244919372958128
vn 0.5073938913279714 0.65498583830954 0.5599508823611297
vn 0 0.8928607444062459 0.4503328669976518
vn 0.2955269781282769 0.8558448459675483 0.4244919372958128
vn 0 0.8928607444062459 0.4503328669976518
vn 0 0.6141907048763263 0.7891576382723046
vn -0.2955269781282769 0.8558448459675483 0.4244919372958128
vn 0 0.6141907048763263 0.7891576382723046
vn 0 0.8928607444062459 0.4503328669976518
vn -0.2955269781282769 0.8558448459675483 0.4244919372958128
vn 0 0.8928607444062459 0.4503328669976518
vn -0.5073941969881671 0.6549862057958411 0.559950175533414
vn -0.60969919598498 0.4939691475590086 -0.6198881928824705
vn -0.05832902451246678 0.6532532695005805 -0.7548893235344015
vn 0.3347719942582647 0.8862180205974288 -0.32022700046797953
vn -0.60969919598498 0.4939691475590086 -0.6198881928824705
vn 0.3347719942582647 0.8862180205974288 -0.32022700046797953
vn -0.4820848821676857 0.8448417990088105 -0.23202694031712162
vn 0.609697868442115 0.4939699092614055 -0.6198888916260883
vn 0.482084756816571 0.8448416094314803 -0.23202789103539606
vn -0.3347719942582647 0.8862180205974288 -0.32022700046797953
vn 0.609697868442115 0.4939699092614055 -0.6198888916260883
vn -0.3347719942582647 0.8862180205974288 -0.32022700046797953
vn 0.05832897975872445 0.6532527921005521 -0.7548897401164882
vn 0.3347719942582647 0.8862180205974288 -0.32022700046797953
vn 0.2955269781282769 0.8558448459675483 0.4244919372958128
vn 0 0.6141907048763263 0.7891576382723046
vn 0.3347719942582647 0.8862180205974288 -0.32022700046797953
vn 0 0.6141907048763263 0.7891576382723046
vn -0.4820848821676857 0.8448417990088105 -0.23202694031712162
vn -0.3347719942582647 0.8862180205974288 -0.32022700046797953
vn 0.482084756816571 0.8448416094314803 -0.23202789103539606
vn 0 0.6141907048763263 0.7891576382723046
vn -0.3347719942582647 0.8862180205974288 -0.32022700046797953
vn 0 0.6141907048763263 0.7891576382723046
vn -0.2955269781282769 0.8558448459675483 0.4244919372958128
vn -0.4820848821676857 0.8448417990088105 -0.23202694031712162
vn 0 0.6141907048763263 0.7891576382723046
vn 0 0.8107720301453601 0.5853620376604307
vn 0.482084756816571 0.8448416094314803 -0.23202789103539606
vn 0 0.8107720301453601 0.5853620376604307
vn 0 0.6141907048763263 0.7891576382723046
vn 0.9561667254039005 -0.21061193528298947 -0.20343993203581154
vn 0.9982593904441961 -0.03801301589003269 0.045091019204783735
vn 0.6764010081478533 0.7225639703141528 0.14276899166281093
vn 0.9561667254039005 -0.21061193528298947 -0.20343993203581154
vn 0.6764010081478533 0.7225639703141528 0.14276899166281093
vn 0.6816369776504669 0.6884559873166443 -0.24778899133618026
vn -0.9561671090843964 -0.21061203042848967 -0.20343803023028145
vn -0.6816381660175078 0.6884551490885352 -0.24778805120863123
vn -0.6764010081478533 0.7225639703141528 0.14276899166281093
vn -0.9561671090843964 -0.21061203042848967 -0.20343803023028145
vn -0.6764010081478533 0.7225639703141528 0.14276899166281093
vn -0.9982595113987556 -0.03801101920083798 0.04509002463108058
vn 0.9940300783013831 -0.08380300719569507 -0.06986601045647767
vn 0.7582729580019988 0.5225299680313711 0.38985196379142867
vn 0.6764010081478533 0.7225639703141528 0.14276899166281093
vn 0.9940300783013831 -0.08380300719569507 -0.06986601045647767
vn 0.6764010081478533 0.7225639703141528 0.14276899166281093
vn 0.9982593904441961 -0.03801301589003269 0.045091019204783735
vn -0.9940299955618601 -0.08380399617249504 -0.06986600137984805
vn -0.9982595113987556 -0.03801101920083798 0.04509002463108058
vn -0.6764010081478533 0.7225639703141528 0.14276899166281093
vn -0.9940299955618601 -0.08380399617249504 -0.06986600137984805
vn -0.6764010081478533 0.7225639703141528 0.14276899166281093
vn -0.7582727665846872 0.522531807090303 0.3898498711490704
vn 0.7630713720631016 0.35390619086267944 0.5408072569842274
vn 0.9096930782999695 0.41309202443688514 -0.04258500486980852
vn 0.7582729580019988 0.5225299680313711 0.38985196379142867
vn 0.7630713720631016 0.35390619086267944 0.5408072569842274
vn 0.7582729580019988 0.5225299680313711 0.38985196379142867
vn 0.9940300783013831 -0.08380300719569507 -0.06986601045647767
vn -0.7630716385067582 0.35390182507737294 0.5408097379980465
vn -0.9940299955618601 -0.08380399617249504 -0.06986600137984805
vn -0.7582727665846872 0.522531807090303 0.3898498711490704
vn -0.7630716385067582 0.35390182507737294 0.5408097379980465
vn -0.7582727665846872 0.522531807090303 0.3898498711490704
vn -0.9096925636473655 0.41309325896237975 -0.042584023348247534
vn 0.8350921916629807 0.43302509434188285 -0.33927908732151907
vn 0.9096930782999695 0.41309202443688514 -0.04258500486980852
vn 0.7630713720631016 0.35390619086267944 0.5408072569842274
vn 0.8350921916629807 0.43302509434188285 -0.33927908732151907
vn 0.7630713720631016 0.35390619086267944 0.5408072569842274
vn 0.6361861295715642 0.10350601483740754 -0.7645611247200783
vn -0.8350918346774809 0.4330258993376849 -0.33927893857088715
vn -0.6361861295715642 0.10350601483740754 -0.7645611247200783
vn -0.7630716385067582 0.35390182507737294 0.5408097379980465
vn -0.8350918346774809 0.4330258993376849 -0.33927893857088715
vn -0.7630716385067582 0.35390182507737294 0.5408097379980465
vn -0.9096925636473655 0.41309325896237975 -0.042584023348247534
vn 0.5331358351178455 -0.8003507909026929 -0.2742349226751242
vn 0.5522360121732718 -0.8302249782286538 -0.0759069982557184
vn 0.5560240809847086 -0.8010651561871629 0.22165702539722656
vn 0.5331358351178455 -0.8003507909026929 -0.2742349226751242
vn 0.5560240809847086 -0.8010651561871629 0.22165702539722656
vn 0.6732827517253525 -0.738825748553114 -0.028754990941884658
vn -0.5331349792429683 -0.8003509971804632 -0.2742359845458611
vn -0.6732828036751926 -0.7388257401531262 -0.02875399037451088
vn -0.5560240809847086 -0.8010651561871629 0.22165702539722656
vn -0.5331349792429683 -0.8003509971804632 -0.2742359845458611
vn -0.5560240809847086 -0.8010651561871629 0.22165702539722656
vn -0.5522359565349473 -0.8302249245869269 -0.075907989728116
vn 0.5560240809847086 -0.8010651561871629 0.22165702539722656
vn 0.5522360121732718 -0.8302249782286538 -0.0759069982557184
vn 0.22185209453125992 -0.9687404062557666 0.11101204186711078
vn 0.5560240809847086 -0.8010651561871629 0.22165702539722656
vn 0.22185209453125992 -0.9687404062557666 0.11101204186711078
vn 0.7400040456126984 -0.669530018648145 0.06421500296545937
vn -0.5560240809847086 -0.8010651561871629 0.22165702539722656
vn -0.740001259830088 -0.6695331918409415 0.06421402084563368
vn -0.22185092741473428 -0.9687406832058608 0.11101195749586777
vn -0.5560240809847086 -0.8010651561871629 0.22165702539722656
vn -0.22185092741473428 -0.9687406832058608 0.11101195749586777
vn -0.5522359565349473 -0.8302249245869269 -0.075907989728116
vn 0.42958685695337673 -0.9019346820549524 0.04437298321446378
vn 0.5560240809847086 -0.8010651561871629 0.22165702539722656
vn 0.7400040456126984 -0.669530018648145 0.06421500296545937
vn 0.42958685695337673 -0.9019346820549524 0.04437298321446378
vn 0.7400040456126984 -0.669530018648145 0.06421500296545937
vn 0.578278065354188 -0.8059930810122313 -0.12637101127485048
vn -0.42958601446874795 -0.9019350824499492 0.04437300101255062
vn -0.5782775889103865 -0.805993439188355 -0.12637090705268228
vn -0.740001259830088 -0.6695331918409415 0.06421402084563368
vn -0.42958601446874795 -0.9019350824499492 0.04437300101255062
vn -0.740001259830088 -0.6695331918409415 0.06421402084563368
vn -0.5560240809847086 -0.8010651561871629 0.22165702539722656
vn 0.9812357316896102 0.016738995724098805 0.1920839526813833
vn 0.967844432054499 -0.23333110045985628 0.0939880465766614
vn 0.5560240809847086 -0.8010651561871629 0.22165702539722656
vn 0.9812357316896102 0.016738995724098805 0.1920839526813833
vn 0.5560240809847086 -0.8010651561871629 0.22165702539722656
vn 0.42958685695337673 -0.9019346820549524 0.04437298321446378
vn -0.9812348607823664 0.016743997321517396 0.1920879656280087
vn -0.42958601446874795 -0.9019350824499492 0.04437300101255062
vn -0.5560240809847086 -0.8010651561871629 0.22165702539722656
vn -0.9812348607823664 0.016743997321517396 0.1920879656280087
vn -0.5560240809847086 -0.8010651561871629 0.22165702539722656
vn -0.9678445263726323 -0.23333110936017643 0.09398705323226468
vn 0.6732827517253525 -0.738825748553114 -0.028754990941884658
vn 0.5560240809847086 -0.8010651561871629 0.22165702539722656
vn 0.967844432054499 -0.23333110045985628 0.0939880465766614
vn -0.6732828036751926 -0.7388257401531262 -0.02875399037451088
vn -0.9678445263726323 -0.23333110936017643 0.09398705323226468
vn -0.5560240809847086 -0.8010651561871629 0.22165702539722656
vn 0.7842970981629891 -0.5820221227068482 0.21477502297271256
vn 0.9812357316896102 0.016738995724098805 0.1920839526813833
vn 0.42958685695337673 -0.9019346820549524 0.04437298321446378
vn -0.7842980391542105 -0.5820190138533844 0.2147800113883838
vn -0.42958601446874795 -0.9019350824499492 0.04437300101255062
vn -0.9812348607823664 0.016743997321517396 0.1920879656280087
vn 0.342728885603686 -0.6737247756090955 -0.6546998073188424
vn 0.5484171009189621 -0.5491121506937906 -0.6306461205621428
vn 0.5872942156154158 0.00405700175149508 -0.8093633578569406
vn 0.342728885603686 -0.6737247756090955 -0.6546998073188424
vn 0.5872942156154158 0.00405700175149508 -0.8093633578569406
vn 0.6361861295715642 0.10350601483740754 -0.7645611247200783
vn -0.3427291196563206 -0.6737252438638287 -0.6546992029323299
vn -0.6361861295715642 0.10350601483740754 -0.7645611247200783
vn -0.5872948717865144 0.0040569989611195945 -0.8093628817364257
vn -0.3427291196563206 -0.6737252438638287 -0.6546992029323299
vn -0.5872948717865144 0.0040569989611195945 -0.8093628817364257
vn -0.5484171466753395 -0.549113150106926 -0.6306452105678182
vn 0.5872942156154158 0.00405700175149508 -0.8093633578569406
vn 0.5484171009189621 -0.5491121506937906 -0.6306461205621428
vn 0.4200889995493988 -0.2891339910398715 -0.8601899602314251
vn 0.5872942156154158 0.00405700175149508 -0.8093633578569406
vn 0.4200889995493988 -0.2891339910398715 -0.8601899602314251
vn 0.4772938557615025 0.20844392774130432 -0.8536636950462964
vn -0.5872948717865144 0.0040569989611195945 -0.8093628817364257
vn -0.4772938557615025 0.20844392774130432 -0.8536636950462964
vn -0.4200900303926011 -0.2891350462100763 -0.8601891021268756
vn -0.5872948717865144 0.0040569989611195945 -0.8093628817364257
vn -0.4200900303926011 -0.2891350462100763 -0.8601891021268756
vn -0.5484171466753395 -0.549113150106926 -0.6306452105678182
vn 0.5522360121732718 -0.8302249782286538 -0.0759069982557184
vn 0.5484171009189621 -0.5491121506937906 -0.6306461205621428
vn 0.342728885603686 -0.6737247756090955 -0.6546998073188424
vn 0.5522360121732718 -0.8302249782286538 -0.0759069982557184
vn 0.342728885603686 -0.6737247756090955 -0.6546998073188424
vn 0.22185209453125992 -0.9687404062557666 0.11101204186711078
vn -0.5522359565349473 -0.8302249245869269 -0.075907989728116
vn -0.22185092741473428 -0.9687406832058608 0.11101195749586777
vn -0.3427291196563206 -0.6737252438638287 -0.6546992029323299
vn -0.5522359565349473 -0.8302249245869269 -0.075907989728116
vn -0.3427291196563206 -0.6737252438638287 -0.6546992029323299
vn -0.5484171466753395 -0.549113150106926 -0.6306452105678182
vn 0.4753579843256107 -0.5968189299635509 -0.6464069550794254
vn 0.5484171009189621 -0.5491121506937906 -0.6306461205621428
vn 0.5522360121732718 -0.8302249782286538 -0.0759069982557184
vn 0.4753579843256107 -0.5968189299635509 -0.6464069550794254
vn 0.5522360121732718 -0.8302249782286538 -0.0759069982557184
vn 0.5331358351178455 -0.8003507909026929 -0.2742349226751242
vn -0.4753579843256107 -0.5968189299635509 -0.6464069550794254
vn -0.5331349792429683 -0.8003509971804632 -0.2742359845458611
vn -0.5522359565349473 -0.8302249245869269 -0.075907989728116
vn -0.4753579843256107 -0.5968189299635509 -0.6464069550794254
vn -0.5522359565349473 -0.8302249245869269 -0.075907989728116
vn -0.5484171466753395 -0.549113150106926 -0.6306452105678182
vn 0.5484171009189621 -0.5491121506937906 -0.6306461205621428
vn 0.4753579843256107 -0.5968189299635509 -0.6464069550794254
vn 0.4200889995493988 -0.2891339910398715 -0.8601899602314251
vn -0.5484171466753395 -0.549113150106926 -0.6306452105678182
vn -0.4200900303926011 -0.2891350462100763 -0.8601891021268756
vn -0.4753579843256107 -0.5968189299635509 -0.6464069550794254
vn -0.46019397237647397 0.8035039489327627 0.37762800722115036
vn 0.45639197669611026 -0.0529659970841861 0.8882009720554775
vn 0.5743948846988565 -0.2752329423370811 0.770919803795609
vn -0.46019397237647397 0.8035039489327627 0.37762800722115036
vn 0.5743948846988565 -0.2752329423370811 0.770919803795609
vn 0.15024405682821312 0.7991253118957417 0.5820871577997012
vn 0.46019479906982347 0.8035026240611234 0.3776298187855054
vn -0.15024594666515217 0.7991237482901804 0.5820888166159391
vn -0.5743951917529262 -0.2752310989203641 0.770920233148805
vn 0.46019479906982347 0.8035026240611234 0.3776298187855054
vn -0.5743951917529262 -0.2752310989203641 0.770920233148805
vn -0.456390768353361 -0.05296697095776887 0.8882015348722315
vn 0.5743948846988565 -0.2752329423370811 0.770919803795609
vn 0.119230026995931 -0.16248903016380184 0.9794802273343637
vn 0.5822669658018551 0.5697489775622524 0.5799580011541089
vn 0.5743948846988565 -0.2752329423370811 0.770919803795609
vn 0.5822669658018551 0.5697489775622524 0.5799580011541089
vn 0.15024405682821312 0.7991253118957417 0.5820871577997012
vn -0.5743951917529262 -0.2752310989203641 0.770920233148805
vn -0.15024594666515217 0.7991237482901804 0.5820888166159391
vn -0.5822659599079179 0.5697499980674235 0.5799580085098247
vn -0.5743951917529262 -0.2752310989203641 0.770920233148805
vn -0.5822659599079179 0.5697499980674235 0.5799580085098247
vn -0.11923099116947261 -0.16248997783907906 0.9794799527538075
vn 0.119230026995931 -0.16248903016380184 0.9794802273343637
vn -0.28577787446012565 0.051785980800728534 0.9568956153424255
vn 0.7132457230707753 -0.0006619997193916862 0.7009137609418283
vn 0.119230026995931 -0.16248903016380184 0.9794802273343637
vn 0.7132457230707753 -0.0006619997193916862 0.7009137609418283
vn 0.5822669658018551 0.5697489775622524 0.5799580011541089
vn -0.11923099116947261 -0.16248997783907906 0.9794799527538075
vn -0.5822659599079179 0.5697499980674235 0.5799580085098247
vn -0.7132452206722036 -0.0006630002242754483 0.7009142712336239
vn -0.11923099116947261 -0.16248997783907906 0.9794799527538075
vn -0.7132452206722036 -0.0006630002242754483 0.7009142712336239
vn 0.2857760563268286 0.051785012190508684 0.9568962107473904
vn -0.28577787446012565 0.051785980800728534 0.9568956153424255
vn -0.0932919838612453 0.3701769445404866 0.9242649162863982
vn 0.6348470672523848 -0.434173062798795 0.6391110644801574
vn -0.28577787446012565 0.051785980800728534 0.9568956153424255
vn 0.6348470672523848 -0.434173062798795 0.6391110644801574
vn 0.7132457230707753 -0.0006619997193916862 0.7009137609418283
vn 0.2857760563268286 0.051785012190508684 0.9568962107473904
vn -0.7132452206722036 -0.0006630002242754483 0.7009142712336239
vn -0.6348477803061816 -0.4341738659555983 0.6391098105658247
vn 0.2857760563268286 0.051785012190508684 0.9568962107473904
vn -0.6348477803061816 -0.4341738659555983 0.6391098105658247
vn 0.09329094598809899 0.37017577335199014 0.9242654901162877
vn -0.0932919838612453 0.3701769445404866 0.9242649162863982
vn 0.427350759004263 0.3602447803557444 0.8292134990489011
vn 0.5034728695002876 -0.7280448149567041 0.4652588710511648
vn -0.0932919838612453 0.3701769445404866 0.9242649162863982
vn 0.5034728695002876 -0.7280448149567041 0.4652588710511648
vn 0.6348470672523848 -0.434173062798795 0.6391110644801574
vn 0.09329094598809899 0.37017577335199014 0.9242654901162877
vn -0.6348477803061816 -0.4341738659555983 0.6391098105658247
vn -0.5034749955699358 -0.7280419850549948 0.4652609986158693
vn 0.09329094598809899 0.37017577335199014 0.9242654901162877
vn -0.5034749955699358 -0.7280419850549948 0.4652609986158693
vn -0.42735203847189956 0.3602420368289974 0.8292140315474692
vn 0.427350759004263 0.3602447803557444 0.8292134990489011
vn 0.24960297716433683 0.4595869549749287 0.8523368961904514
vn 0.1298770277225479 -0.8201442163420728 0.5572211608245004
vn 0.427350759004263 0.3602447803557444 0.8292134990489011
vn 0.1298770277225479 -0.8201442163420728 0.5572211608245004
vn 0.5034728695002876 -0.7280448149567041 0.4652588710511648
vn -0.42735203847189956 0.3602420368289974 0.8292140315474692
vn -0.5034749955699358 -0.7280419850549948 0.4652609986158693
vn -0.12987897014020294 -0.8201427594837521 0.5572228523505623
vn -0.42735203847189956 0.3602420368289974 0.8292140315474692
vn -0.12987897014020294 -0.8201427594837521 0.5572228523505623
vn -0.24960506501013877 0.45958713688807695 0.8523361866824055
vn -0.25612199570121463 0.9446770050012254 0.20490700217401406
vn 0.1395439541196141 0.939091706404707 0.3140609046515635
vn 0.24960297716433683 0.4595869549749287 0.8523368961904514
vn -0.25612199570121463 0.9446770050012254 0.20490700217401406
vn 0.24960297716433683 0.4595869549749287 0.8523368961904514
vn 0.427350759004263 0.3602447803557444 0.8292134990489011
vn 0.25612199570121463 0.9446770050012254 0.20490700217401406
vn -0.42735203847189956 0.3602420368289974 0.8292140315474692
vn -0.24960506501013877 0.45958713688807695 0.8523361866824055
vn 0.25612199570121463 0.9446770050012254 0.20490700217401406
vn -0.24960506501013877 0.45958713688807695 0.8523361866824055
vn -0.13954703542019276 0.9390901944856677 0.31406405640618373
vn -0.8548748610266556 0.517360873154861 0.03907299467786109
vn -0.25612199570121463 0.9446770050012254 0.20490700217401406
vn 0.427350759004263 0.3602447803557444 0.8292134990489011
vn -0.8548748610266556 0.517360873154861 0.03907299467786109
vn 0.427350759004263 0.3602447803557444 0.8292134990489011
vn -0.0932919838612453 0.3701769445404866 0.9242649162863982
vn 0.8548749737792526 0.5173609884566315 0.03906900087152636
vn 0.09329094598809899 0.37017577335199014 0.9242654901162877
vn -0.42735203847189956 0.3602420368289974 0.8292140315474692
vn 0.8548749737792526 0.5173609884566315 0.03906900087152636
vn -0.42735203847189956 0.3602420368289974 0.8292140315474692
vn 0.25612199570121463 0.9446770050012254 0.20490700217401406
vn -0.9341203577887741 -0.2681171002162779 0.23565308768651289
vn -0.8548748610266556 0.517360873154861 0.03907299467786109
vn -0.0932919838612453 0.3701769445404866 0.9242649162863982
vn -0.9341203577887741 -0.2681171002162779 0.23565308768651289
vn -0.0932919838612453 0.3701769445404866 0.9242649162863982
vn -0.28577787446012565 0.051785980800728534 0.9568956153424255
vn 0.934120484153126 -0.2681201421068779 0.2356491257826286
vn 0.2857760563268286 0.051785012190508684 0.9568962107473904
vn 0.09329094598809899 0.37017577335199014 0.9242654901162877
vn 0.934120484153126 -0.2681201421068779 0.2356491257826286
vn 0.09329094598809899 0.37017577335199014 0.9242654901162877
vn 0.8548749737792526 0.5173609884566315 0.03906900087152636
vn 0.01992599911201632 -0.8196849468910031 0.5724679400627438
vn -0.9341203577887741 -0.2681171002162779 0.23565308768651289
vn -0.28577787446012565 0.051785980800728534 0.9568956153424255
vn 0.01992599911201632 -0.8196849468910031 0.5724679400627438
vn -0.28577787446012565 0.051785980800728534 0.9568956153424255
vn 0.119230026995931 -0.16248903016380184 0.9794802273343637
vn -0.01992899775351474 -0.8196848783495586 0.5724679338212839
vn -0.11923099116947261 -0.16248997783907906 0.9794799527538075
vn 0.2857760563268286 0.051785012190508684 0.9568962107473904
vn -0.01992899775351474 -0.8196848783495586 0.5724679338212839
vn 0.2857760563268286 0.051785012190508684 0.9568962107473904
vn 0.934120484153126 -0.2681201421068779 0.2356491257826286
vn 0.5530119004129844 -0.6879198628140127 0.47004691292207135
vn 0.01992599911201632 -0.8196849468910031 0.5724679400627438
vn 0.119230026995931 -0.16248903016380184 0.9794802273343637
vn 0.5530119004129844 -0.6879198628140127 0.47004691292207135
vn 0.119230026995931 -0.16248903016380184 0.9794802273343637
vn 0.5743948846988565 -0.2752329423370811 0.770919803795609
vn -0.553011061876526 -0.6879211094468993 0.47004607499642437
vn -0.5743951917529262 -0.2752310989203641 0.770920233148805
vn -0.11923099116947261 -0.16248997783907906 0.9794799527538075
vn -0.553011061876526 -0.6879211094468993 0.47004607499642437
vn -0.11923099116947261 -0.16248997783907906 0.9794799527538075
vn -0.01992899775351474 -0.8196848783495586 0.5724679338212839
vn 0.45639197669611026 -0.0529659970841861 0.8882009720554775
vn 0.699369771578365 -0.572307811511359 0.42818885025827597
vn 0.5530119004129844 -0.6879198628140127 0.47004691292207135
vn 0.45639197669611026 -0.0529659970841861 0.8882009720554775
vn 0.5530119004129844 -0.6879198628140127 0.47004691292207135
vn 0.5743948846988565 -0.2752329423370811 0.770919803795609
vn -0.456390768353361 -0.05296697095776887 0.8882015348722315
vn -0.5743951917529262 -0.2752310989203641 0.770920233148805
vn -0.553011061876526 -0.6879211094468993 0.47004607499642437
vn -0.456390768353361 -0.05296697095776887 0.8882015348722315
vn -0.553011061876526 -0.6879211094468993 0.47004607499642437
vn -0.6993679569013621 -0.5723099247333644 0.4281889897128428
vn 0.22185209453125992 -0.9687404062557666 0.11101204186711078
vn 0.8456846031306977 -0.03198298496774752 0.5327237940060748
vn 0.9345804183764422 -0.3266921247341489 -0.14082505893484076
vn 0.22185209453125992 -0.9687404062557666 0.11101204186711078
vn 0.9345804183764422 -0.3266921247341489 -0.14082505893484076
vn 0.7400040456126984 -0.669530018648145 0.06421500296545937
vn -0.22185092741473428 -0.9687406832058608 0.11101195749586777
vn -0.740001259830088 -0.6695331918409415 0.06421402084563368
vn -0.9345789698997451 -0.32669500031263643 -0.14082800073798443
vn -0.22185092741473428 -0.9687406832058608 0.11101195749586777
vn -0.9345789698997451 -0.32669500031263643 -0.14082800073798443
vn -0.8456848743018788 -0.03198999494847393 0.532722942626101
vn 0.1298770277225479 -0.8201442163420728 0.5572211608245004
vn 0.24960297716433683 0.4595869549749287 0.8523368961904514
vn 0.8456846031306977 -0.03198298496774752 0.5327237940060748
vn 0.1298770277225479 -0.8201442163420728 0.5572211608245004
vn 0.8456846031306977 -0.03198298496774752 0.5327237940060748
vn 0.22185209453125992 -0.9687404062557666 0.11101204186711078
vn -0.12987897014020294 -0.8201427594837521 0.5572228523505623
vn -0.22185092741473428 -0.9687406832058608 0.11101195749586777
vn -0.8456848743018788 -0.03198999494847393 0.532722942626101
vn -0.12987897014020294 -0.8201427594837521 0.5572228523505623
vn -0.8456848743018788 -0.03198999494847393 0.532722942626101
vn -0.24960506501013877 0.45958713688807695 0.8523361866824055
vn 0.7400040456126984 -0.669530018648145 0.06421500296545937
vn 0.9345804183764422 -0.3266921247341489 -0.14082505893484076
vn 0.9940300783013831 -0.08380300719569507 -0.06986601045647767
vn 0.7400040456126984 -0.669530018648145 0.06421500296545937
vn 0.9940300783013831 -0.08380300719569507 -0.06986601045647767
vn 0.9982593904441961 -0.03801301589003269 0.045091019204783735
vn -0.740001259830088 -0.6695331918409415 0.06421402084563368
vn -0.9982595113987556 -0.03801101920083798 0.04509002463108058
vn -0.9940299955618601 -0.08380399617249504 -0.06986600137984805
vn -0.740001259830088 -0.6695331918409415 0.06421402084563368
vn -0.9940299955618601 -0.08380399617249504 -0.06986600137984805
vn -0.9345789698997451 -0.32669500031263643 -0.14082800073798443
vn 0.7839959432710184 -0.21639998723384804 0.5818259245339422
vn 0.45639197669611026 -0.0529659970841861 0.8882009720554775
vn -0.46019397237647397 0.8035039489327627 0.37762800722115036
vn 0.7839959432710184 -0.21639998723384804 0.5818259245339422
vn -0.46019397237647397 0.8035039489327627 0.37762800722115036
vn 0.7630713720631016 0.35390619086267944 0.5408072569842274
vn -0.7839937253558124 -0.21640291930038477 0.5818278225738145
vn -0.7630716385067582 0.35390182507737294 0.5408097379980465
vn 0.46019479906982347 0.8035026240611234 0.3776298187855054
vn -0.7839937253558124 -0.21640291930038477 0.5818278225738145
vn 0.46019479906982347 0.8035026240611234 0.3776298187855054
vn -0.456390768353361 -0.05296697095776887 0.8882015348722315
vn 0.1395439541196141 0.939091706404707 0.3140609046515635
vn 0.376052913567909 0.8065118140394499 0.45620488819376154
vn 0.8456846031306977 -0.03198298496774752 0.5327237940060748
vn 0.1395439541196141 0.939091706404707 0.3140609046515635
vn 0.8456846031306977 -0.03198298496774752 0.5327237940060748
vn 0.24960297716433683 0.4595869549749287 0.8523368961904514
vn -0.13954703542019276 0.9390901944856677 0.31406405640618373
vn -0.24960506501013877 0.45958713688807695 0.8523361866824055
vn -0.8456848743018788 -0.03198999494847393 0.532722942626101
vn -0.13954703542019276 0.9390901944856677 0.31406405640618373
vn -0.8456848743018788 -0.03198999494847393 0.532722942626101
vn -0.3760530590379907 0.8065110911882929 0.4562060461879464
vn 0.901335197479492 -0.30108205074359473 0.3113590539949607
vn 0.8456846031306977 -0.03198298496774752 0.5327237940060748
vn 0.376052913567909 0.8065118140394499 0.45620488819376154
vn 0.901335197479492 -0.30108205074359473 0.3113590539949607
vn 0.376052913567909 0.8065118140394499 0.45620488819376154
vn 0.7572215154353874 -0.17403112248203445 0.6295464597385793
vn -0.901335197479492 -0.30108205074359473 0.3113590539949607
vn -0.7572193333580438 -0.17403407826578077 0.6295482672448396
vn -0.3760530590379907 0.8065110911882929 0.4562060461879464
vn -0.901335197479492 -0.30108205074359473 0.3113590539949607
vn -0.3760530590379907 0.8065110911882929 0.4562060461879464
vn -0.8456848743018788 -0.03198999494847393 0.532722942626101
vn 0.901335197479492 -0.30108205074359473 0.3113590539949607
vn 0.7572215154353874 -0.17403112248203445 0.6295464597385793
vn 0.7213899283261602 0.604613942192379 0.33769594640174183
vn 0.901335197479492 -0.30108205074359473 0.3113590539949607
vn 0.7213899283261602 0.604613942192379 0.33769594640174183
vn 0.7035446713870597 0.3927478464812339 0.5922617870901576
vn -0.901335197479492 -0.30108205074359473 0.3113590539949607
vn -0.7035468299252132 0.3927469297384861 0.5922598308877411
vn -0.721390182483374 0.6046141341972351 0.33769505969962305
vn -0.901335197479492 -0.30108205074359473 0.3113590539949607
vn -0.721390182483374 0.6046141341972351 0.33769505969962305
vn -0.7572193333580438 -0.17403407826578077 0.6295482672448396
vn 0.9074530233518008 -0.3645130189476232 0.2089480065168508
vn 0.901335197479492 -0.30108205074359473 0.3113590539949607
vn 0.7035446713870597 0.3927478464812339 0.5922617870901576
vn 0.9074530233518008 -0.3645130189476232 0.2089480065168508
vn 0.7035446713870597 0.3927478464812339 0.5922617870901576
vn 0.7383346734491997 -0.5832137009144707 0.33870885587523397
vn -0.9074522784416752 -0.3645131262450968 0.20895105442672127
vn -0.7383360610918308 -0.5832130114011571 0.33870701826769706
vn -0.7035468299252132 0.3927469297384861 0.5922598308877411
vn -0.9074522784416752 -0.3645131262450968 0.20895105442672127
vn -0.7035468299252132 0.3927469297384861 0.5922598308877411
vn -0.901335197479492 -0.30108205074359473 0.3113590539949607
vn 0.9074530233518008 -0.3645130189476232 0.2089480065168508
vn 0.7383346734491997 -0.5832137009144707 0.33870885587523397
vn 0.715184222576191 -0.5505172097718268 0.4306301539873071
vn 0.9074530233518008 -0.3645130189476232 0.2089480065168508
vn 0.715184222576191 -0.5505172097718268 0.4306301539873071
vn 0.7839959432710184 -0.21639998723384804 0.5818259245339422
vn -0.9074522784416752 -0.3645131262450968 0.20895105442672127
vn -0.7839937253558124 -0.21640291930038477 0.5818278225738145
vn -0.7151846374014659 -0.5505177443606466 0.4306287816310001
vn -0.9074522784416752 -0.3645131262450968 0.20895105442672127
vn -0.7151846374014659 -0.5505177443606466 0.4306287816310001
vn -0.7383360610918308 -0.5832130114011571 0.33870701826769706
vn 0.7839959432710184 -0.21639998723384804 0.5818259245339422
vn 0.715184222576191 -0.5505172097718268 0.4306301539873071
vn 0.699369771578365 -0.572307811511359 0.42818885025827597
vn 0.7839959432710184 -0.21639998723384804 0.5818259245339422
vn 0.699369771578365 -0.572307811511359 0.42818885025827597
vn 0.45639197669611026 -0.0529659970841861 0.8882009720554775
vn -0.7839937253558124 -0.21640291930038477 0.5818278225738145
vn -0.456390768353361 -0.05296697095776887 0.8882015348722315
vn -0.6993679569013621 -0.5723099247333644 0.4281889897128428
vn -0.7839937253558124 -0.21640291930038477 0.5818278225738145
vn -0.6993679569013621 -0.5723099247333644 0.4281889897128428
vn -0.7151846374014659 -0.5505177443606466 0.4306287816310001
vn 0.9074530233518008 -0.3645130189476232 0.2089480065168508
vn 0.7839959432710184 -0.21639998723384804 0.5818259245339422
vn 0.7630713720631016 0.35390619086267944 0.5408072569842274
vn 0.9074530233518008 -0.3645130189476232 0.2089480065168508
vn 0.7630713720631016 0.35390619086267944 0.5408072569842274
vn 0.9940300783013831 -0.08380300719569507 -0.06986601045647767
vn -0.9074522784416752 -0.3645131262450968 0.20895105442672127
vn -0.9940299955618601 -0.08380399617249504 -0.06986600137984805
vn -0.7630716385067582 0.35390182507737294 0.5408097379980465
vn -0.9074522784416752 -0.3645131262450968 0.20895105442672127
vn -0.7630716385067582 0.35390182507737294 0.5408097379980465
vn -0.7839937253558124 -0.21640291930038477 0.5818278225738145
vn 0.9345804183764422 -0.3266921247341489 -0.14082505893484076
vn 0.901335197479492 -0.30108205074359473 0.3113590539949607
vn 0.9074530233518008 -0.3645130189476232 0.2089480065168508
vn 0.9345804183764422 -0.3266921247341489 -0.14082505893484076
vn 0.9074530233518008 -0.3645130189476232 0.2089480065168508
vn 0.9940300783013831 -0.08380300719569507 -0.06986601045647767
vn -0.9345789698997451 -0.32669500031263643 -0.14082800073798443
vn -0.9940299955618601 -0.08380399617249504 -0.06986600137984805
vn -0.9074522784416752 -0.3645131262450968 0.20895105442672127
vn -0.9345789698997451 -0.32669500031263643 -0.14082800073798443
vn -0.9074522784416752 -0.3645131262450968 0.20895105442672127
vn -0.901335197479492 -0.30108205074359473 0.3113590539949607
vn 0.8456846031306977 -0.03198298496774752 0.5327237940060748
vn 0.901335197479492 -0.30108205074359473 0.3113590539949607
vn 0.9345804183764422 -0.3266921247341489 -0.14082505893484076
vn -0.8456848743018788 -0.03198999494847393 0.532722942626101
vn -0.9345789698997451 -0.32669500031263643 -0.14082800073798443
vn -0.901335197479492 -0.30108205074359473 0.3113590539949607
vn 0.715184222576191 -0.5505172097718268 0.4306301539873071
vn 0.5926372327856706 -0.3571941505719925 0.7219372889062425
vn 0.6376439500496881 -0.428924989048982 0.6398699451719557
vn 0.715184222576191 -0.5505172097718268 0.4306301539873071
vn 0.6376439500496881 -0.428924989048982 0.6398699451719557
vn 0.699369771578365 -0.572307811511359 0.42818885025827597
vn -0.7151846374014659 -0.5505177443606466 0.4306287816310001
vn -0.6993679569013621 -0.5723099247333644 0.4281889897128428
vn -0.6376419551653139 -0.42893093072487576 0.6398679501900747
vn -0.7151846374014659 -0.5505177443606466 0.4306287816310001
vn -0.6376419551653139 -0.42893093072487576 0.6398679501900747
vn -0.5926378916728984 -0.3571959406618069 0.721935862336973
vn 0.7383346734491997 -0.5832137009144707 0.33870885587523397
vn 0.5639729514961022 -0.4282849740561682 0.706049921024344
vn 0.5926372327856706 -0.3571941505719925 0.7219372889062425
vn 0.7383346734491997 -0.5832137009144707 0.33870885587523397
vn 0.5926372327856706 -0.3571941505719925 0.7219372889062425
vn 0.715184222576191 -0.5505172097718268 0.4306301539873071
vn -0.7383360610918308 -0.5832130114011571 0.33870701826769706
vn -0.7151846374014659 -0.5505177443606466 0.4306287816310001
vn -0.5926378916728984 -0.3571959406618069 0.721935862336973
vn -0.7383360610918308 -0.5832130114011571 0.33870701826769706
vn -0.5926378916728984 -0.3571959406618069 0.721935862336973
vn -0.5639770468657915 -0.42828600396119215 0.7060460250008455
vn 0.7035446713870597 0.3927478464812339 0.5922617870901576
vn 0.7964156856639071 -0.2088119236141398 0.5675558441114422
vn 0.5639729514961022 -0.4282849740561682 0.706049921024344
vn 0.7035446713870597 0.3927478464812339 0.5922617870901576
vn 0.5639729514961022 -0.4282849740561682 0.706049921024344
vn 0.7383346734491997 -0.5832137009144707 0.33870885587523397
vn -0.7035468299252132 0.3927469297384861 0.5922598308877411
vn -0.7383360610918308 -0.5832130114011571 0.33870701826769706
vn -0.5639770468657915 -0.42828600396119215 0.7060460250008455
vn -0.7035468299252132 0.3927469297384861 0.5922598308877411
vn -0.5639770468657915 -0.42828600396119215 0.7060460250008455
vn -0.7964239976196209 -0.20881500030892122 0.56754304828935
vn 0.7213899283261602 0.604613942192379 0.33769594640174183
vn 0.3502308226540438 0.4671357700491264 0.8118636235253316
vn 0.7964156856639071 -0.2088119236141398 0.5675558441114422
vn 0.7213899283261602 0.604613942192379 0.33769594640174183
vn 0.7964156856639071 -0.2088119236141398 0.5675558441114422
vn 0.7035446713870597 0.3927478464812339 0.5922617870901576
vn -0.721390182483374 0.6046141341972351 0.33769505969962305
vn -0.7035468299252132 0.3927469297384861 0.5922598308877411
vn -0.7964239976196209 -0.20881500030892122 0.56754304828935
vn -0.721390182483374 0.6046141341972351 0.33769505969962305
vn -0.7964239976196209 -0.20881500030892122 0.56754304828935
vn -0.3502309355833949 0.46713695376588754 0.8118628937121751
vn 0.7572215154353874 -0.17403112248203445 0.6295464597385793
vn 0.7629255548240138 0.03066598209583544 0.6457586200265302
vn 0.3502308226540438 0.4671357700491264 0.8118636235253316
vn 0.7572215154353874 -0.17403112248203445 0.6295464597385793
vn 0.3502308226540438 0.4671357700491264 0.8118636235253316
vn 0.7213899283261602 0.604613942192379 0.33769594640174183
vn -0.7572193333580438 -0.17403407826578077 0.6295482672448396
vn -0.721390182483374 0.6046141341972351 0.33769505969962305
vn -0.3502309355833949 0.46713695376588754 0.8118628937121751
vn -0.7572193333580438 -0.17403407826578077 0.6295482672448396
vn -0.3502309355833949 0.46713695376588754 0.8118628937121751
vn -0.7629262208961861 0.0306580103934746 0.6457582116146704
vn 0.376052913567909 0.8065118140394499 0.45620488819376154
vn 0.5323358233173165 -0.0547529837189187 0.8447607246948394
vn 0.7629255548240138 0.03066598209583544 0.6457586200265302
vn 0.376052913567909 0.8065118140394499 0.45620488819376154
vn 0.7629255548240138 0.03066598209583544 0.6457586200265302
vn 0.7572215154353874 -0.17403112248203445 0.6295464597385793
vn -0.3760530590379907 0.8065110911882929 0.4562060461879464
vn -0.7572193333580438 -0.17403407826578077 0.6295482672448396
vn -0.7629262208961861 0.0306580103934746 0.6457582116146704
vn -0.3760530590379907 0.8065110911882929 0.4562060461879464
vn -0.7629262208961861 0.0306580103934746 0.6457582116146704
vn -0.5323379767568907 -0.054775995626791175 0.8447578758469635
vn 0.1395439541196141 0.939091706404707 0.3140609046515635
vn 0.1465299591370762 0.8415157880234452 0.5199809127098481
vn 0.5323358233173165 -0.0547529837189187 0.8447607246948394
vn 0.1395439541196141 0.939091706404707 0.3140609046515635
vn 0.5323358233173165 -0.0547529837189187 0.8447607246948394
vn 0.376052913567909 0.8065118140394499 0.45620488819376154
vn -0.13954703542019276 0.9390901944856677 0.31406405640618373
vn -0.3760530590379907 0.8065110911882929 0.4562060461879464
vn -0.5323379767568907 -0.054775995626791175 0.8447578758469635
vn -0.13954703542019276 0.9390901944856677 0.31406405640618373
vn -0.5323379767568907 -0.054775995626791175 0.8447578758469635
vn -0.14653597846619212 0.8415128631458331 0.5199839499206281
vn 0.699369771578365 -0.572307811511359 0.42818885025827597
vn 0.6376439500496881 -0.428924989048982 0.6398699451719557
vn 0.47072491127509236 -0.29793092657656706 0.8304548277265204
vn 0.699369771578365 -0.572307811511359 0.42818885025827597
vn 0.47072491127509236 -0.29793092657656706 0.8304548277265204
vn 0.5530119004129844 -0.6879198628140127 0.47004691292207135
vn -0.6993679569013621 -0.5723099247333644 0.4281889897128428
vn -0.553011061876526 -0.6879211094468993 0.47004607499642437
vn -0.47072407915808845 -0.29793405730655126 0.8304541762178249
vn -0.6993679569013621 -0.5723099247333644 0.4281889897128428
vn -0.47072407915808845 -0.29793405730655126 0.8304541762178249
vn -0.6376419551653139 -0.42893093072487576 0.6398679501900747
vn 0.5530119004129844 -0.6879198628140127 0.47004691292207135
vn 0.47072491127509236 -0.29793092657656706 0.8304548277265204
vn -0.006657002486903246 -0.33970811928197725 0.9405073513863628
vn 0.5530119004129844 -0.6879198628140127 0.47004691292207135
vn -0.006657002486903246 -0.33970811928197725 0.9405073513863628
vn 0.01992599911201632 -0.8196849468910031 0.5724679400627438
vn -0.553011061876526 -0.6879211094468993 0.47004607499642437
vn -0.01992899775351474 -0.8196848783495586 0.5724679338212839
vn 0.00665100020036001 -0.33971199805024566 0.9405059928448327
vn -0.553011061876526 -0.6879211094468993 0.47004607499642437
vn 0.00665100020036001 -0.33971199805024566 0.9405059928448327
vn -0.47072407915808845 -0.29793405730655126 0.8304541762178249
vn 0.01992599911201632 -0.8196849468910031 0.5724679400627438
vn -0.006657002486903246 -0.33970811928197725 0.9405073513863628
vn -0.597652923107818 -0.5394250253488705 0.5931539644376081
vn 0.01992599911201632 -0.8196849468910031 0.5724679400627438
vn -0.597652923107818 -0.5394250253488705 0.5931539644376081
vn -0.9341203577887741 -0.2681171002162779 0.23565308768651289
vn -0.01992899775351474 -0.8196848783495586 0.5724679338212839
vn 0.934120484153126 -0.2681201421068779 0.2356491257826286
vn 0.5976511964469864 -0.5394321795977313 0.5931491979257214
vn -0.01992899775351474 -0.8196848783495586 0.5724679338212839
vn 0.5976511964469864 -0.5394321795977313 0.5931491979257214
vn 0.00665100020036001 -0.33971199805024566 0.9405059928448327
vn -0.9341203577887741 -0.2681171002162779 0.23565308768651289
vn -0.597652923107818 -0.5394250253488705 0.5931539644376081
vn -0.3520390313044973 0.49490602703757913 0.7944410266596696
vn -0.9341203577887741 -0.2681171002162779 0.23565308768651289
vn -0.3520390313044973 0.49490602703757913 0.7944410266596696
vn -0.8548748610266556 0.517360873154861 0.03907299467786109
vn 0.934120484153126 -0.2681201421068779 0.2356491257826286
vn 0.8548749737792526 0.5173609884566315 0.03906900087152636
vn 0.3520420209484906 0.4949070237455035 0.7944390809457136
vn 0.934120484153126 -0.2681201421068779 0.2356491257826286
vn 0.3520420209484906 0.4949070237455035 0.7944390809457136
vn 0.5976511964469864 -0.5394321795977313 0.5931491979257214
vn -0.8548748610266556 0.517360873154861 0.03907299467786109
vn -0.3520390313044973 0.49490602703757913 0.7944410266596696
vn 0.2747529105401499 0.7243488315889056 0.6323208112386495
vn -0.8548748610266556 0.517360873154861 0.03907299467786109
vn 0.2747529105401499 0.7243488315889056 0.6323208112386495
vn -0.25612199570121463 0.9446770050012254 0.20490700217401406
vn 0.8548749737792526 0.5173609884566315 0.03906900087152636
vn 0.25612199570121463 0.9446770050012254 0.20490700217401406
vn -0.2747529105401499 0.7243488315889056 0.6323208112386495
vn 0.8548749737792526 0.5173609884566315 0.03906900087152636
vn -0.2747529105401499 0.7243488315889056 0.6323208112386495
vn 0.3520420209484906 0.4949070237455035 0.7944390809457136
vn -0.25612199570121463 0.9446770050012254 0.20490700217401406
vn 0.2747529105401499 0.7243488315889056 0.6323208112386495
vn 0.1465299591370762 0.8415157880234452 0.5199809127098481
vn -0.25612199570121463 0.9446770050012254 0.20490700217401406
vn 0.1465299591370762 0.8415157880234452 0.5199809127098481
vn 0.1395439541196141 0.939091706404707 0.3140609046515635
vn 0.25612199570121463 0.9446770050012254 0.20490700217401406
vn -0.13954703542019276 0.9390901944856677 0.31406405640618373
vn -0.14653597846619212 0.8415128631458331 0.5199839499206281
vn 0.25612199570121463 0.9446770050012254 0.20490700217401406
vn -0.14653597846619212 0.8415128631458331 0.5199839499206281
vn -0.2747529105401499 0.7243488315889056 0.6323208112386495
vn 0.7629255548240138 0.03066598209583544 0.6457586200265302
vn 0.2800020588668777 0.07055401835186345 0.9574032470828133
vn 0.2205830664333142 0.0013570003216976697 0.9753672484520911
vn 0.7629255548240138 0.03066598209583544 0.6457586200265302
vn 0.2205830664333142 0.0013570003216976697 0.9753672484520911
vn 0.3502308226540438 0.4671357700491264 0.8118636235253316
vn -0.7629262208961861 0.0306580103934746 0.6457582116146704
vn -0.3502309355833949 0.46713695376588754 0.8118628937121751
vn -0.2205818685238048 0.0013559992305879778 0.9753675207554503
vn -0.7629262208961861 0.0306580103934746 0.6457582116146704
vn -0.2205818685238048 0.0013559992305879778 0.9753675207554503
vn -0.2800070944400579 0.07054702199983345 0.9574022899232023
vn 0.2800020588668777 0.07055401835186345 0.9574032470828133
vn 0.4206290501372426 -0.03817700184280659 0.906429102969965
vn 0.316494890020512 0.002596999117848124 0.9485906599721958
vn 0.2800020588668777 0.07055401835186345 0.9574032470828133
vn 0.316494890020512 0.002596999117848124 0.9485906599721958
vn 0.2205830664333142 0.0013570003216976697 0.9753672484520911
vn -0.2800070944400579 0.07054702199983345 0.9574022899232023
vn -0.2205818685238048 0.0013559992305879778 0.9753675207554503
vn -0.316494890020512 0.002596999117848124 0.9485906599721958
vn -0.2800070944400579 0.07054702199983345 0.9574022899232023
vn -0.316494890020512 0.002596999117848124 0.9485906599721958
vn -0.4206290322409564 -0.03817800502652727 0.9064290690220782
vn 0.4206290501372426 -0.03817700184280659 0.906429102969965
vn 0.39513614722062795 -0.21007607849774568 0.8942792999967334
vn 0.2953599632864165 0.08586199411483904 0.951519947270718
vn 0.4206290501372426 -0.03817700184280659 0.906429102969965
vn 0.2953599632864165 0.08586199411483904 0.951519947270718
vn 0.316494890020512 0.002596999117848124 0.9485906599721958
vn -0.4206290322409564 -0.03817800502652727 0.9064290690220782
vn -0.316494890020512 0.002596999117848124 0.9485906599721958
vn -0.2953590168569949 0.08586300949991814 0.9515201494245334
vn -0.4206290322409564 -0.03817800502652727 0.9064290690220782
vn -0.2953590168569949 0.08586300949991814 0.9515201494245334
vn -0.39513516450119024 -0.2100730986680751 0.8942804341986974
vn 0.39513614722062795 -0.21007607849774568 0.8942792999967334
vn 0.4118771532388445 -0.00003300001100622121 0.9112393810359959
vn 0.33612588723351317 0.2978209018943103 0.8934887231108982
vn 0.39513614722062795 -0.21007607849774568 0.8942792999967334
vn 0.33612588723351317 0.2978209018943103 0.8934887231108982
vn 0.2953599632864165 0.08586199411483904 0.951519947270718
vn -0.39513516450119024 -0.2100730986680751 0.8942804341986974
vn -0.2953590168569949 0.08586300949991814 0.9515201494245334
vn -0.336126887465843 0.29781987705555074 0.8934886884304363
vn -0.39513516450119024 -0.2100730986680751 0.8942804341986974
vn -0.336126887465843 0.29781987705555074 0.8934886884304363
vn -0.41187798038051454 -0.000031999999189790406 0.9112390072059408
vn 0.6376439500496881 -0.428924989048982 0.6398699451719557
vn 0.2953599632864165 0.08586199411483904 0.951519947270718
vn 0.33612588723351317 0.2978209018943103 0.8934887231108982
vn 0.6376439500496881 -0.428924989048982 0.6398699451719557
vn 0.33612588723351317 0.2978209018943103 0.8934887231108982
vn 0.47072491127509236 -0.29793092657656706 0.8304548277265204
vn -0.6376419551653139 -0.42893093072487576 0.6398679501900747
vn -0.47072407915808845 -0.29793405730655126 0.8304541762178249
vn -0.336126887465843 0.29781987705555074 0.8934886884304363
vn -0.6376419551653139 -0.42893093072487576 0.6398679501900747
vn -0.336126887465843 0.29781987705555074 0.8934886884304363
vn -0.2953590168569949 0.08586300949991814 0.9515201494245334
vn 0.316494890020512 0.002596999117848124 0.9485906599721958
vn 0.2953599632864165 0.08586199411483904 0.951519947270718
vn 0.6376439500496881 -0.428924989048982 0.6398699451719557
vn 0.316494890020512 0.002596999117848124 0.9485906599721958
vn 0.6376439500496881 -0.428924989048982 0.6398699451719557
vn 0.5926372327856706 -0.3571941505719925 0.7219372889062425
vn -0.316494890020512 0.002596999117848124 0.9485906599721958
vn -0.5926378916728984 -0.3571959406618069 0.721935862336973
vn -0.6376419551653139 -0.42893093072487576 0.6398679501900747
vn -0.316494890020512 0.002596999117848124 0.9485906599721958
vn -0.6376419551653139 -0.42893093072487576 0.6398679501900747
vn -0.2953590168569949 0.08586300949991814 0.9515201494245334
vn 0.5639729514961022 -0.4282849740561682 0.706049921024344
vn 0.2205830664333142 0.0013570003216976697 0.9753672484520911
vn 0.316494890020512 0.002596999117848124 0.9485906599721958
vn 0.5639729514961022 -0.4282849740561682 0.706049921024344
vn 0.316494890020512 0.002596999117848124 0.9485906599721958
vn 0.5926372327856706 -0.3571941505719925 0.7219372889062425
vn -0.5639770468657915 -0.42828600396119215 0.7060460250008455
vn -0.5926378916728984 -0.3571959406618069 0.721935862336973
vn -0.316494890020512 0.002596999117848124 0.9485906599721958
vn -0.5639770468657915 -0.42828600396119215 0.7060460250008455
vn -0.316494890020512 0.002596999117848124 0.9485906599721958
vn -0.2205818685238048 0.0013559992305879778 0.9753675207554503
vn 0.2205830664333142 0.0013570003216976697 0.9753672484520911
vn 0.5639729514961022 -0.4282849740561682 0.706049921024344
vn 0.7964156856639071 -0.2088119236141398 0.5675558441114422
vn 0.2205830664333142 0.0013570003216976697 0.9753672484520911
vn 0.7964156856639071 -0.2088119236141398 0.5675558441114422
vn 0.3502308226540438 0.4671357700491264 0.8118636235253316
vn -0.2205818685238048 0.0013559992305879778 0.9753675207554503
vn -0.3502309355833949 0.46713695376588754 0.8118628937121751
vn -0.7964239976196209 -0.20881500030892122 0.56754304828935
vn -0.2205818685238048 0.0013559992305879778 0.9753675207554503
vn -0.7964239976196209 -0.20881500030892122 0.56754304828935
vn -0.5639770468657915 -0.42828600396119215 0.7060460250008455
vn 0.1465299591370762 0.8415157880234452 0.5199809127098481
vn 0.2800020588668777 0.07055401835186345 0.9574032470828133
vn 0.7629255548240138 0.03066598209583544 0.6457586200265302
vn 0.1465299591370762 0.8415157880234452 0.5199809127098481
vn 0.7629255548240138 0.03066598209583544 0.6457586200265302
vn 0.5323358233173165 -0.0547529837189187 0.8447607246948394
vn -0.14653597846619212 0.8415128631458331 0.5199839499206281
vn -0.5323379767568907 -0.054775995626791175 0.8447578758469635
vn -0.7629262208961861 0.0306580103934746 0.6457582116146704
vn -0.14653597846619212 0.8415128631458331 0.5199839499206281
vn -0.7629262208961861 0.0306580103934746 0.6457582116146704
vn -0.2800070944400579 0.07054702199983345 0.9574022899232023
vn 0.4206290501372426 -0.03817700184280659 0.906429102969965
vn 0.2800020588668777 0.07055401835186345 0.9574032470828133
vn 0.1465299591370762 0.8415157880234452 0.5199809127098481
vn 0.4206290501372426 -0.03817700184280659 0.906429102969965
vn 0.1465299591370762 0.8415157880234452 0.5199809127098481
vn 0.2747529105401499 0.7243488315889056 0.6323208112386495
vn -0.4206290322409564 -0.03817800502652727 0.9064290690220782
vn -0.2747529105401499 0.7243488315889056 0.6323208112386495
vn -0.14653597846619212 0.8415128631458331 0.5199839499206281
vn -0.4206290322409564 -0.03817800502652727 0.9064290690220782
vn -0.14653597846619212 0.8415128631458331 0.5199839499206281
vn -0.2800070944400579 0.07054702199983345 0.9574022899232023
vn 0.39513614722062795 -0.21007607849774568 0.8942792999967334
vn 0.4206290501372426 -0.03817700184280659 0.906429102969965
vn 0.2747529105401499 0.7243488315889056 0.6323208112386495
vn 0.39513614722062795 -0.21007607849774568 0.8942792999967334
vn 0.2747529105401499 0.7243488315889056 0.6323208112386495
vn -0.3520390313044973 0.49490602703757913 0.7944410266596696
vn -0.39513516450119024 -0.2100730986680751 0.8942804341986974
vn 0.3520420209484906 0.4949070237455035 0.7944390809457136
vn -0.2747529105401499 0.7243488315889056 0.6323208112386495
vn -0.39513516450119024 -0.2100730986680751 0.8942804341986974
vn -0.2747529105401499 0.7243488315889056 0.6323208112386495
vn -0.4206290322409564 -0.03817800502652727 0.9064290690220782
vn 0.4118771532388445 -0.00003300001100622121 0.9112393810359959
vn 0.39513614722062795 -0.21007607849774568 0.8942792999967334
vn -0.3520390313044973 0.49490602703757913 0.7944410266596696
vn 0.4118771532388445 -0.00003300001100622121 0.9112393810359959
vn -0.3520390313044973 0.49490602703757913 0.7944410266596696
vn -0.597652923107818 -0.5394250253488705 0.5931539644376081
vn -0.41187798038051454 -0.000031999999189790406 0.9112390072059408
vn 0.5976511964469864 -0.5394321795977313 0.5931491979257214
vn 0.3520420209484906 0.4949070237455035 0.7944390809457136
vn -0.41187798038051454 -0.000031999999189790406 0.9112390072059408
vn 0.3520420209484906 0.4949070237455035 0.7944390809457136
vn -0.39513516450119024 -0.2100730986680751 0.8942804341986974
vn 0.33612588723351317 0.2978209018943103 0.8934887231108982
vn 0.4118771532388445 -0.00003300001100622121 0.9112393810359959
vn -0.597652923107818 -0.5394250253488705 0.5931539644376081
vn 0.33612588723351317 0.2978209018943103 0.8934887231108982
vn -0.597652923107818 -0.5394250253488705 0.5931539644376081
vn -0.006657002486903246 -0.33970811928197725 0.9405073513863628
vn -0.336126887465843 0.29781987705555074 0.8934886884304363
vn 0.00665100020036001 -0.33971199805024566 0.9405059928448327
vn 0.5976511964469864 -0.5394321795977313 0.5931491979257214
vn -0.336126887465843 0.29781987705555074 0.8934886884304363
vn 0.5976511964469864 -0.5394321795977313 0.5931491979257214
vn -0.41187798038051454 -0.000031999999189790406 0.9112390072059408
vn 0.33612588723351317 0.2978209018943103 0.8934887231108982
vn -0.006657002486903246 -0.33970811928197725 0.9405073513863628
vn 0.47072491127509236 -0.29793092657656706 0.8304548277265204
vn -0.336126887465843 0.29781987705555074 0.8934886884304363
vn -0.47072407915808845 -0.29793405730655126 0.8304541762178249
vn 0.00665100020036001 -0.33971199805024566 0.9405059928448327
vn 0.1298770277225479 -0.8201442163420728 0.5572211608245004
vn -0.03536902061517067 -0.7321594494067627 -0.6802143581438942
vn 0.10397603433385556 -0.8283712920158284 -0.5504452623542436
vn 0.1298770277225479 -0.8201442163420728 0.5572211608245004
vn 0.10397603433385556 -0.8283712920158284 -0.5504452623542436
vn 0.5034728695002876 -0.7280448149567041 0.4652588710511648
vn -0.12987897014020294 -0.8201427594837521 0.5572228523505623
vn -0.5034749955699358 -0.7280419850549948 0.4652609986158693
vn -0.10397703046326351 -0.8283712144984878 -0.5504451908467741
vn -0.12987897014020294 -0.8201427594837521 0.5572228523505623
vn -0.10397703046326351 -0.8283712144984878 -0.5504451908467741
vn 0.03536699800284002 -0.7321599308053429 -0.6802139451491587
vn 0.5034728695002876 -0.7280448149567041 0.4652588710511648
vn 0.10397603433385556 -0.8283712920158284 -0.5504452623542436
vn 0.6587817834318161 -0.39248488338754706 -0.6418427986124478
vn 0.5034728695002876 -0.7280448149567041 0.4652588710511648
vn 0.6587817834318161 -0.39248488338754706 -0.6418427986124478
vn 0.6348470672523848 -0.434173062798795 0.6391110644801574
vn -0.5034749955699358 -0.7280419850549948 0.4652609986158693
vn -0.6348477803061816 -0.4341738659555983 0.6391098105658247
vn -0.6587807005005039 -0.3924868145523681 -0.641842729218459
vn -0.5034749955699358 -0.7280419850549948 0.4652609986158693
vn -0.6587807005005039 -0.3924868145523681 -0.641842729218459
vn -0.10397703046326351 -0.8283712144984878 -0.5504451908467741
vn 0.6348470672523848 -0.434173062798795 0.6391110644801574
vn 0.6587817834318161 -0.39248488338754706 -0.6418427986124478
vn 0.9388170650065684 0.26706000626910076 -0.21748901467430592
vn 0.6348470672523848 -0.434173062798795 0.6391110644801574
vn 0.9388170650065684 0.26706000626910076 -0.21748901467430592
vn 0.7132457230707753 -0.0006619997193916862 0.7009137609418283
vn -0.6348477803061816 -0.4341738659555983 0.6391098105658247
vn -0.7132452206722036 -0.0006630002242754483 0.7009142712336239
vn -0.9388162872640012 0.26706107833279785 -0.21749105546564299
vn -0.6348477803061816 -0.4341738659555983 0.6391098105658247
vn -0.9388162872640012 0.26706107833279785 -0.21749105546564299
vn -0.6587807005005039 -0.3924868145523681 -0.641842729218459
vn 0.7132457230707753 -0.0006619997193916862 0.7009137609418283
vn 0.9388170650065684 0.26706000626910076 -0.21748901467430592
vn 0.1587549556489742 0.6891248050210351 -0.7070388017369433
vn 0.7132457230707753 -0.0006619997193916862 0.7009137609418283
vn 0.1587549556489742 0.6891248050210351 -0.7070388017369433
vn 0.5822669658018551 0.5697489775622524 0.5799580011541089
vn -0.7132452206722036 -0.0006630002242754483 0.7009142712336239
vn -0.5822659599079179 0.5697499980674235 0.5799580085098247
vn -0.15875202804776076 0.6891251374565149 -0.7070391350669794
vn -0.7132452206722036 -0.0006630002242754483 0.7009142712336239
vn -0.15875202804776076 0.6891251374565149 -0.7070391350669794
vn -0.9388162872640012 0.26706107833279785 -0.21749105546564299
vn 0.5822669658018551 0.5697489775622524 0.5799580011541089
vn 0.1587549556489742 0.6891248050210351 -0.7070388017369433
vn -0.4703710269747322 0.4672960234210266 -0.7485890217453306
vn 0.5822669658018551 0.5697489775622524 0.5799580011541089
vn -0.4703710269747322 0.4672960234210266 -0.7485890217453306
vn 0.15024405682821312 0.7991253118957417 0.5820871577997012
vn -0.5822659599079179 0.5697499980674235 0.5799580085098247
vn -0.15024594666515217 0.7991237482901804 0.5820888166159391
vn 0.4703702285622173 0.4672962382466032 -0.7485893893202743
vn -0.5822659599079179 0.5697499980674235 0.5799580085098247
vn 0.4703702285622173 0.4672962382466032 -0.7485893893202743
vn -0.15875202804776076 0.6891251374565149 -0.7070391350669794
vn 0.15024405682821312 0.7991253118957417 0.5820871577997012
vn -0.4703710269747322 0.4672960234210266 -0.7485890217453306
vn -0.48887702790470483 0.5157269832073702 -0.7035800809992331
vn 0.15024405682821312 0.7991253118957417 0.5820871577997012
vn -0.48887702790470483 0.5157269832073702 -0.7035800809992331
vn -0.46019397237647397 0.8035039489327627 0.37762800722115036
vn -0.15024594666515217 0.7991237482901804 0.5820888166159391
vn 0.46019479906982347 0.8035026240611234 0.3776298187855054
vn 0.48887803945587405 0.5157260277103771 -0.7035800785126425
vn -0.15024594666515217 0.7991237482901804 0.5820888166159391
vn 0.48887803945587405 0.5157260277103771 -0.7035800785126425
vn 0.4703702285622173 0.4672962382466032 -0.7485893893202743
vn 0.10397603433385556 -0.8283712920158284 -0.5504452623542436
vn -0.03536902061517067 -0.7321594494067627 -0.6802143581438942
vn -0.48887702790470483 0.5157269832073702 -0.7035800809992331
vn 0.10397603433385556 -0.8283712920158284 -0.5504452623542436
vn -0.48887702790470483 0.5157269832073702 -0.7035800809992331
vn -0.4703710269747322 0.4672960234210266 -0.7485890217453306
vn -0.10397703046326351 -0.8283712144984878 -0.5504451908467741
vn 0.4703702285622173 0.4672962382466032 -0.7485893893202743
vn 0.48887803945587405 0.5157260277103771 -0.7035800785126425
vn -0.10397703046326351 -0.8283712144984878 -0.5504451908467741
vn 0.48887803945587405 0.5157260277103771 -0.7035800785126425
vn 0.03536699800284002 -0.7321599308053429 -0.6802139451491587
vn 0.1587549556489742 0.6891248050210351 -0.7070388017369433
vn 0.6587817834318161 -0.39248488338754706 -0.6418427986124478
vn 0.10397603433385556 -0.8283712920158284 -0.5504452623542436
vn 0.1587549556489742 0.6891248050210351 -0.7070388017369433
vn 0.10397603433385556 -0.8283712920158284 -0.5504452623542436
vn -0.4703710269747322 0.4672960234210266 -0.7485890217453306
vn -0.15875202804776076 0.6891251374565149 -0.7070391350669794
vn 0.4703702285622173 0.4672962382466032 -0.7485893893202743
vn -0.10397703046326351 -0.8283712144984878 -0.5504451908467741
vn -0.15875202804776076 0.6891251374565149 -0.7070391350669794
vn -0.10397703046326351 -0.8283712144984878 -0.5504451908467741
vn -0.6587807005005039 -0.3924868145523681 -0.641842729218459
vn 0.9388170650065684 0.26706000626910076 -0.21748901467430592
vn 0.6587817834318161 -0.39248488338754706 -0.6418427986124478
vn 0.1587549556489742 0.6891248050210351 -0.7070388017369433
vn -0.9388162872640012 0.26706107833279785 -0.21749105546564299
vn -0.15875202804776076 0.6891251374565149 -0.7070391350669794
vn -0.6587807005005039 -0.3924868145523681 -0.641842729218459
vn 0.7630713720631016 0.35390619086267944 0.5408072569842274
vn -0.46019397237647397 0.8035039489327627 0.37762800722115036
vn -0.48887702790470483 0.5157269832073702 -0.7035800809992331
vn 0.7630713720631016 0.35390619086267944 0.5408072569842274
vn -0.48887702790470483 0.5157269832073702 -0.7035800809992331
vn 0.6361861295715642 0.10350601483740754 -0.7645611247200783
vn -0.7630716385067582 0.35390182507737294 0.5408097379980465
vn -0.6361861295715642 0.10350601483740754 -0.7645611247200783
vn 0.48887803945587405 0.5157260277103771 -0.7035800785126425
vn -0.7630716385067582 0.35390182507737294 0.5408097379980465
vn 0.48887803945587405 0.5157260277103771 -0.7035800785126425
vn 0.46019479906982347 0.8035026240611234 0.3776298187855054
vn -0.48887702790470483 0.5157269832073702 -0.7035800809992331
vn -0.03536902061517067 -0.7321594494067627 -0.6802143581438942
vn 0.342728885603686 -0.6737247756090955 -0.6546998073188424
vn -0.48887702790470483 0.5157269832073702 -0.7035800809992331
vn 0.342728885603686 -0.6737247756090955 -0.6546998073188424
vn 0.6361861295715642 0.10350601483740754 -0.7645611247200783
vn 0.48887803945587405 0.5157260277103771 -0.7035800785126425
vn -0.6361861295715642 0.10350601483740754 -0.7645611247200783
vn -0.3427291196563206 -0.6737252438638287 -0.6546992029323299
vn 0.48887803945587405 0.5157260277103771 -0.7035800785126425
vn -0.3427291196563206 -0.6737252438638287 -0.6546992029323299
vn 0.03536699800284002 -0.7321599308053429 -0.6802139451491587
vn 0.342728885603686 -0.6737247756090955 -0.6546998073188424
vn -0.03536902061517067 -0.7321594494067627 -0.6802143581438942
vn 0.1298770277225479 -0.8201442163420728 0.5572211608245004
vn 0.342728885603686 -0.6737247756090955 -0.6546998073188424
vn 0.1298770277225479 -0.8201442163420728 0.5572211608245004
vn 0.22185209453125992 -0.9687404062557666 0.11101204186711078
vn -0.3427291196563206 -0.6737252438638287 -0.6546992029323299
vn -0.22185092741473428 -0.9687406832058608 0.11101195749586777
vn -0.12987897014020294 -0.8201427594837521 0.5572228523505623
vn -0.3427291196563206 -0.6737252438638287 -0.6546992029323299
vn -0.12987897014020294 -0.8201427594837521 0.5572228523505623
vn 0.03536699800284002 -0.7321599308053429 -0.6802139451491587
f 1//1 2//2 3//3
f 4//4 5//5 6//6
f 7//7 8//8 9//9
f 10//10 11//11 12//12
f 13//13 14//14 15//15
f 16//16 17//17 18//18
f 19//19 20//20 21//21
f 22//22 23//23 24//24
f 25//25 26//26 27//27
f 28//28 29//29 30//30
f 31//31 32//32 33//33
f 34//34 35//35 36//36
f 37//37 38//38 39//39
f 40//40 41//41 42//42
f 43//43 44//44 45//45
f 46//46 47//47 48//48
f 49//49 50//50 51//51
f 52//52 53//53 54//54
f 55//55 56//56 57//57
f 58//58 59//59 60//60
f 61//61 62//62 63//63
f 64//64 65//65 66//66
f 67//67 68//68 69//69
f 70//70 71//71 72//72
f 73//73 74//74 75//75
f 76//76 77//77 78//78
f 79//79 80//80 81//81
f 82//82 83//83 84//84
f 85//85 86//86 87//87
f 88//88 89//89 90//90
f 91//91 92//92 93//93
f 94//94 95//95 96//96
f 97//97 98//98 99//99
f 100//100 101//101 102//102
f 103//103 104//104 105//105
f 106//106 107//107 108//108
f 109//109 110//110 111//111
f 112//112 113//113 114//114
f 115//115 116//116 117//117
f 118//118 119//119 120//120
f 121//121 122//122 123//123
f 124//124 125//125 126//126
f 127//127 128//128 129//129
f 130//130 131//131 132//132
f 133//133 134//134 135//135
f 136//136 137//137 138//138
f 139//139 140//140 141//141
f 142//142 143//143 144//144
f 145//145 146//146 147//147
f 148//148 149//149 150//150
f 151//151 152//152 153//153
f 154//154 155//155 156//156
f 157//157 158//158 159//159
f 160//160 161//161 162//162
f 163//163 164//164 165//165
f 166//166 167//167 168//168
f 169//169 170//170 171//171
f 172//172 173//173 174//174
f 175//175 176//176 177//177
f 178//178 179//179 180//180
f 181//181 182//182 183//183
f 184//184 185//185 186//186
f 187//187 188//188 189//189
f 190//190 191//191 192//192
f 193//193 194//194 195//195
f 196//196 197//197 198//198
f 199//199 200//200 201//201
f 202//202 203//203 204//204
f 205//205 206//206 207//207
f 208//208 209//209 210//210
f 211//211 212//212 213//213
f 214//214 215//215 216//216
f 217//217 218//218 219//219
f 220//220 221//221 222//222
f 223//223 224//224 225//225
f 226//226 227//227 228//228
f 229//229 230//230 231//231
f 232//232 233//233 234//234
f 235//235 236//236 237//237
f 238//238 239//239 240//240
f 241//241 242//242 243//243
f 244//244 245//245 246//246
f 247//247 248//248 249//249
f 250//250 251//251 252//252
f 253//253 254//254 255//255
f 256//256 257//257 258//258
f 259//259 260//260 261//261
f 262//262 263//263 264//264
f 265//265 266//266 267//267
f 268//268 269//269 270//270
f 271//271 272//272 273//273
f 274//274 275//275 276//276
f 277//277 278//278 279//279
f 280//280 281//281 282//282
f 283//283 284//284 285//285
f 286//286 287//287 288//288
f 289//289 290//290 291//291
f 292//292 293//293 294//294
f 295//295 296//296 297//297
f 298//298 299//299 300//300
f 301//301 302//302 303//303
f 304//304 305//305 306//306
f 307//307 308//308 309//309
f 310//310 311//311 312//312
f 313//313 314//314 315//315
f 316//316 317//317 318//318
f 319//319 320//320 321//321
f 322//322 323//323 324//324
f 325//325 326//326 327//327
f 328//328 329//329 330//330
f 331//331 332//332 333//333
f 334//334 335//335 336//336
f 337//337 338//338 339//339
f 340//340 341//341 342//342
f 343//343 344//344 345//345
f 346//346 347//347 348//348
f 349//349 350//350 351//351
f 352//352 353//353 354//354
f 355//355 356//356 357//357
f 358//358 359//359 360//360
f 361//361 362//362 363//363
f 364//364 365//365 366//366
f 367//367 368//368 369//369
f 370//370 371//371 372//372
f 373//373 374//374 375//375
f 376//376 377//377 378//378
f 379//379 380//380 381//381
f 382//382 383//383 384//384
f 385//385 386//386 387//387
f 388//388 389//389 390//390
f 391//391 392//392 393//393
f 394//394 395//395 396//396
f 397//397 398//398 399//399
f 400//400 401//401 402//402
f 403//403 404//404 405//405
f 406//406 407//407 408//408
f 409//409 410//410 411//411
f 412//412 413//413 414//414
f 415//415 416//416 417//417
f 418//418 419//419 420//420
f 421//421 422//422 423//423
f 424//424 425//425 426//426
f 427//427 428//428 429//429
f 430//430 431//431 432//432
f 433//433 434//434 435//435
f 436//436 437//437 438//438
f 439//439 440//440 441//441
f 442//442 443//443 444//444
f 445//445 446//446 447//447
f 448//448 449//449 450//450
f 451//451 452//452 453//453
f 454//454 455//455 456//456
f 457//457 458//458 459//459
f 460//460 461//461 462//462
f 463//463 464//464 465//465
f 466//466 467//467 468//468
f 469//469 470//470 471//471
f 472//472 473//473 474//474
f 475//475 476//476 477//477
f 478//478 479//479 480//480
f 481//481 482//482 483//483
f 484//484 485//485 486//486
f 487//487 488//488 489//489
f 490//490 491//491 492//492
f 493//493 494//494 495//495
f 496//496 497//497 498//498
f 499//499 500//500 501//501
f 502//502 503//503 504//504
f 505//505 506//506 507//507
f 508//508 509//509 510//510
f 511//511 512//512 513//513
f 514//514 515//515 516//516
f 517//517 518//518 519//519
f 520//520 521//521 522//522
f 523//523 524//524 525//525
f 526//526 527//527 528//528
f 529//529 530//530 531//531
f 532//532 533//533 534//534
f 535//535 536//536 537//537
f 538//538 539//539 540//540
f 541//541 542//542 543//543
f 544//544 545//545 546//546
f 547//547 548//548 549//549
f 550//550 551//551 552//552
f 553//553 554//554 555//555
f 556//556 557//557 558//558
f 559//559 560//560 561//561
f 562//562 563//563 564//564
f 565//565 566//566 567//567
f 568//568 569//569 570//570
f 571//571 572//572 573//573
f 574//574 575//575 576//576
f 577//577 578//578 579//579
f 580//580 581//581 582//582
f 583//583 584//584 585//585
f 586//586 587//587 588//588
f 589//589 590//590 591//591
f 592//592 593//593 594//594
f 595//595 596//596 597//597
f 598//598 599//599 600//600
f 601//601 602//602 603//603
f 604//604 605//605 606//606
f 607//607 608//608 609//609
f 610//610 611//611 612//612
f 613//613 614//614 615//615
f 616//616 617//617 618//618
f 619//619 620//620 621//621
f 622//622 623//623 624//624
f 625//625 626//626 627//627
f 628//628 629//629 630//630
f 631//631 632//632 633//633
f 634//634 635//635 636//636
f 637//637 638//638 639//639
f 640//640 641//641 642//642
f 643//643 644//644 645//645
f 646//646 647//647 648//648
f 649//649 650//650 651//651
f 652//652 653//653 654//654
f 655//655 656//656 657//657
f 658//658 659//659 660//660
f 661//661 662//662 663//663
f 664//664 665//665 666//666
f 667//667 668//668 669//669
f 670//670 671//671 672//672
f 673//673 674//674 675//675
f 676//676 677//677 678//678
f 679//679 680//680 681//681
f 682//682 683//683 684//684
f 685//685 686//686 687//687
f 688//688 689//689 690//690
f 691//691 692//692 693//693
f 694//694 695//695 696//696
f 697//697 698//698 699//699
f 700//700 701//701 702//702
f 703//703 704//704 705//705
f 706//706 707//707 708//708
f 709//709 710//710 711//711
f 712//712 713//713 714//714
f 715//715 716//716 717//717
f 718//718 719//719 720//720
f 721//721 722//722 723//723
f 724//724 725//725 726//726
f 727//727 728//728 729//729
f 730//730 731//731 732//732
f 733//733 734//734 735//735
f 736//736 737//737 738//738
f 739//739 740//740 741//741
f 742//742 743//743 744//744
f 745//745 746//746 747//747
f 748//748 749//749 750//750
f 751//751 752//752 753//753
f 754//754 755//755 756//756
f 757//757 758//758 759//759
f 760//760 761//761 762//762
f 763//763 764//764 765//765
f 766//766 767//767 768//768
f 769//769 770//770 771//771
f 772//772 773//773 774//774
f 775//775 776//776 777//777
f 778//778 779//779 780//780
f 781//781 782//782 783//783
f 784//784 785//785 786//786
f 787//787 788//788 789//789
f 790//790 791//791 792//792
f 793//793 794//794 795//795
f 796//796 797//797 798//798
f 799//799 800//800 801//801
f 802//802 803//803 804//804
f 805//805 806//806 807//807
f 808//808 809//809 810//810
f 811//811 812//812 813//813
f 814//814 815//815 816//816
f 817//817 818//818 819//819
f 820//820 821//821 822//822
f 823//823 824//824 825//825
f 826//826 827//827 828//828
f 829//829 830//830 831//831
f 832//832 833//833 834//834
f 835//835 836//836 837//837
f 838//838 839//839 840//840
f 841//841 842//842 843//843
f 844//844 845//845 846//846
f 847//847 848//848 849//849
f 850//850 851//851 852//852
f 853//853 854//854 855//855
f 856//856 857//857 858//858
f 859//859 860//860 861//861
f 862//862 863//863 864//864
f 865//865 866//866 867//867
f 868//868 869//869 870//870
f 871//871 872//872 873//873
f 874//874 875//875 876//876
f 877//877 878//878 879//879
f 880//880 881//881 882//882
f 883//883 884//884 885//885
f 886//886 887//887 888//888
f 889//889 890//890 891//891
f 892//892 893//893 894//894
f 895//895 896//896 897//897
f 898//898 899//899 900//900
f 901//901 902//902 903//903
f 904//904 905//905 906//906
f 907//907 908//908 909//909
f 910//910 911//911 912//912
f 913//913 914//914 915//915
f 916//916 917//917 918//918
f 919//919 920//920 921//921
f 922//922 923//923 924//924
f 925//925 926//926 927//927
f 928//928 929//929 930//930
f 931//931 932//932 933//933
f 934//934 935//935 936//936
f 937//937 938//938 939//939
f 940//940 941//941 942//942
f 943//943 944//944 945//945
f 946//946 947//947 948//948
f 949//949 950//950 951//951
f 952//952 953//953 954//954
f 955//955 956//956 957//957
f 958//958 959//959 960//960
f 961//961 962//962 963//963
f 964//964 965//965 966//966
f 967//967 968//968 969//969
f 970//970 971//971 972//972
f 973//973 974//974 975//975
f 976//976 977//977 978//978
f 979//979 980//980 981//981
f 982//982 983//983 984//984
f 985//985 986//986 987//987
f 988//988 989//989 990//990
f 991//991 992//992 993//993
f 994//994 995//995 996//996
f 997//997 998//998 999//999
f 1000//1000 1001//1001 1002//1002
f 1003//1003 1004//1004 1005//1005
f 1006//1006 1007//1007 1008//1008
f 1009//1009 1010//1010 1011//1011
f 1012//1012 1013//1013 1014//1014
f 1015//1015 1016//1016 1017//1017
f 1018//1018 1019//1019 1020//1020
f 1021//1021 1022//1022 1023//1023
f 1024//1024 1025//1025 1026//1026
f 1027//1027 1028//1028 1029//1029
f 1030//1030 1031//1031 1032//1032
f 1033//1033 1034//1034 1035//1035
f 1036//1036 1037//1037 1038//1038
f 1039//1039 1040//1040 1041//1041
f 1042//1042 1043//1043 1044//1044
f 1045//1045 1046//1046 1047//1047
f 1048//1048 1049//1049 1050//1050
f 1051//1051 1052//1052 1053//1053
f 1054//1054 1055//1055 1056//1056
f 1057//1057 1058//1058 1059//1059
f 1060//1060 1061//1061 1062//1062
f 1063//1063 1064//1064 1065//1065
f 1066//1066 1067//1067 1068//1068
f 1069//1069 1070//1070 1071//1071
f 1072//1072 1073//1073 1074//1074
f 1075//1075 1076//1076 1077//1077
f 1078//1078 1079//1079 1080//1080
f 1081//1081 1082//1082 1083//1083
f 1084//1084 1085//1085 1086//1086
f 1087//1087 1088//1088 1089//1089
f 1090//1090 1091//1091 1092//1092
f 1093//1093 1094//1094 1095//1095
f 1096//1096 1097//1097 1098//1098
f 1099//1099 1100//1100 1101//1101
f 1102//1102 1103//1103 1104//1104
f 1105//1105 1106//1106 1107//1107
f 1108//1108 1109//1109 1110//1110
f 1111//1111 1112//1112 1113//1113
f 1114//1114 1115//1115 1116//1116
f 1117//1117 1118//1118 1119//1119
f 1120//1120 1121//1121 1122//1122
f 1123//1123 1124//1124 1125//1125
f 1126//1126 1127//1127 1128//1128
f 1129//1129 1130//1130 1131//1131
f 1132//1132 1133//1133 1134//1134
f 1135//1135 1136//1136 1137//1137
f 1138//1138 1139//1139 1140//1140
f 1141//1141 1142//1142 1143//1143
f 1144//1144 1145//1145 1146//1146
f 1147//1147 1148//1148 1149//1149
f 1150//1150 1151//1151 1152//1152
f 1153//1153 1154//1154 1155//1155
f 1156//1156 1157//1157 1158//1158
f 1159//1159 1160//1160 1161//1161
f 1162//1162 1163//1163 1164//1164
f 1165//1165 1166//1166 1167//1167
f 1168//1168 1169//1169 1170//1170
f 1171//1171 1172//1172 1173//1173
f 1174//1174 1175//1175 1176//1176
f 1177//1177 1178//1178 1179//1179
f 1180//1180 1181//1181 1182//1182
f 1183//1183 1184//1184 1185//1185
f 1186//1186 1187//1187 1188//1188
f 1189//1189 1190//1190 1191//1191
f 1192//1192 1193//1193 1194//1194
f 1195//1195 1196//1196 1197//1197
f 1198//1198 1199//1199 1200//1200
f 1201//1201 1202//1202 1203//1203
f 1204//1204 1205//1205 1206//1206
f 1207//1207 1208//1208 1209//1209
f 1210//1210 1211//1211 1212//1212
f 1213//1213 1214//1214 1215//1215
f 1216//1216 1217//1217 1218//1218
f 1219//1219 1220//1220 1221//1221
f 1222//1222 1223//1223 1224//1224
f 1225//1225 1226//1226 1227//1227
f 1228//1228 1229//1229 1230//1230
f 1231//1231 1232//1232 1233//1233
f 1234//1234 1235//1235 1236//1236
f 1237//1237 1238//1238 1239//1239
f 1240//1240 1241//1241 1242//1242
f 1243//1243 1244//1244 1245//1245
f 1246//1246 1247//1247 1248//1248
f 1249//1249 1250//1250 1251//1251
f 1252//1252 1253//1253 1254//1254
f 1255//1255 1256//1256 1257//1257
f 1258//1258 1259//1259 1260//1260
f 1261//1261 1262//1262 1263//1263
f 1264//1264 1265//1265 1266//1266
f 1267//1267 1268//1268 1269//1269
f 1270//1270 1271//1271 1272//1272
f 1273//1273 1274//1274 1275//1275
f 1276//1276 1277//1277 1278//1278
f 1279//1279 1280//1280 1281//1281
f 1282//1282 1283//1283 1284//1284
f 1285//1285 1286//1286 1287//1287
f 1288//1288 1289//1289 1290//1290
f 1291//1291 1292//1292 1293//1293
f 1294//1294 1295//1295 1296//1296
f 1297//1297 1298//1298 1299//1299
f 1300//1300 1301//1301 1302//1302
f 1303//1303 1304//1304 1305//1305
f 1306//1306 1307//1307 1308//1308
f 1309//1309 1310//1310 1311//1311
f 1312//1312 1313//1313 1314//1314
f 1315//1315 1316//1316 1317//1317
f 1318//1318 1319//1319 1320//1320
f 1321//1321 1322//1322 1323//1323
f 1324//1324 1325//1325 1326//1326
f 1327//1327 1328//1328 1329//1329
f 1330//1330 1331//1331 1332//1332
f 1333//1333 1334//1334 1335//1335
f 1336//1336 1337//1337 1338//1338
f 1339//1339 1340//1340 1341//1341
f 1342//1342 1343//1343 1344//1344
f 1345//1345 1346//1346 1347//1347
f 1348//1348 1349//1349 1350//1350
f 1351//1351 1352//1352 1353//1353
f 1354//1354 1355//1355 1356//1356
f 1357//1357 1358//1358 1359//1359
f 1360//1360 1361//1361 1362//1362
f 1363//1363 1364//1364 1365//1365
f 1366//1366 1367//1367 1368//1368
f 1369//1369 1370//1370 1371//1371
f 1372//1372 1373//1373 1374//1374
f 1375//1375 1376//1376 1377//1377
f 1378//1378 1379//1379 1380//1380
f 1381//1381 1382//1382 1383//1383
f 1384//1384 1385//1385 1386//1386
f 1387//1387 1388//1388 1389//1389
f 1390//1390 1391//1391 1392//1392
f 1393//1393 1394//1394 1395//1395
f 1396//1396 1397//1397 1398//1398
f 1399//1399 1400//1400 1401//1401
f 1402//1402 1403//1403 1404//1404
f 1405//1405 1406//1406 1407//1407
f 1408//1408 1409//1409 1410//1410
f 1411//1411 1412//1412 1413//1413
f 1414//1414 1415//1415 1416//1416
f 1417//1417 1418//1418 1419//1419
f 1420//1420 1421//1421 1422//1422
f 1423//1423 1424//1424 1425//1425
f 1426//1426 1427//1427 1428//1428
f 1429//1429 1430//1430 1431//1431
f 1432//1432 1433//1433 1434//1434
f 1435//1435 1436//1436 1437//1437
f 1438//1438 1439//1439 1440//1440
f 1441//1441 1442//1442 1443//1443
f 1444//1444 1445//1445 1446//1446
f 1447//1447 1448//1448 1449//1449
f 1450//1450 1451//1451 1452//1452
f 1453//1453 1454//1454 1455//1455
f 1456//1456 1457//1457 1458//1458
f 1459//1459 1460//1460 1461//1461
f 1462//1462 1463//1463 1464//1464
f 1465//1465 1466//1466 1467//1467
f 1468//1468 1469//1469 1470//1470
f 1471//1471 1472//1472 1473//1473
f 1474//1474 1475//1475 1476//1476
f 1477//1477 1478//1478 1479//1479
f 1480//1480 1481//1481 1482//1482
f 1483//1483 1484//1484 1485//1485
f 1486//1486 1487//1487 1488//1488
f 1489//1489 1490//1490 1491//1491
f 1492//1492 1493//1493 1494//1494
f 1495//1495 1496//1496 1497//1497
f 1498//1498 1499//1499 1500//1500
f 1501//1501 1502//1502 1503//1503
f 1504//1504 1505//1505 1506//1506
f 1507//1507 1508//1508 1509//1509
f 1510//1510 1511//1511 1512//1512
f 1513//1513 1514//1514 1515//1515
f 1516//1516 1517//1517 1518//1518
f 1519//1519 1520//1520 1521//1521
f 1522//1522 1523//1523 1524//1524
f 1525//1525 1526//1526 1527//1527
f 1528//1528 1529//1529 1530//1530
f 1531//1531 1532//1532 1533//1533
f 1534//1534 1535//1535 1536//1536
f 1537//1537 1538//1538 1539//1539
f 1540//1540 1541//1541 1542//1542
f 1543//1543 1544//1544 1545//1545
f 1546//1546 1547//1547 1548//1548
f 1549//1549 1550//1550 1551//1551
f 1552//1552 1553//1553 1554//1554
f 1555//1555 1556//1556 1557//1557
f 1558//1558 1559//1559 1560//1560
f 1561//1561 1562//1562 1563//1563
f 1564//1564 1565//1565 1566//1566
f 1567//1567 1568//1568 1569//1569
f 1570//1570 1571//1571 1572//1572
f 1573//1573 1574//1574 1575//1575
f 1576//1576 1577//1577 1578//1578
f 1579//1579 1580//1580 1581//1581
f 1582//1582 1583//1583 1584//1584
f 1585//1585 1586//1586 1587//1587
f 1588//1588 1589//1589 1590//1590
f 1591//1591 1592//1592 1593//1593
f 1594//1594 1595//1595 1596//1596
f 1597//1597 1598//1598 1599//1599
f 1600//1600 1601//1601 1602//1602
f 1603//1603 1604//1604 1605//1605
f 1606//1606 1607//1607 1608//1608
f 1609//1609 1610//1610 1611//1611
f 1612//1612 1613//1613 1614//1614
f 1615//1615 1616//1616 1617//1617
f 1618//1618 1619//1619 1620//1620
f 1621//1621 1622//1622 1623//1623
f 1624//1624 1625//1625 1626//1626
f 1627//1627 1628//1628 1629//1629
f 1630//1630 1631//1631 1632//1632
f 1633//1633 1634//1634 1635//1635
f 1636//1636 1637//1637 1638//1638
f 1639//1639 1640//1640 1641//1641
f 1642//1642 1643//1643 1644//1644
f 1645//1645 1646//1646 1647//1647
f 1648//1648 1649//1649 1650//1650
f 1651//1651 1652//1652 1653//1653
f 1654//1654 1655//1655 1656//1656
f 1657//1657 1658//1658 1659//1659
f 1660//1660 1661//1661 1662//1662
f 1663//1663 1664//1664 1665//1665
f 1666//1666 1667//1667 1668//1668
f 1669//1669 1670//1670 1671//1671
f 1672//1672 1673//1673 1674//1674
f 1675//1675 1676//1676 1677//1677
f 1678//1678 1679//1679 1680//1680
f 1681//1681 1682//1682 1683//1683
f 1684//1684 1685//1685 1686//1686
f 1687//1687 1688//1688 1689//1689
f 1690//1690 1691//1691 1692//1692
f 1693//1693 1694//1694 1695//1695
f 1696//1696 1697//1697 1698//1698
f 1699//1699 1700//1700 1701//1701
f 1702//1702 1703//1703 1704//1704
f 1705//1705 1706//1706 1707//1707
f 1708//1708 1709//1709 1710//1710
f 1711//1711 1712//1712 1713//1713
f 1714//1714 1715//1715 1716//1716
f 1717//1717 1718//1718 1719//1719
f 1720//1720 1721//1721 1722//1722
f 1723//1723 1724//1724 1725//1725
f 1726//1726 1727//1727 1728//1728
f 1729//1729 1730//1730 1731//1731
f 1732//1732 1733//1733 1734//1734
f 1735//1735 1736//1736 1737//1737
f 1738//1738 1739//1739 1740//1740
f 1741//1741 1742//1742 1743//1743
f 1744//1744 1745//1745 1746//1746
f 1747//1747 1748//1748 1749//1749
f 1750//1750 1751//1751 1752//1752
f 1753//1753 1754//1754 1755//1755
f 1756//1756 1757//1757 1758//1758
f 1759//1759 1760//1760 1761//1761
f 1762//1762 1763//1763 1764//1764
f 1765//1765 1766//1766 1767//1767
f 1768//1768 1769//1769 1770//1770
f 1771//1771 1772//1772 1773//1773
f 1774//1774 1775//1775 1776//1776
f 1777//1777 1778//1778 1779//1779
f 1780//1780 1781//1781 1782//1782
f 1783//1783 1784//1784 1785//1785
f 1786//1786 1787//1787 1788//1788
f 1789//1789 1790//1790 1791//1791
f 1792//1792 1793//1793 1794//1794
f 1795//1795 1796//1796 1797//1797
f 1798//1798 1799//1799 1800//1800
f 1801//1801 1802//1802 1803//1803
f 1804//1804 1805//1805 1806//1806
f 1807//1807 1808//1808 1809//1809
f 1810//1810 1811//1811 1812//1812
f 1813//1813 1814//1814 1815//1815
f 1816//1816 1817//1817 1818//1818
f 1819//1819 1820//1820 1821//1821
f 1822//1822 1823//1823 1824//1824
f 1825//1825 1826//1826 1827//1827
f 1828//1828 1829//1829 1830//1830
f 1831//1831 1832//1832 1833//1833
f 1834//1834 1835//1835 1836//1836
f 1837//1837 1838//1838 1839//1839
f 1840//1840 1841//1841 1842//1842
f 1843//1843 1844//1844 1845//1845
f 1846//1846 1847//1847 1848//1848
f 1849//1849 1850//1850 1851//1851
f 1852//1852 1853//1853 1854//1854
f 1855//1855 1856//1856 1857//1857
f 1858//1858 1859//1859 1860//1860
f 1861//1861 1862//1862 1863//1863
f 1864//1864 1865//1865 1866//1866
f 1867//1867 1868//1868 1869//1869
f 1870//1870 1871//1871 1872//1872
f 1873//1873 1874//1874 1875//1875
f 1876//1876 1877//1877 1878//1878
f 1879//1879 1880//1880 1881//1881
f 1882//1882 1883//1883 1884//1884
f 1885//1885 1886//1886 1887//1887
f 1888//1888 1889//1889 1890//1890
f 1891//1891 1892//1892 1893//1893
f 1894//1894 1895//1895 1896//1896
f 1897//1897 1898//1898 1899//1899
f 1900//1900 1901//1901 1902//1902
f 1903//1903 1904//1904 1905//1905
f 1906//1906 1907//1907 1908//1908
f 1909//1909 1910//1910 1911//1911
f 1912//1912 1913//1913 1914//1914
f 1915//1915 1916//1916 1917//1917
f 1918//1918 1919//1919 1920//1920
f 1921//1921 1922//1922 1923//1923
f 1924//1924 1925//1925 1926//1926
f 1927//1927 1928//1928 1929//1929
f 1930//1930 1931//1931 1932//1932
f 1933//1933 1934//1934 1935//1935
f 1936//1936 1937//1937 1938//1938
f 1939//1939 1940//1940 1941//1941
f 1942//1942 1943//1943 1944//1944
f 1945//1945 1946//1946 1947//1947
f 1948//1948 1949//1949 1950//1950
f 1951//1951 1952//1952 1953//1953
f 1954//1954 1955//1955 1956//1956
f 1957//1957 1958//1958 1959//1959
f 1960//1960 1961//1961 1962//1962
f 1963//1963 1964//1964 1965//1965
f 1966//1966 1967//1967 1968//1968
f 1969//1969 1970//1970 1971//1971
f 1972//1972 1973//1973 1974//1974
f 1975//1975 1976//1976 1977//1977
f 1978//1978 1979//1979 1980//1980
f 1981//1981 1982//1982 1983//1983
f 1984//1984 1985//1985 1986//1986
f 1987//1987 1988//1988 1989//1989
f 1990//1990 1991//1991 1992//1992
f 1993//1993 1994//1994 1995//1995
f 1996//1996 1997//1997 1998//1998
f 1999//1999 2000//2000 2001//2001
f 2002//2002 2003//2003 2004//2004
f 2005//2005 2006//2006 2007//2007
f 2008//2008 2009//2009 2010//2010
f 2011//2011 2012//2012 2013//2013
f 2014//2014 2015//2015 2016//2016
f 2017//2017 2018//2018 2019//2019
f 2020//2020 2021//2021 2022//2022
f 2023//2023 2024//2024 2025//2025
f 2026//2026 2027//2027 2028//2028
f 2029//2029 2030//2030 2031//2031
f 2032//2032 2033//2033 2034//2034
f 2035//2035 2036//2036 2037//2037
f 2038//2038 2039//2039 2040//2040
f 2041//2041 2042//2042 2043//2043
f 2044//2044 2045//2045 2046//2046
f 2047//2047 2048//2048 2049//2049
f 2050//2050 2051//2051 2052//2052
f 2053//2053 2054//2054 2055//2055
f 2056//2056 2057//2057 2058//2058
f 2059//2059 2060//2060 2061//2061
f 2062//2062 2063//2063 2064//2064
f 2065//2065 2066//2066 2067//2067
f 2068//2068 2069//2069 2070//2070
f 2071//2071 2072//2072 2073//2073
f 2074//2074 2075//2075 2076//2076
f 2077//2077 2078//2078 2079//2079
f 2080//2080 2081//2081 2082//2082
f 2083//2083 2084//2084 2085//2085
f 2086//2086 2087//2087 2088//2088
f 2089//2089 2090//2090 2091//2091
f 2092//2092 2093//2093 2094//2094
f 2095//2095 2096//2096 2097//2097
f 2098//2098 2099//2099 2100//2100
f 2101//2101 2102//2102 2103//2103
f 2104//2104 2105//2105 2106//2106
f 2107//2107 2108//2108 2109//2109
f 2110//2110 2111//2111 2112//2112
f 2113//2113 2114//2114 2115//2115
f 2116//2116 2117//2117 2118//2118
f 2119//2119 2120//2120 2121//2121
f 2122//2122 2123//2123 2124//2124
f 2125//2125 2126//2126 2127//2127
f 2128//2128 2129//2129 2130//2130
f 2131//2131 2132//2132 2133//2133
f 2134//2134 2135//2135 2136//2136
f 2137//2137 2138//2138 2139//2139
f 2140//2140 2141//2141 2142//2142
f 2143//2143 2144//2144 2145//2145
f 2146//2146 2147//2147 2148//2148
f 2149//2149 2150//2150 2151//2151
f 2152//2152 2153//2153 2154//2154
f 2155//2155 2156//2156 2157//2157
f 2158//2158 2159//2159 2160//2160
f 2161//2161 2162//2162 2163//2163
f 2164//2164 2165//2165 2166//2166
f 2167//2167 2168//2168 2169//2169
f 2170//2170 2171//2171 2172//2172
f 2173//2173 2174//2174 2175//2175
f 2176//2176 2177//2177 2178//2178
f 2179//2179 2180//2180 2181//2181
f 2182//2182 2183//2183 2184//2184
f 2185//2185 2186//2186 2187//2187
f 2188//2188 2189//2189 2190//2190
f 2191//2191 2192//2192 2193//2193
f 2194//2194 2195//2195 2196//2196
f 2197//2197 2198//2198 2199//2199
f 2200//2200 2201//2201 2202//2202
f 2203//2203 2204//2204 2205//2205
f 2206//2206 2207//2207 2208//2208
f 2209//2209 2210//2210 2211//2211
f 2212//2212 2213//2213 2214//2214
f 2215//2215 2216//2216 2217//2217
f 2218//2218 2219//2219 2220//2220
f 2221//2221 2222//2222 2223//2223
f 2224//2224 2225//2225 2226//2226
f 2227//2227 2228//2228 2229//2229
f 2230//2230 2231//2231 2232//2232
f 2233//2233 2234//2234 2235//2235
f 2236//2236 2237//2237 2238//2238
f 2239//2239 2240//2240 2241//2241
f 2242//2242 2243//2243 2244//2244
f 2245//2245 2246//2246 2247//2247
f 2248//2248 2249//2249 2250//2250
f 2251//2251 2252//2252 2253//2253
f 2254//2254 2255//2255 2256//2256
f 2257//2257 2258//2258 2259//2259
f 2260//2260 2261//2261 2262//2262
f 2263//2263 2264//2264 2265//2265
f 2266//2266 2267//2267 2268//2268
f 2269//2269 2270//2270 2271//2271
f 2272//2272 2273//2273 2274//2274
f 2275//2275 2276//2276 2277//2277
f 2278//2278 2279//2279 2280//2280
f 2281//2281 2282//2282 2283//2283
f 2284//2284 2285//2285 2286//2286
f 2287//2287 2288//2288 2289//2289
f 2290//2290 2291//2291 2292//2292
f 2293//2293 2294//2294 2295//2295
f 2296//2296 2297//2297 2298//2298
f 2299//2299 2300//2300 2301//2301
f 2302//2302 2303//2303 2304//2304
f 2305//2305 2306//2306 2307//2307
f 2308//2308 2309//2309 2310//2310
f 2311//2311 2312//2312 2313//2313
f 2314//2314 2315//2315 2316//2316
f 2317//2317 2318//2318 2319//2319
f 2320//2320 2321//2321 2322//2322
f 2323//2323 2324//2324 2325//2325
f 2326//2326 2327//2327 2328//2328
f 2329//2329 2330//2330 2331//2331
f 2332//2332 2333//2333 2334//2334
f 2335//2335 2336//2336 2337//2337
f 2338//2338 2339//2339 2340//2340
f 2341//2341 2342//2342 2343//2343
f 2344//2344 2345//2345 2346//2346
f 2347//2347 2348//2348 2349//2349
f 2350//2350 2351//2351 2352//2352
f 2353//2353 2354//2354 2355//2355
f 2356//2356 2357//2357 2358//2358
f 2359//2359 2360//2360 2361//2361
f 2362//2362 2363//2363 2364//2364
f 2365//2365 2366//2366 2367//2367
f 2368//2368 2369//2369 2370//2370
f 2371//2371 2372//2372 2373//2373
f 2374//2374 2375//2375 2376//2376
f 2377//2377 2378//2378 2379//2379
f 2380//2380 2381//2381 2382//2382
f 2383//2383 2384//2384 2385//2385
f 2386//2386 2387//2387 2388//2388
f 2389//2389 2390//2390 2391//2391
f 2392//2392 2393//2393 2394//2394
f 2395//2395 2396//2396 2397//2397
f 2398//2398 2399//2399 2400//2400
f 2401//2401 2402//2402 2403//2403
f 2404//2404 2405//2405 2406//2406
f 2407//2407 2408//2408 2409//2409
f 2410//2410 2411//2411 2412//2412
f 2413//2413 2414//2414 2415//2415
f 2416//2416 2417//2417 2418//2418
f 2419//2419 2420//2420 2421//2421
f 2422//2422 2423//2423 2424//2424
f 2425//2425 2426//2426 2427//2427
f 2428//2428 2429//2429 2430//2430
f 2431//2431 2432//2432 2433//2433
f 2434//2434 2435//2435 2436//2436
f 2437//2437 2438//2438 2439//2439
f 2440//2440 2441//2441 2442//2442
f 2443//2443 2444//2444 2445//2445
f 2446//2446 2447//2447 2448//2448
f 2449//2449 2450//2450 2451//2451
f 2452//2452 2453//2453 2454//2454
f 2455//2455 2456//2456 2457//2457
f 2458//2458 2459//2459 2460//2460
f 2461//2461 2462//2462 2463//2463
f 2464//2464 2465//2465 2466//2466
f 2467//2467 2468//2468 2469//2469
f 2470//2470 2471//2471 2472//2472
f 2473//2473 2474//2474 2475//2475
f 2476//2476 2477//2477 2478//2478
f 2479//2479 2480//2480 2481//2481
f 2482//2482 2483//2483 2484//2484
f 2485//2485 2486//2486 2487//2487
f 2488//2488 2489//2489 2490//2490
f 2491//2491 2492//2492 2493//2493
f 2494//2494 2495//2495 2496//2496
f 2497//2497 2498//2498 2499//2499
f 2500//2500 2501//2501 2502//2502
f 2503//2503 2504//2504 2505//2505
f 2506//2506 2507//2507 2508//2508
f 2509//2509 2510//2510 2511//2511
f 2512//2512 2513//2513 2514//2514
f 2515//2515 2516//2516 2517//2517
f 2518//2518 2519//2519 2520//2520
f 2521//2521 2522//2522 2523//2523
f 2524//2524 2525//2525 2526//2526
f 2527//2527 2528//2528 2529//2529
f 2530//2530 2531//2531 2532//2532
f 2533//2533 2534//2534 2535//2535
f 2536//2536 2537//2537 2538//2538
f 2539//2539 2540//2540 2541//2541
f 2542//2542 2543//2543 2544//2544
f 2545//2545 2546//2546 2547//2547
f 2548//2548 2549//2549 2550//2550
f 2551//2551 2552//2552 2553//2553
f 2554//2554 2555//2555 2556//2556
f 2557//2557 2558//2558 2559//2559
f 2560//2560 2561//2561 2562//2562
f 2563//2563 2564//2564 2565//2565
f 2566//2566 2567//2567 2568//2568
f 2569//2569 2570//2570 2571//2571
f 2572//2572 2573//2573 2574//2574
f 2575//2575 2576//2576 2577//2577
f 2578//2578 2579//2579 2580//2580
f 2581//2581 2582//2582 2583//2583
f 2584//2584 2585//2585 2586//2586
f 2587//2587 2588//2588 2589//2589
f 2590//2590 2591//2591 2592//2592
f 2593//2593 2594//2594 2595//2595
f 2596//2596 2597//2597 2598//2598
f 2599//2599 2600//2600 2601//2601
f 2602//2602 2603//2603 2604//2604
f 2605//2605 2606//2606 2607//2607
f 2608//2608 2609//2609 2610//2610
f 2611//2611 2612//2612 2613//2613
f 2614//2614 2615//2615 2616//2616
f 2617//2617 2618//2618 2619//2619
f 2620//2620 2621//2621 2622//2622
f 2623//2623 2624//2624 2625//2625
f 2626//2626 2627//2627 2628//2628
f 2629//2629 2630//2630 2631//2631
f 2632//2632 2633//2633 2634//2634
f 2635//2635 2636//2636 2637//2637
f 2638//2638 2639//2639 2640//2640
f 2641//2641 2642//2642 2643//2643
f 2644//2644 2645//2645 2646//2646
f 2647//2647 2648//2648 2649//2649
f 2650//2650 2651//2651 2652//2652
f 2653//2653 2654//2654 2655//2655
f 2656//2656 2657//2657 2658//2658
f 2659//2659 2660//2660 2661//2661
f 2662//2662 2663//2663 2664//2664
f 2665//2665 2666//2666 2667//2667
f 2668//2668 2669//2669 2670//2670
f 2671//2671 2672//2672 2673//2673
f 2674//2674 2675//2675 2676//2676
f 2677//2677 2678//2678 2679//2679
f 2680//2680 2681//2681 2682//2682
f 2683//2683 2684//2684 2685//2685
f 2686//2686 2687//2687 2688//2688
f 2689//2689 2690//2690 2691//2691
f 2692//2692 2693//2693 2694//2694
f 2695//2695 2696//2696 2697//2697
f 2698//2698 2699//2699 2700//2700
f 2701//2701 2702//2702 2703//2703
f 2704//2704 2705//2705 2706//2706
f 2707//2707 2708//2708 2709//2709
f 2710//2710 2711//2711 2712//2712
f 2713//2713 2714//2714 2715//2715
f 2716//2716 2717//2717 2718//2718
f 2719//2719 2720//2720 2721//2721
f 2722//2722 2723//2723 2724//2724
f 2725//2725 2726//2726 2727//2727
f 2728//2728 2729//2729 2730//2730
f 2731//2731 2732//2732 2733//2733
f 2734//2734 2735//2735 2736//2736
f 2737//2737 2738//2738 2739//2739
f 2740//2740 2741//2741 2742//2742
f 2743//2743 2744//2744 2745//2745
f 2746//2746 2747//2747 2748//2748
f 2749//2749 2750//2750 2751//2751
f 2752//2752 2753//2753 2754//2754
f 2755//2755 2756//2756 2757//2757
f 2758//2758 2759//2759 2760//2760
f 2761//2761 2762//2762 2763//2763
f 2764//2764 2765//2765 2766//2766
f 2767//2767 2768//2768 2769//2769
f 2770//2770 2771//2771 2772//2772
f 2773//2773 2774//2774 2775//2775
f 2776//2776 2777//2777 2778//2778
f 2779//2779 2780//2780 2781//2781
f 2782//2782 2783//2783 2784//2784
f 2785//2785 2786//2786 2787//2787
f 2788//2788 2789//2789 2790//2790
f 2791//2791 2792//2792 2793//2793
f 2794//2794 2795//2795 2796//2796
f 2797//2797 2798//2798 2799//2799
f 2800//2800 2801//2801 2802//2802
f 2803//2803 2804//2804 2805//2805
f 2806//2806 2807//2807 2808//2808
f 2809//2809 2810//2810 2811//2811
f 2812//2812 2813//2813 2814//2814
f 2815//2815 2816//2816 2817//2817
f 2818//2818 2819//2819 2820//2820
f 2821//2821 2822//2822 2823//2823
f 2824//2824 2825//2825 2826//2826
f 2827//2827 2828//2828 2829//2829
f 2830//2830 2831//2831 2832//2832
f 2833//2833 2834//2834 2835//2835
f 2836//2836 2837//2837 2838//2838
f 2839//2839 2840//2840 2841//2841
f 2842//2842 2843//2843 2844//2844
f 2845//2845 2846//2846 2847//2847
f 2848//2848 2849//2849 2850//2850
f 2851//2851 2852//2852 2853//2853
f 2854//2854 2855//2855 2856//2856
f 2857//2857 2858//2858 2859//2859
f 2860//2860 2861//2861 2862//2862
f 2863//2863 2864//2864 2865//2865
f 2866//2866 2867//2867 2868//2868
f 2869//2869 2870//2870 2871//2871
f 2872//2872 2873//2873 2874//2874
f 2875//2875 2876//2876 2877//2877
f 2878//2878 2879//2879 2880//2880
f 2881//2881 2882//2882 2883//2883
f 2884//2884 2885//2885 2886//2886
f 2887//2887 2888//2888 2889//2889
f 2890//2890 2891//2891 2892//2892
f 2893//2893 2894//2894 2895//2895
f 2896//2896 2897//2897 2898//2898
f 2899//2899 2900//2900 2901//2901
f 2902//2902 2903//2903 2904//2904
